frame,time_s,live,px,py,pz,ex,ey,ez
898,29.954940,0,0.007565,0.219950,0.323603,-66.868670,103.207200,-126.520300
0,0.000000,1,-0.105129,0.192646,0.354672,-84.530650,-3.822758,-13.182870
1,0.033357,1,-0.104463,0.192442,0.353472,-85.786120,1.543974,-17.645280
2,0.066714,1,-0.103917,0.192291,0.352763,-86.553470,0.840165,-17.571210
3,0.100071,1,-0.103490,0.192195,0.352546,-88.080460,8.036474,-24.890950
4,0.133428,1,-0.103183,0.192153,0.352821,-88.827480,28.418640,-44.184840
5,0.166786,1,-0.102954,0.192161,0.353887,-88.909860,38.699400,-53.715710
6,0.200143,1,-0.102816,0.192210,0.354789,-88.426780,18.308840,-33.328440
7,0.233500,1,-0.102855,0.192307,0.355846,-87.772600,15.699470,-29.672320
8,0.266857,1,-0.103317,0.192456,0.359327,-86.117200,6.038810,-19.695950
9,0.300214,1,-0.103089,0.192448,0.356416,-85.336720,1.731181,-16.188600
10,0.333571,1,-0.102595,0.192425,0.351196,-85.651060,-1.012119,-15.460940
11,0.366928,1,-0.102178,0.192507,0.346803,-86.169910,-3.974353,-13.709670
12,0.400286,1,-0.101859,0.192718,0.343500,-86.564160,-7.248044,-11.338970
13,0.433643,1,-0.101977,0.193094,0.344400,-86.686750,-8.037307,-10.564220
14,0.467000,1,-0.102158,0.193427,0.346788,-87.666890,-4.697128,-13.149030
15,0.500357,1,-0.102005,0.193509,0.346849,-89.336230,27.678180,-44.875180
16,0.533715,1,-0.101984,0.193415,0.347896,-88.832980,129.052100,-146.457400
17,0.567072,1,-0.101740,0.193270,0.346670,-87.771800,144.914600,-161.964700
18,0.600429,1,-0.101627,0.193180,0.346086,-85.331410,155.862900,-172.039900
19,0.633787,1,-0.101798,0.193200,0.347207,-83.563900,157.667300,-173.747500
20,0.667144,1,-0.102049,0.193366,0.349908,-85.294630,152.946100,-168.340100
21,0.700501,1,-0.102580,0.193687,0.356124,-87.420670,140.025600,-153.930800
22,0.733858,1,-0.102245,0.193926,0.356850,-87.690620,132.856600,-146.959500
23,0.767216,1,-0.100989,0.193983,0.351279,-88.744790,77.415440,-93.325550
24,0.800573,1,-0.099672,0.193943,0.345434,-88.592510,46.257730,-63.554170
25,0.833930,1,-0.098887,0.193923,0.343480,-88.464530,113.218600,-130.677100
26,0.867288,1,-0.098384,0.193873,0.343070,-87.959140,130.011600,-147.899100
27,0.900645,1,-0.098383,0.193844,0.345630,-88.829970,66.980960,-84.843800
28,0.934002,1,-0.098378,0.193807,0.348843,-87.937810,126.659800,-143.361600
29,0.967359,1,-0.098121,0.193795,0.350784,-88.260010,128.015800,-144.696900
30,1.000717,1,-0.096910,0.193799,0.346855,-89.114780,68.584980,-86.380280
31,1.034074,1,-0.095458,0.193802,0.343337,-89.342380,94.872940,-113.591900
32,1.067431,1,-0.094257,0.193784,0.343343,-88.547610,136.915200,-155.487700
33,1.100789,1,-0.093413,0.193770,0.346949,-88.618290,133.866100,-151.198900
34,1.134146,1,-0.092527,0.193691,0.349917,-88.976900,47.373880,-63.954690
35,1.167503,1,-0.091866,0.193620,0.354022,-88.076640,17.606590,-33.199650
36,1.200860,1,-0.091074,0.193574,0.356735,-87.270370,12.777770,-27.716480
37,1.234218,1,-0.089853,0.193528,0.356459,-86.740320,7.126494,-21.985240
38,1.267575,1,-0.088347,0.193475,0.355889,-84.837650,-2.068527,-14.166420
39,1.300932,1,-0.086612,0.193403,0.355533,-85.499790,0.119273,-16.533510
40,1.334290,1,-0.084578,0.193381,0.354742,-87.511600,6.123931,-23.223740
41,1.367647,1,-0.082258,0.193484,0.353867,-89.049580,32.449380,-50.190200
42,1.401004,1,-0.079678,0.193598,0.351240,-88.921420,26.291510,-44.233980
43,1.434361,1,-0.077256,0.193920,0.350166,-88.708930,143.877200,-162.124500
44,1.467718,1,-0.075071,0.194423,0.350680,-88.197400,156.105300,-174.368600
45,1.501075,1,-0.073104,0.195021,0.352024,-88.803670,149.945700,-167.289400
46,1.534433,1,-0.071517,0.195661,0.355238,-88.729410,160.773900,-177.121300
47,1.567790,1,-0.069920,0.196205,0.356463,-87.314330,169.567000,174.640300
48,1.601147,1,-0.068387,0.196584,0.356695,-87.780030,173.312900,171.429100
49,1.634504,1,-0.066925,0.196763,0.356641,-86.522640,174.742300,170.112500
50,1.667862,1,-0.065337,0.196625,0.354414,-85.012300,173.576600,171.042100
51,1.701219,1,-0.063916,0.196513,0.354086,-84.399380,172.419800,172.043700
52,1.734576,1,-0.062564,0.196430,0.354214,-84.349110,172.502500,171.967800
53,1.767933,1,-0.061225,0.196457,0.354290,-85.640750,171.982500,172.161100
54,1.801290,1,-0.059984,0.196660,0.355563,-88.077260,170.650900,173.367100
55,1.834647,1,-0.058723,0.196922,0.357944,-89.503240,-8.664562,-7.101386
56,1.868005,1,-0.057335,0.197181,0.360483,-87.328010,-8.167444,-7.183503
57,1.901362,1,-0.055734,0.197373,0.362971,-86.773560,-9.236281,-6.040054
58,1.934719,1,-0.053842,0.197438,0.364741,-87.129040,-11.239730,-3.589398
59,1.968076,1,-0.051733,0.197401,0.366589,-87.608390,-15.973170,1.159062
60,2.001434,1,-0.049370,0.197274,0.368145,-88.247790,-23.773170,8.721563
61,2.034791,1,-0.046740,0.197150,0.368324,-88.682280,-38.389190,22.901120
62,2.068148,1,-0.043923,0.197030,0.367760,-88.872310,-51.573680,35.542490
63,2.101505,1,-0.040956,0.197004,0.367896,-89.038730,-88.846420,72.197950
64,2.134862,1,-0.037895,0.197236,0.368808,-88.782970,-122.745300,106.068300
65,2.168219,1,-0.034731,0.197716,0.369680,-88.259640,-138.714700,122.053700
66,2.201577,1,-0.031524,0.198467,0.369839,-87.886650,-142.055300,125.141000
67,2.234934,1,-0.028338,0.199403,0.369874,-87.643840,-144.722700,127.722700
68,2.268291,1,-0.025214,0.200443,0.370889,-87.437930,-144.704900,127.862100
69,2.301648,1,-0.022042,0.201495,0.370613,-87.310980,-145.321300,128.323200
70,2.335006,1,-0.018854,0.202420,0.369596,-87.270460,-143.535500,126.277600
71,2.368363,1,-0.015658,0.203209,0.369366,-87.450080,-137.056500,119.664100
72,2.401720,1,-0.012404,0.203889,0.369200,-87.363560,-132.348200,114.739100
73,2.435078,1,-0.009087,0.204447,0.368342,-87.504470,-126.638700,108.636000
74,2.468435,1,-0.005773,0.204896,0.366931,-87.635610,-119.611700,101.395900
75,2.501792,1,-0.002570,0.205168,0.366720,-87.661240,-118.418200,100.145100
76,2.535149,1,0.000502,0.205099,0.366184,-87.580150,-121.542400,103.437300
77,2.568507,1,0.003334,0.204731,0.366715,-87.630060,-128.890300,111.107600
78,2.601864,1,0.005924,0.204144,0.367827,-87.646320,-131.555900,114.314700
79,2.635221,1,0.008292,0.203477,0.368778,-87.464680,-137.862500,121.085400
80,2.668579,1,0.010444,0.202863,0.369618,-87.399320,-142.157000,125.849900
81,2.701936,1,0.012422,0.202458,0.370312,-87.181850,-148.957200,132.882500
82,2.735293,1,0.014375,0.202249,0.369378,-87.145190,-145.577900,129.600700
83,2.768651,1,0.016293,0.202284,0.369228,-86.748470,-150.301700,134.338200
84,2.802008,1,0.018268,0.202444,0.367824,-86.705360,-150.707700,134.863000
85,2.835365,1,0.020288,0.202723,0.366898,-86.651570,-147.632600,131.510100
86,2.868723,1,0.022490,0.203130,0.366429,-86.539760,-145.600400,129.372000
87,2.902080,1,0.024829,0.203576,0.366060,-86.821560,-142.441300,126.364400
88,2.935437,1,0.027245,0.204038,0.366979,-87.211670,-133.213100,116.990600
89,2.968795,1,0.029685,0.204461,0.367773,-86.928140,-137.273500,121.050800
90,3.002152,1,0.032156,0.204783,0.367432,-86.956450,-137.565000,121.360300
91,3.035509,1,0.034577,0.204985,0.368138,-86.829800,-142.308100,126.098100
92,3.068867,1,0.036944,0.205017,0.368385,-86.752140,-143.342300,126.975300
93,3.102224,1,0.039340,0.204928,0.368982,-86.585830,-147.687800,131.287700
94,3.135581,1,0.041729,0.204734,0.369115,-86.846360,-147.241900,130.836500
95,3.168938,1,0.044111,0.204375,0.368346,-87.225810,-143.607700,126.903400
96,3.202296,1,0.046578,0.203985,0.368634,-87.179020,-148.027700,130.994500
97,3.235653,1,0.049006,0.203573,0.367671,-87.013000,-151.276200,134.073700
98,3.269010,1,0.051499,0.203292,0.366717,-86.914150,-151.424700,133.921000
99,3.302368,1,0.054035,0.203166,0.367069,-86.625920,-155.961500,138.205700
100,3.335725,1,0.056623,0.203341,0.369269,-86.323580,-158.194000,140.719600
101,3.369083,1,0.059219,0.203815,0.372237,-86.946950,-149.865000,132.880600
102,3.402440,1,0.061588,0.204442,0.373232,-86.623520,-152.377700,135.494800
103,3.435797,1,0.063777,0.205009,0.373358,-86.322200,-152.938100,136.266800
104,3.469154,1,0.065795,0.205384,0.373729,-86.414310,-147.029200,130.307100
105,3.502512,1,0.067571,0.205465,0.372656,-86.467690,-146.720600,129.976200
106,3.535869,1,0.069252,0.205338,0.371655,-86.179450,-148.471100,131.423500
107,3.569226,1,0.070839,0.205106,0.371682,-86.555830,-144.372000,127.320900
108,3.602583,1,0.072377,0.204941,0.372379,-86.730610,-142.343200,125.422500
109,3.635941,1,0.073798,0.204921,0.372586,-86.361700,-148.340800,131.493000
110,3.669298,1,0.075115,0.205045,0.372231,-86.099300,-147.453500,130.707600
111,3.702656,1,0.076391,0.205247,0.372187,-85.902420,-146.804200,130.205900
112,3.736013,1,0.077681,0.205515,0.372695,-85.734450,-146.406100,129.894400
113,3.769370,1,0.078919,0.205780,0.372689,-85.656670,-146.842600,130.342200
114,3.802727,1,0.080197,0.206069,0.372554,-85.623240,-146.113600,129.585600
115,3.836085,1,0.081504,0.206442,0.372691,-85.298530,-151.195000,134.729800
116,3.869442,1,0.082801,0.206867,0.372567,-85.404080,-150.107000,133.475300
117,3.902799,1,0.084018,0.207312,0.372088,-85.206250,-150.681600,133.883500
118,3.936156,1,0.085201,0.207680,0.371243,-85.050910,-151.097700,134.093700
119,3.969514,1,0.086407,0.207973,0.370963,-84.968190,-151.508900,134.382800
120,4.002871,1,0.087661,0.208121,0.371456,-85.275570,-146.975700,129.704700
121,4.036229,1,0.088976,0.207999,0.372630,-85.108390,-147.516300,130.219500
122,4.069586,1,0.090306,0.207541,0.373541,-84.927000,-148.562400,131.309400
123,4.102943,1,0.091643,0.206882,0.374869,-84.701580,-150.100300,132.917200
124,4.136300,1,0.092978,0.206088,0.376746,-84.958070,-147.030500,129.854100
125,4.169657,1,0.094229,0.205294,0.377821,-84.874080,-147.540800,130.262900
126,4.203015,1,0.095422,0.204685,0.377739,-84.844220,-148.801100,131.286000
127,4.236372,1,0.096656,0.204426,0.377386,-84.876590,-148.508900,130.690400
128,4.269729,1,0.097937,0.204444,0.376595,-85.162860,-144.475700,126.473700
129,4.303087,1,0.099426,0.204624,0.376661,-85.079280,-143.338800,125.169400
130,4.336444,1,0.100990,0.204738,0.375964,-85.035750,-141.765800,123.430100
131,4.369802,1,0.102732,0.204766,0.375624,-84.738530,-143.507400,125.260000
132,4.403159,1,0.104609,0.204631,0.375613,-84.635320,-142.815200,124.539700
133,4.436516,1,0.106645,0.204396,0.376042,-84.496090,-142.639100,124.330800
134,4.469874,1,0.108747,0.204081,0.375605,-84.387310,-143.614500,125.163300
135,4.503231,1,0.111024,0.203823,0.375659,-84.066540,-147.730300,129.108500
136,4.536588,1,0.113334,0.203651,0.375038,-84.274540,-145.368000,126.507000
137,4.569946,1,0.115873,0.203657,0.375499,-84.128680,-148.489300,129.433700
138,4.603303,1,0.118452,0.203802,0.375967,-84.244800,-149.133500,129.944500
139,4.636661,1,0.120990,0.204128,0.376639,-84.156200,-150.896000,131.679100
140,4.670018,1,0.123412,0.204664,0.377272,-84.346830,-148.990700,129.695100
141,4.703375,1,0.125744,0.205386,0.378446,-84.199130,-150.180400,130.772000
142,4.736733,1,0.127808,0.206178,0.378485,-84.298380,-147.907900,128.502400
143,4.770090,1,0.129671,0.206985,0.378707,-84.236720,-147.566000,128.013400
144,4.803448,1,0.131355,0.207625,0.378874,-84.379360,-145.023100,125.348600
145,4.836805,1,0.132912,0.207949,0.378960,-84.214400,-146.442600,126.821500
146,4.870162,1,0.134182,0.207942,0.378535,-84.076770,-149.941900,130.415200
147,4.903520,1,0.135305,0.207710,0.378427,-83.953110,-152.672100,132.934700
148,4.936877,1,0.136240,0.207387,0.378473,-83.771360,-154.725300,135.031400
149,4.970235,1,0.137121,0.207111,0.378714,-83.551600,-157.024900,137.099400
150,5.003592,1,0.137977,0.206927,0.378475,-83.576320,-157.939900,137.756300
151,5.036949,1,0.139058,0.206907,0.379078,-83.593940,-157.768500,137.304600
152,5.070307,1,0.140398,0.206993,0.380195,-83.577680,-157.949800,137.578100
153,5.103664,1,0.142017,0.207200,0.381430,-83.441600,-159.039800,138.470400
154,5.137022,1,0.143645,0.207574,0.381649,-83.497100,-158.775100,138.303900
155,5.170379,1,0.145526,0.208188,0.383233,-83.262080,-159.155000,138.693500
156,5.203737,1,0.147201,0.208916,0.384394,-83.504160,-155.608200,135.133100
157,5.237094,1,0.148691,0.209671,0.385105,-83.428990,-153.929200,133.287300
158,5.270451,1,0.149908,0.210390,0.385431,-83.518250,-151.392400,130.690300
159,5.303809,1,0.150988,0.211016,0.385644,-83.412130,-149.672700,128.854500
160,5.337166,1,0.151958,0.211552,0.386013,-83.284900,-148.843300,128.064800
161,5.370524,1,0.152972,0.212061,0.386630,-83.133300,-148.963100,128.100000
162,5.403881,1,0.153872,0.212574,0.386439,-83.060300,-148.541700,127.740900
163,5.437238,1,0.154956,0.213212,0.387793,-82.916240,-147.908700,127.071300
164,5.470596,1,0.155937,0.213900,0.388839,-82.958650,-146.798600,125.872100
165,5.503953,1,0.156799,0.214612,0.389722,-83.106800,-144.685100,123.692900
166,5.537310,1,0.157586,0.215372,0.390560,-83.059330,-144.158100,123.130200
167,5.570668,1,0.158394,0.216154,0.391184,-83.070220,-143.076000,122.090800
168,5.604025,1,0.159300,0.217021,0.392264,-83.148790,-141.861300,120.878200
169,5.637383,1,0.160195,0.217956,0.392448,-83.028630,-142.002600,121.112900
170,5.670740,1,0.161269,0.219025,0.393311,-83.128660,-140.228000,119.253000
171,5.704097,1,0.162334,0.220193,0.393958,-83.155040,-140.104800,119.198300
172,5.737455,1,0.163308,0.221472,0.394201,-83.155240,-139.183700,118.089800
173,5.770812,1,0.164030,0.222769,0.393739,-82.972900,-140.629800,119.587800
174,5.804169,1,0.164534,0.223896,0.392990,-82.957170,-140.609000,119.547600
175,5.837527,1,0.164847,0.224738,0.392203,-82.860810,-140.869000,119.876000
176,5.870884,1,0.164996,0.225188,0.391044,-82.797340,-141.007900,119.885700
177,5.904241,1,0.165006,0.225253,0.389393,-82.630250,-142.470700,121.398100
178,5.937599,1,0.165176,0.225054,0.388758,-82.554100,-142.235300,121.125800
179,5.970956,1,0.165410,0.224630,0.388002,-82.473370,-141.835500,120.658400
180,6.004313,1,0.165826,0.224242,0.387488,-82.329610,-143.243300,122.002100
181,6.037671,1,0.166399,0.224015,0.387148,-82.191530,-143.272300,122.026800
182,6.071028,1,0.167148,0.224028,0.387586,-82.292140,-142.080200,120.731900
183,6.104386,1,0.167970,0.224184,0.388311,-82.331080,-142.332800,120.917500
184,6.137743,1,0.168734,0.224341,0.388954,-82.306720,-143.403700,121.853600
185,6.171100,1,0.169341,0.224483,0.389385,-82.421540,-142.169100,120.469800
186,6.204458,1,0.169740,0.224578,0.389495,-82.477700,-142.102100,120.351900
187,6.237815,1,0.170005,0.224615,0.389565,-82.472400,-142.071800,120.299300
188,6.271173,1,0.170076,0.224578,0.389138,-82.588400,-141.092000,119.302100
189,6.304530,1,0.170033,0.224477,0.388526,-82.620860,-141.068400,119.375200
190,6.337887,1,0.170021,0.224424,0.388607,-82.712210,-141.492900,119.912700
191,6.371245,1,0.169978,0.224335,0.388516,-82.835450,-141.919200,120.453000
192,6.404602,1,0.170000,0.224267,0.389031,-82.877950,-143.511700,122.239800
193,6.437960,1,0.169981,0.224220,0.389407,-82.939130,-145.345300,124.296800
194,6.471317,1,0.169815,0.224195,0.388704,-82.994450,-146.875600,126.051500
195,6.504675,1,0.169705,0.224342,0.387759,-82.818380,-149.996100,129.432700
196,6.538033,1,0.169548,0.224539,0.386558,-82.603120,-152.864500,132.570200
197,6.571390,1,0.169216,0.224685,0.385083,-82.894770,-151.361800,131.331700
198,6.604748,1,0.168832,0.224755,0.384107,-82.991110,-150.744400,130.922600
199,6.638105,1,0.168299,0.224633,0.382869,-82.969390,-149.984200,130.582000
200,6.671463,1,0.167754,0.224388,0.382173,-82.937130,-148.881800,130.021200
201,6.704820,1,0.167149,0.224023,0.381641,-83.079530,-148.627300,130.496500
202,6.738178,1,0.166429,0.223553,0.380431,-82.813750,-152.067600,135.030100
203,6.771535,1,0.165620,0.223076,0.378159,-82.318100,-156.107300,140.308800
204,6.804893,1,0.165015,0.222788,0.376870,-81.746640,-161.103100,146.414900
205,6.838251,1,0.164525,0.222697,0.375801,-81.281500,-164.548800,151.068500
206,6.871608,1,0.164135,0.222708,0.375081,-80.689560,-167.092000,154.700100
207,6.904966,1,0.163795,0.222786,0.374983,-80.263830,-168.978300,157.758700
208,6.938323,1,0.163519,0.222911,0.375026,-80.485410,-170.342300,159.817400
209,6.971681,1,0.163366,0.223101,0.375542,-80.936290,-171.488000,161.940100
210,7.005039,1,0.163142,0.223187,0.375380,-81.576790,-172.835500,164.316000
211,7.038396,1,0.162739,0.223095,0.373744,-82.216870,-174.208500,166.614200
212,7.071754,1,0.162787,0.223211,0.374302,-82.633160,-175.883100,168.761600
213,7.105111,1,0.163159,0.223455,0.376114,-83.282740,-177.515800,171.631200
214,7.138469,1,0.163445,0.223712,0.377385,-83.933300,-179.434400,174.488900
215,7.171826,1,0.163831,0.224171,0.379657,-83.644310,179.618200,175.855600
216,7.205184,1,0.164141,0.224681,0.381427,-83.928210,177.394300,178.774300
217,7.238542,1,0.164334,0.225173,0.382575,-84.288080,174.390000,-177.588700
218,7.271899,1,0.163948,0.225382,0.380277,-84.249770,172.223700,-175.290700
219,7.305257,1,0.163757,0.225495,0.378092,-83.499430,170.576100,-174.073800
220,7.338615,1,0.164136,0.225597,0.378170,-84.492280,167.784800,-171.302600
221,7.371972,1,0.164406,0.225529,0.378015,-84.335480,169.930700,-173.803900
222,7.405329,1,0.164529,0.225436,0.377549,-83.191360,171.311100,-175.260400
223,7.438687,1,0.164379,0.225358,0.376554,-83.159860,170.806600,-174.853900
224,7.472044,1,0.163830,0.225206,0.374675,-82.880920,170.872200,-174.824600
225,7.505401,1,0.163120,0.225157,0.373454,-81.853670,169.189200,-173.149000
226,7.538758,1,0.162473,0.225305,0.373175,-81.119710,165.915100,-168.974200
227,7.572116,1,0.162655,0.225772,0.376694,-80.805760,165.742200,-167.688300
228,7.605473,1,0.163350,0.226283,0.381813,-79.290410,168.006900,-168.706400
229,7.638830,1,0.164002,0.226720,0.386445,-78.645870,169.575500,-168.732700
230,7.672188,1,0.164660,0.227133,0.390294,-77.616650,171.723200,-169.401000
231,7.705545,1,0.165086,0.227394,0.392446,-76.976460,173.407000,-170.645700
232,7.738902,1,0.164712,0.227153,0.389696,-77.010860,172.735300,-170.036300
233,7.772260,1,0.163948,0.226676,0.384663,-77.573890,171.599900,-170.135100
234,7.805617,1,0.163348,0.226228,0.380226,-78.336110,170.480800,-169.964300
235,7.838974,1,0.162884,0.225796,0.376256,-80.299740,167.896900,-168.597300
236,7.872332,1,0.162484,0.225388,0.372274,-81.629310,165.707100,-167.488600
237,7.905689,1,0.162721,0.225282,0.371490,-82.491750,164.944900,-167.486800
238,7.939046,1,0.162913,0.225134,0.370157,-83.559360,164.077400,-166.547800
239,7.972404,1,0.163876,0.225258,0.373614,-83.142490,168.392200,-171.023400
240,8.005761,1,0.164508,0.225091,0.374887,-83.484730,172.087400,-172.797000
241,8.039118,1,0.165119,0.224667,0.375432,-83.408450,176.136900,-177.323600
242,8.072475,1,0.165757,0.224016,0.376539,-82.851730,-179.410000,179.411100
243,8.105833,1,0.166529,0.223241,0.378348,-82.223630,-176.808400,178.628100
244,8.139190,1,0.167052,0.222360,0.378418,-83.909160,-177.958000,179.553000
245,8.172547,1,0.167517,0.221510,0.378256,-82.133240,-179.149500,179.400800
246,8.205905,1,0.167743,0.220629,0.376501,-81.513340,-178.458000,-179.517600
247,8.239262,1,0.168492,0.220299,0.378291,-82.618770,-179.187400,179.752700
248,8.272619,1,0.169081,0.220238,0.379175,-83.071600,179.115700,179.492300
249,8.305977,1,0.169249,0.220286,0.377851,-81.758850,179.642800,179.422500
250,8.339334,1,0.169515,0.220595,0.377610,-81.800530,-179.101400,178.475800
251,8.372691,1,0.170037,0.221141,0.378675,-83.404170,178.598800,179.278700
252,8.406049,1,0.170412,0.221642,0.378117,-84.522520,176.375400,-176.798400
253,8.439406,1,0.170860,0.221983,0.377026,-84.069310,178.524800,-177.329100
254,8.472764,1,0.172033,0.222334,0.377837,-85.240320,-179.484100,-178.420400
255,8.506121,1,0.173638,0.222656,0.378876,-86.923310,-179.548100,-178.857300
256,8.539479,1,0.175434,0.222880,0.380013,-85.848600,-175.656200,177.128900
257,8.572836,1,0.176889,0.222682,0.379024,-85.407810,-173.661300,174.358700
258,8.606193,1,0.178739,0.222179,0.379987,-86.542050,-170.989300,170.881200
259,8.639551,1,0.180490,0.221348,0.381242,-85.969310,-169.930200,168.995400
260,8.672908,1,0.182461,0.220452,0.383342,-85.522360,-170.997700,170.160000
261,8.706266,1,0.184482,0.219708,0.384541,-85.774280,-171.336500,171.081400
262,8.739623,1,0.187161,0.219417,0.386488,-84.962270,-172.576000,171.270000
263,8.772980,1,0.189622,0.219285,0.385482,-84.566540,-174.391600,172.481500
264,8.806338,1,0.192190,0.219339,0.384983,-84.556430,-178.553400,176.476500
265,8.839695,1,0.195023,0.219314,0.385581,-83.674900,177.975700,-179.859300
266,8.873053,1,0.197798,0.219038,0.386895,-84.268730,175.752900,-177.273800
267,8.906410,1,0.200106,0.218490,0.387425,-84.015400,174.773200,-175.737000
268,8.939768,1,0.202066,0.217878,0.387472,-82.340530,177.631900,-177.345200
269,8.973125,1,0.203685,0.217434,0.386275,-81.440890,-178.769500,-179.805100
270,9.006482,1,0.205268,0.217353,0.384973,-80.941750,-174.876100,177.108200
271,9.039840,1,0.206673,0.217533,0.383620,-79.564990,-172.375800,175.446600
272,9.073197,1,0.208400,0.218089,0.384411,-79.393050,-170.007800,175.541700
273,9.106555,1,0.210382,0.218947,0.386287,-80.274830,-168.120400,173.596000
274,9.139912,1,0.212693,0.220039,0.389055,-81.014690,-167.415200,171.751400
275,9.173270,1,0.215303,0.221251,0.392306,-82.814830,-166.011800,170.149400
276,9.206627,1,0.217646,0.222340,0.393327,-83.409740,-164.735000,168.074800
277,9.239984,1,0.220264,0.223492,0.394773,-83.189910,-163.871600,165.292200
278,9.273342,1,0.222563,0.224478,0.394328,-84.434090,-161.120600,161.953900
279,9.306699,1,0.225139,0.225333,0.394792,-84.515620,-160.726800,161.496100
280,9.340057,1,0.227621,0.225850,0.394387,-83.649620,-161.329700,161.376000
281,9.373414,1,0.229971,0.226007,0.392755,-83.789690,-158.819800,158.938900
282,9.406771,1,0.232707,0.225958,0.391857,-84.065890,-155.320100,155.054800
283,9.440129,1,0.235944,0.225804,0.392519,-83.264070,-155.562200,155.224600
284,9.473486,1,0.238903,0.225417,0.392078,-83.669330,-150.740900,151.207900
285,9.506844,1,0.242033,0.225038,0.392891,-83.602670,-147.723900,148.310200
286,9.540201,1,0.244917,0.224519,0.393057,-83.765340,-144.326400,145.043500
287,9.573559,1,0.247810,0.223902,0.393637,-83.844410,-138.626600,139.707000
288,9.606916,1,0.250493,0.223233,0.393869,-83.828700,-132.306600,133.795900
289,9.640273,1,0.252998,0.222587,0.394014,-83.188240,-129.879200,131.629400
290,9.673631,1,0.255253,0.221957,0.393985,-82.967320,-124.681900,127.130800
291,9.706988,1,0.257520,0.221446,0.394855,-82.388260,-122.938900,125.958800
292,9.740346,1,0.259536,0.221033,0.395693,-82.328990,-119.188200,122.753500
293,9.773703,1,0.261547,0.220755,0.396758,-82.237000,-116.275900,120.266400
294,9.807061,1,0.263624,0.220574,0.397856,-82.321400,-113.393800,117.756500
295,9.840418,1,0.266260,0.220746,0.400412,-82.756100,-108.171400,112.875900
296,9.873775,1,0.269135,0.221398,0.403380,-83.498250,-100.921400,106.363900
297,9.907133,1,0.272235,0.222446,0.406688,-84.317740,-91.739270,97.735920
298,9.940490,1,0.275150,0.223560,0.409012,-84.990300,-85.900150,92.357280
299,9.973847,1,0.278029,0.224572,0.411045,-85.504130,-75.319750,81.676090
300,10.007210,1,0.280750,0.225209,0.412483,-85.928060,-70.502880,77.152600
301,10.040560,1,0.282911,0.225148,0.411811,-85.989940,-70.197700,76.320560
302,10.073920,1,0.284693,0.224388,0.409879,-85.903580,-76.817770,82.071980
303,10.107280,1,0.286682,0.223387,0.408943,-85.668500,-80.461500,85.111950
304,10.140630,1,0.288710,0.222491,0.408512,-85.398910,-84.866660,89.466130
305,10.173990,1,0.290489,0.221879,0.407530,-85.047310,-87.220700,91.248300
306,10.207350,1,0.292232,0.221597,0.406515,-84.906450,-85.614200,89.136750
307,10.240710,1,0.294291,0.221747,0.406706,-84.829830,-87.727710,91.514740
308,10.274060,1,0.296271,0.222056,0.406821,-84.805570,-87.825480,91.765590
309,10.307420,1,0.298248,0.222282,0.406708,-84.884700,-78.010150,81.876880
310,10.340780,1,0.300202,0.222207,0.406365,-84.909070,-79.359700,83.124790
311,10.374140,1,0.302265,0.221845,0.406476,-84.826770,-85.417340,89.462440
312,10.407490,1,0.304277,0.221272,0.406778,-84.737680,-87.064510,91.030020
313,10.440850,1,0.305802,0.220500,0.406102,-84.708300,-88.474720,92.190260
314,10.474210,1,0.307249,0.219677,0.405891,-84.524860,-95.551080,99.288120
315,10.507570,1,0.308472,0.218830,0.405797,-84.553120,-93.114970,96.899150
316,10.540920,1,0.309525,0.217914,0.405765,-84.589590,-89.036420,92.820470
317,10.574280,1,0.310477,0.216945,0.405874,-84.577570,-87.498050,91.256150
318,10.607640,1,0.311158,0.215871,0.405735,-84.440730,-90.051510,93.829090
319,10.641000,1,0.311699,0.214778,0.405895,-84.342310,-89.569180,93.292470
320,10.674350,1,0.312383,0.213706,0.407049,-84.192580,-91.284840,94.858850
321,10.707710,1,0.312986,0.212522,0.407991,-84.127040,-93.346390,96.879030
322,10.741070,1,0.313783,0.211180,0.408987,-84.021760,-95.062490,98.316470
323,10.774430,1,0.314799,0.209617,0.409671,-83.924280,-95.770520,98.796480
324,10.807780,1,0.316073,0.207925,0.409811,-83.753980,-97.805480,100.324700
325,10.841140,1,0.317374,0.206287,0.408842,-83.666180,-98.434790,100.466500
326,10.874500,1,0.318724,0.204921,0.407478,-83.524490,-99.616230,101.224800
327,10.907860,1,0.319940,0.203971,0.405975,-83.569310,-96.128390,97.861980
328,10.941210,1,0.320947,0.203494,0.404919,-83.623700,-94.648610,96.485250
329,10.974570,1,0.321809,0.203423,0.404757,-83.731290,-94.559410,96.732600
330,11.007930,1,0.322325,0.203695,0.404962,-83.782450,-92.626260,95.499360
331,11.041290,1,0.322530,0.204146,0.405439,-83.830940,-90.165670,93.512280
332,11.074640,1,0.322646,0.204710,0.406144,-83.632960,-94.164410,97.628760
333,11.108000,1,0.323071,0.205400,0.407076,-83.557910,-90.916280,94.340230
334,11.141360,1,0.324004,0.206111,0.407692,-83.295040,-88.881890,91.935560
335,11.174720,1,0.325757,0.206781,0.407826,-83.053520,-86.172800,87.988100
336,11.208070,1,0.328540,0.207272,0.407628,-82.819810,-84.593650,85.009130
337,11.241430,1,0.332517,0.207573,0.407785,-82.680780,-78.520510,77.669850
338,11.274790,1,0.337127,0.207694,0.407405,-82.579290,-76.655420,74.738430
339,11.308150,1,0.341995,0.207612,0.406646,-82.626460,-74.410790,71.773730
340,11.341500,1,0.346796,0.207353,0.406225,-82.774080,-77.019070,74.322590
341,11.374860,1,0.350949,0.206899,0.405820,-82.955510,-78.061340,75.658910
342,11.408220,1,0.353960,0.206327,0.405064,-83.114230,-81.501310,79.443570
343,11.441580,1,0.356083,0.205794,0.405122,-83.223690,-84.768390,83.157920
344,11.474930,1,0.357215,0.205376,0.405541,-83.281710,-84.855900,83.775020
345,11.508290,1,0.357452,0.205276,0.405898,-83.344030,-84.053950,83.322890
346,11.541650,1,0.357281,0.205601,0.406456,-83.318470,-83.719500,83.325200
347,11.575000,1,0.356761,0.206292,0.406935,-83.261360,-83.717340,83.538790
348,11.608360,1,0.356071,0.207222,0.407853,-83.138430,-80.938270,80.919130
349,11.641720,1,0.354908,0.208246,0.408499,-82.978800,-82.442350,82.458800
350,11.675080,1,0.353026,0.209237,0.408343,-82.884120,-81.594990,81.738310
351,11.708440,1,0.350813,0.209995,0.408234,-82.822900,-81.694400,81.875260
352,11.741790,1,0.348199,0.210440,0.407351,-82.777180,-81.765540,82.163100
353,11.775150,1,0.345752,0.210445,0.406583,-82.943550,-81.844620,82.373180
354,11.808510,1,0.343668,0.209821,0.405880,-83.111390,-82.932620,83.801190
355,11.841860,1,0.341922,0.208734,0.405228,-83.201980,-84.869520,86.015460
356,11.875220,1,0.340552,0.207527,0.404837,-83.289760,-86.174170,87.588800
357,11.908580,1,0.339495,0.206370,0.404552,-83.493800,-87.993350,89.502990
358,11.941940,1,0.338653,0.205337,0.404053,-83.444820,-92.029820,93.809240
359,11.975290,1,0.338128,0.204475,0.403325,-83.586920,-90.994890,92.725100
360,12.008650,1,0.337905,0.203798,0.402118,-83.761360,-91.748810,93.406780
361,12.042010,1,0.338268,0.203149,0.401494,-83.983440,-89.766430,91.198390
362,12.075370,1,0.339140,0.202212,0.401788,-84.142110,-88.820030,90.252330
363,12.108720,1,0.340013,0.200986,0.402017,-84.325170,-88.116070,89.439620
364,12.142080,1,0.340761,0.199556,0.402094,-84.463820,-87.896640,89.237380
365,12.175440,1,0.341788,0.197868,0.402826,-84.624800,-82.956850,84.250040
366,12.208800,1,0.342955,0.195948,0.403285,-84.745950,-82.938870,84.373500
367,12.242150,1,0.344300,0.193884,0.403287,-84.764820,-79.516110,80.628940
368,12.275510,1,0.345848,0.191834,0.402533,-84.828250,-75.834450,76.750790
369,12.308870,1,0.347790,0.189894,0.401842,-84.858590,-74.080050,74.616830
370,12.342230,1,0.349728,0.187962,0.400824,-84.846750,-74.032910,74.350860
371,12.375580,1,0.351465,0.186137,0.399446,-84.806270,-74.254770,74.197820
372,12.408940,1,0.353002,0.184430,0.398631,-84.920430,-73.665510,73.812620
373,12.442300,1,0.354380,0.182643,0.398948,-85.057400,-71.897940,72.200130
374,12.475660,1,0.355628,0.180468,0.400596,-85.193570,-72.110020,72.797740
375,12.509010,1,0.356683,0.177628,0.403229,-85.386030,-74.380040,75.484830
376,12.542370,1,0.357492,0.173992,0.406249,-85.576630,-76.910580,78.450590
377,12.575730,1,0.357635,0.169718,0.407844,-85.628530,-82.125270,83.757450
378,12.609090,1,0.356986,0.165287,0.406670,-85.605550,-84.319110,85.766460
379,12.642440,1,0.357129,0.160773,0.406710,-85.781340,-89.468310,90.699780
380,12.675800,1,0.358100,0.155980,0.408762,-85.991370,-96.245330,97.607950
381,12.709160,1,0.358674,0.150779,0.409814,-85.984980,-98.144600,99.829420
382,12.742510,1,0.360257,0.144816,0.414462,-85.847270,-107.272400,108.911300
383,12.775870,1,0.361193,0.138043,0.418298,-85.565580,-113.944400,116.314400
384,12.809230,1,0.361615,0.130565,0.421390,-84.896980,-120.368300,123.005900
385,12.842590,1,0.361120,0.122825,0.422019,-84.303860,-122.680900,125.149300
386,12.875940,1,0.359415,0.115587,0.418662,-83.764370,-127.817200,129.838200
387,12.909300,1,0.358238,0.108912,0.416028,-83.585320,-127.665800,129.407500
388,12.942660,1,0.356848,0.103100,0.412128,-83.356770,-128.866400,129.839600
389,12.976020,1,0.354651,0.098296,0.405260,-83.330440,-129.941700,130.486100
390,13.009370,1,0.353045,0.094534,0.399893,-83.298030,-132.353600,132.109100
391,13.042730,1,0.351216,0.091752,0.393944,-83.385150,-133.962400,133.177600
392,13.076090,1,0.350349,0.089363,0.390952,-83.486270,-135.897800,135.160000
393,13.109450,1,0.350166,0.086856,0.390755,-83.292560,-139.047500,138.184200
394,13.142800,1,0.350604,0.083685,0.393519,-83.397730,-138.401100,137.598100
395,13.176160,1,0.351067,0.079931,0.397477,-83.374150,-136.628000,136.552900
396,13.209520,1,0.351151,0.075648,0.400925,-83.049800,-137.868300,138.217200
397,13.242880,1,0.350436,0.071242,0.401871,-82.585430,-138.934600,139.574600
398,13.276230,1,0.350196,0.066927,0.403126,-82.382700,-138.625900,139.235700
399,13.309590,1,0.349554,0.063543,0.401657,-82.504810,-137.347500,137.996600
400,13.342950,1,0.348873,0.061060,0.399000,-82.312870,-139.726900,139.739700
401,13.376300,1,0.348829,0.059118,0.397746,-82.444370,-138.448000,138.138200
402,13.409660,1,0.349368,0.057507,0.398455,-82.895980,-134.994900,134.387200
403,13.443020,1,0.349389,0.056386,0.398215,-83.241620,-133.764700,133.042300
404,13.476380,1,0.349329,0.055405,0.398194,-83.443930,-134.079600,132.927400
405,13.509740,1,0.349683,0.054047,0.399644,-83.944580,-131.078100,129.862500
406,13.543090,1,0.350749,0.051894,0.403609,-84.258750,-128.943600,127.939200
407,13.576450,1,0.350273,0.049755,0.403478,-84.149440,-130.672000,129.571000
408,13.609810,1,0.349526,0.047300,0.402715,-83.883260,-131.648300,130.475600
409,13.643160,1,0.348976,0.044499,0.402392,-83.398100,-132.020800,131.094700
410,13.676520,1,0.348572,0.041677,0.402086,-82.944330,-130.287000,129.638700
411,13.709880,1,0.348358,0.039149,0.401813,-82.693610,-128.184700,127.653800
412,13.743240,1,0.348604,0.037047,0.402276,-82.757390,-124.703400,124.152500
413,13.776590,1,0.349504,0.035300,0.404399,-82.840650,-120.615600,120.367000
414,13.809950,1,0.350253,0.034126,0.406973,-83.104130,-117.627600,117.539200
415,13.843310,1,0.349691,0.034135,0.406773,-83.656460,-116.971700,116.872500
416,13.876670,1,0.348398,0.034859,0.405221,-84.369330,-119.475400,119.189600
417,13.910020,1,0.346444,0.035260,0.403087,-84.684840,-126.173200,126.034600
418,13.943380,1,0.344246,0.034965,0.401721,-85.159160,-128.629000,128.520700
419,13.976740,1,0.341672,0.034216,0.399908,-85.948140,-128.705900,128.919300
420,14.010100,1,0.340281,0.032633,0.401037,-86.389140,-128.457300,129.091900
421,14.043450,1,0.339333,0.030900,0.402262,-87.105510,-115.842400,117.298300
422,14.076810,1,0.338945,0.029482,0.403726,-87.821420,-96.565180,98.471410
423,14.110170,1,0.338543,0.028980,0.403521,-88.369000,-80.625960,82.938350
424,14.143530,1,0.338188,0.029138,0.402131,-88.593100,-68.847780,71.275690
425,14.176880,1,0.338047,0.029166,0.401212,-88.608970,-48.078540,50.643670
426,14.210240,1,0.337872,0.029198,0.400659,-88.707370,-47.794920,50.132570
427,14.243600,1,0.337640,0.029338,0.399963,-88.532860,-39.998470,42.394890
428,14.276960,1,0.338133,0.029169,0.401429,-88.323520,-33.183060,35.617960
429,14.310310,1,0.338445,0.029006,0.402704,-88.187590,-28.804030,31.224660
430,14.343670,1,0.338166,0.029127,0.401780,-88.116690,-27.266990,29.698800
431,14.377030,1,0.337978,0.029287,0.400626,-88.771550,-43.328550,45.484700
432,14.410390,1,0.337641,0.029553,0.398637,-88.985000,-51.465510,53.244940
433,14.443740,1,0.337282,0.029800,0.396723,-89.209180,-85.052630,86.503540
434,14.477100,1,0.337294,0.029814,0.396476,-89.064660,-122.115400,122.979200
435,14.510460,1,0.336982,0.029912,0.395753,-89.007510,-129.938200,130.544600
436,14.543820,1,0.337278,0.029782,0.397018,-89.074800,-132.683200,133.035600
437,14.577170,1,0.337649,0.029688,0.397765,-89.169150,-142.868000,142.682500
438,14.610530,1,0.337686,0.029890,0.396190,-88.917970,-156.212600,155.623100
439,14.643890,1,0.338098,0.030060,0.394889,-88.641400,-161.951300,161.614200
440,14.677250,1,0.338481,0.030271,0.393157,-88.080220,-167.998700,167.650900
441,14.710600,1,0.338802,0.030408,0.391847,-88.090160,-165.685100,165.588900
442,14.743960,1,0.339221,0.030354,0.391924,-87.611380,-163.782000,164.249600
443,14.777320,1,0.339170,0.030378,0.391634,-87.716840,-161.999000,162.917900
444,14.810680,1,0.339325,0.030285,0.392510,-87.786780,-161.441200,162.405100
445,14.844030,1,0.339272,0.030285,0.392431,-87.685380,-161.971400,162.883400
446,14.877390,1,0.339127,0.030335,0.392026,-87.647710,-161.917800,162.824900
447,14.910750,1,0.339065,0.030355,0.391848,-87.646740,-161.924700,162.817600
448,14.944110,1,0.339129,0.030327,0.392025,-87.644310,-161.925600,162.789800
449,14.977460,1,0.339033,0.030365,0.391752,-87.677600,-161.964100,162.830300
450,15.010820,1,0.339026,0.030371,0.391733,-87.644390,-161.943800,162.800100
451,15.044180,1,0.339053,0.030355,0.391805,-87.676510,-161.999900,162.828800
452,15.077530,1,0.338949,0.030391,0.391515,-87.629700,-161.985900,162.819700
453,15.110890,1,0.338953,0.030383,0.391526,-87.605840,-161.936100,162.769700
454,15.144250,1,0.339013,0.030360,0.391694,-87.570050,-161.899000,162.727400
455,15.177610,1,0.339142,0.030314,0.392058,-87.720820,-161.415700,162.320900
456,15.210970,1,0.339422,0.030214,0.392846,-87.725210,-161.396800,162.334400
457,15.244320,1,0.339249,0.030286,0.392364,-87.731160,-161.369900,162.324300
458,15.277680,1,0.339134,0.030332,0.392038,-87.647350,-161.910100,162.793500
459,15.311040,1,0.339224,0.030293,0.392296,-87.639330,-161.924000,162.820600
460,15.344390,1,0.339041,0.030354,0.391780,-87.593780,-161.895400,162.799000
461,15.377750,1,0.338940,0.030385,0.391490,-87.448260,-162.335300,163.127600
462,15.411110,1,0.338764,0.030451,0.390994,-87.484180,-162.383200,163.151100
463,15.444470,1,0.338800,0.030440,0.391098,-87.451630,-162.362400,163.158800
464,15.477820,1,0.338919,0.030396,0.391434,-87.442060,-162.366800,163.185900
465,15.511180,1,0.338899,0.030410,0.391380,-87.451040,-162.364300,163.148100
466,15.544540,1,0.339010,0.030369,0.391691,-87.596500,-161.938000,162.831100
467,15.577900,1,0.339085,0.030329,0.391896,-87.564300,-161.893100,162.782900
468,15.611250,1,0.339024,0.030201,0.391673,-87.714430,-161.410100,162.343900
469,15.644610,1,0.340120,0.029852,0.394466,-87.883280,-161.065400,162.150100
470,15.677970,1,0.340155,0.030239,0.394492,-88.488300,-165.129200,166.293900
471,15.711330,1,0.340126,0.030916,0.394948,-88.627460,-166.597100,167.550900
472,15.744680,1,0.339038,0.031954,0.393940,-89.233770,-170.938500,171.945100
473,15.778040,1,0.338188,0.032626,0.394698,-89.553330,-151.565300,153.141400
474,15.811400,1,0.336607,0.033145,0.393689,-89.672670,-39.328960,41.952270
475,15.844760,1,0.336023,0.032722,0.395363,-89.419240,-72.287750,75.589420
476,15.878110,1,0.335502,0.031933,0.396257,-88.598530,-18.515670,23.321120
477,15.911470,1,0.335855,0.031069,0.398208,-88.757770,-40.416360,45.892180
478,15.944830,1,0.336379,0.030564,0.399730,-88.633600,-33.700140,39.676240
479,15.978190,1,0.336934,0.030545,0.400839,-87.799640,-11.923640,18.327900
480,16.011540,1,0.337527,0.030700,0.402531,-86.986600,-3.415413,10.223490
481,16.044900,1,0.338047,0.030847,0.404046,-86.769580,-1.549387,8.454294
482,16.078260,1,0.337506,0.031213,0.402394,-86.567950,-0.228673,7.138107
483,16.111610,1,0.337259,0.031207,0.401642,-86.904240,-2.286985,8.670590
484,16.144970,1,0.335805,0.031579,0.397342,-88.340520,-22.698740,28.030370
485,16.178330,1,0.335124,0.031524,0.395268,-88.836220,-44.574130,49.430210
486,16.211690,1,0.335286,0.031061,0.395630,-88.996710,-72.014350,76.484390
487,16.245040,1,0.335428,0.030673,0.395968,-89.003070,-66.775840,71.208340
488,16.278400,1,0.336783,0.029900,0.399853,-88.868220,-43.083230,47.840620
489,16.311760,1,0.337818,0.029330,0.402748,-88.053310,-12.116380,17.360560
490,16.345120,1,0.338623,0.028943,0.404963,-87.744020,-7.167203,12.535770
491,16.378480,1,0.338926,0.028860,0.405745,-87.920780,-9.290422,14.520940
492,16.411830,1,0.338626,0.029044,0.404779,-87.935610,-8.424054,13.622820
493,16.445190,1,0.338350,0.029148,0.403850,-88.365250,-13.847750,18.562230
494,16.478550,1,0.337880,0.029235,0.402412,-89.139530,-52.494260,56.560360
495,16.511910,1,0.337446,0.029348,0.401117,-89.146320,-77.639350,81.693050
496,16.545260,1,0.337001,0.029621,0.399870,-89.128190,-92.291470,95.934380
497,16.578620,1,0.336333,0.030115,0.397956,-88.943310,-110.876600,114.250700
498,16.611980,1,0.335750,0.030628,0.396330,-88.829240,-115.860800,119.174500
499,16.645330,1,0.335892,0.030752,0.396803,-89.031280,-100.146300,103.522200
500,16.678690,1,0.335936,0.030757,0.396932,-89.129110,-88.399600,91.800710
501,16.712050,1,0.336008,0.030569,0.397119,-89.005460,-102.889800,106.330500
502,16.745410,1,0.336487,0.030088,0.398489,-89.079700,-92.119870,95.700890
503,16.778760,1,0.336932,0.029645,0.399707,-89.142400,-81.538790,85.185000
504,16.812120,1,0.336815,0.029520,0.399325,-89.036510,-102.201900,105.744300
505,16.845480,1,0.336226,0.029692,0.397590,-88.605770,-127.270200,130.284100
506,16.878840,1,0.335685,0.029906,0.396004,-88.436750,-133.797300,136.586800
507,16.912200,1,0.335388,0.030019,0.395081,-88.253230,-139.605400,142.106400
508,16.945550,1,0.335131,0.030109,0.394286,-87.992580,-146.023300,148.135700
509,16.978910,1,0.334865,0.030182,0.393479,-87.771750,-148.762600,150.712300
510,17.012270,1,0.334536,0.030299,0.392475,-87.647830,-151.776500,153.490100
511,17.045630,1,0.334612,0.030241,0.392809,-87.581310,-153.982700,155.444400
512,17.078980,1,0.334297,0.030377,0.391741,-87.750880,-152.865200,154.193600
513,17.112340,1,0.334212,0.030431,0.391125,-87.607890,-150.411300,152.499900
514,17.145700,1,0.334756,0.030245,0.392070,-87.873040,-146.005900,148.455700
515,17.179050,1,0.334973,0.030246,0.391471,-88.195500,-139.357700,141.984300
516,17.212410,1,0.335544,0.030095,0.391653,-88.284130,-134.008200,137.354400
517,17.245770,1,0.336136,0.029938,0.391799,-88.457500,-128.324400,132.321800
518,17.279130,1,0.336679,0.029772,0.392035,-89.012810,-97.074400,100.864900
519,17.312480,1,0.337046,0.029624,0.392314,-89.126630,-77.722950,81.411750
520,17.345840,1,0.337010,0.029647,0.391631,-89.081980,-63.043330,67.021260
521,17.379200,1,0.337017,0.029624,0.391511,-88.717260,-30.565900,34.406860
522,17.412560,1,0.337418,0.029426,0.392875,-88.573000,-25.033900,28.661960
523,17.445910,1,0.337154,0.029541,0.392142,-88.434360,-21.194850,24.842460
524,17.479270,1,0.337200,0.029524,0.392216,-88.633210,-21.400380,24.537190
525,17.512630,1,0.337837,0.029300,0.393411,-88.314360,-15.148580,18.195110
526,17.545990,1,0.338516,0.029066,0.394268,-88.525490,-17.378070,20.246230
527,17.579340,1,0.339274,0.028787,0.395229,-88.639240,-16.870780,19.267440
528,17.612700,1,0.339830,0.028607,0.395340,-88.839450,-22.901160,24.886730
529,17.646060,1,0.340140,0.028474,0.395028,-88.982920,-39.104200,41.807660
530,17.679420,1,0.339772,0.028592,0.392849,-89.115040,-57.434320,60.149150
531,17.712770,1,0.338241,0.029211,0.387235,-89.154000,-82.219340,84.845020
532,17.746130,1,0.337510,0.029547,0.383301,-89.026540,-99.806230,102.386600
533,17.779490,1,0.337799,0.029532,0.381168,-89.022030,-110.177700,113.156500
534,17.812850,1,0.338177,0.029546,0.378331,-89.313200,-84.033100,86.692710
535,17.846200,1,0.338698,0.029519,0.375673,-89.179730,-123.555600,126.009200
536,17.879560,1,0.338923,0.029592,0.372183,-89.140170,-116.646300,119.273700
537,17.912920,1,0.339692,0.029298,0.370766,-89.393200,-86.261460,89.122800
538,17.946280,1,0.339985,0.029162,0.368233,-89.261920,-69.482490,72.437360
539,17.979630,1,0.340120,0.029092,0.365420,-89.028030,-62.750140,66.087360
540,18.012990,1,0.340303,0.029043,0.362674,-88.206210,-24.399750,28.450950
541,18.046350,1,0.341165,0.028730,0.361536,-87.968250,-20.364140,24.555110
542,18.079700,1,0.342173,0.028428,0.360356,-87.709560,-18.307780,23.280100
543,18.113060,1,0.342730,0.028359,0.357847,-87.228950,-12.059600,17.245300
544,18.146420,1,0.342735,0.028533,0.353845,-87.275760,-11.317280,16.290760
545,18.179780,1,0.342813,0.028685,0.349999,-88.131290,-21.822140,26.196620
546,18.213130,1,0.342721,0.028929,0.345891,-88.463810,-23.796950,27.712590
547,18.246490,1,0.342850,0.029095,0.342300,-88.556260,-28.416400,31.981270
548,18.279850,1,0.342820,0.029244,0.338919,-89.019920,-48.227370,51.894130
549,18.313210,1,0.343245,0.029160,0.337133,-89.018390,-54.362920,58.248330
550,18.346560,1,0.343336,0.029135,0.335001,-89.218290,-77.320440,81.343810
551,18.379920,1,0.343150,0.029132,0.332813,-89.203790,-79.414930,83.508770
552,18.413280,1,0.342322,0.029366,0.329196,-89.171940,-85.880520,89.748750
553,18.446640,1,0.341726,0.029515,0.326111,-89.089180,-109.429900,112.671600
554,18.479990,1,0.341221,0.029597,0.323288,-89.017930,-120.058200,123.773300
555,18.513350,1,0.340731,0.029688,0.320110,-89.231470,-90.840190,94.280280
556,18.546710,1,0.340999,0.029497,0.318946,-89.135950,-93.862200,97.663760
557,18.580060,1,0.340272,0.029810,0.314712,-89.146680,-107.112700,110.638100
558,18.613420,1,0.339637,0.030033,0.310883,-89.110380,-100.313500,103.860700
559,18.646780,1,0.339573,0.029932,0.309163,-89.136240,-68.296200,71.291240
560,18.680140,1,0.339754,0.029734,0.308270,-88.904480,-50.693150,54.147340
561,18.713490,1,0.339845,0.029539,0.307277,-88.824100,-43.531180,47.237090
562,18.746850,1,0.339531,0.029480,0.305513,-89.000960,-54.502510,58.282150
563,18.780210,1,0.338679,0.029646,0.302528,-88.880590,-44.336890,48.031090
564,18.813560,1,0.337992,0.029784,0.300194,-89.018000,-57.871080,61.161510
565,18.846920,1,0.336454,0.030327,0.295499,-89.095300,-73.939540,76.888340
566,18.880280,1,0.336435,0.030214,0.294887,-89.047070,-77.467600,80.453060
567,18.913640,1,0.336814,0.029913,0.295341,-88.885200,-61.926970,65.783770
568,18.946990,1,0.337805,0.029396,0.297325,-88.919320,-62.583790,66.519890
569,18.980350,1,0.338084,0.029193,0.297181,-88.921460,-56.234320,60.380400
570,19.013710,1,0.338006,0.029167,0.296044,-89.008420,-68.082620,72.734180
571,19.047070,1,0.337487,0.029325,0.293857,-89.046780,-65.337770,69.758830
572,19.080420,1,0.336957,0.029499,0.291887,-89.018490,-74.128720,78.077220
573,19.113780,1,0.336327,0.029756,0.289677,-88.878700,-64.141040,68.326320
574,19.147140,1,0.335890,0.029949,0.287948,-88.926110,-89.134640,93.000770
575,19.180490,1,0.335358,0.030202,0.285882,-88.842860,-104.184300,107.821200
576,19.213850,1,0.335551,0.030161,0.285809,-88.813870,-104.831600,108.409700
577,19.247210,1,0.335743,0.030162,0.285456,-88.884020,-95.887750,99.376660
578,19.280570,1,0.335695,0.030290,0.284273,-88.849290,-108.340600,111.428800
579,19.313920,1,0.335802,0.030343,0.283530,-88.710980,-109.903100,113.226400
580,19.347280,1,0.336032,0.030329,0.283152,-88.786600,-86.091010,89.203680
581,19.380640,1,0.336408,0.030202,0.283009,-88.882080,-80.054290,82.454740
582,19.414000,1,0.336751,0.030042,0.282764,-88.993520,-89.118910,91.740210
583,19.447350,1,0.337290,0.029787,0.282990,-88.984490,-77.409950,80.509510
584,19.480710,1,0.337963,0.029487,0.283534,-89.081600,-61.606560,64.529210
585,19.514070,1,0.338625,0.029231,0.283989,-89.227390,-75.935200,79.031850
586,19.547420,1,0.338985,0.029140,0.283700,-89.163320,-71.802900,75.584520
587,19.580780,1,0.339292,0.029083,0.283606,-89.047690,-60.999530,64.595400
588,19.614140,1,0.339289,0.029156,0.282981,-89.040430,-60.442210,63.992760
589,19.647500,1,0.339424,0.029133,0.282965,-88.866860,-52.716400,56.646710
590,19.680850,1,0.339754,0.028996,0.283845,-88.646630,-40.087380,44.084790
591,19.714210,1,0.339943,0.028922,0.284398,-88.547870,-36.214340,40.245810
592,19.747570,1,0.339923,0.028943,0.284366,-88.534320,-35.944250,40.017800
593,19.780930,1,0.339917,0.028951,0.284369,-88.524470,-35.273940,39.357960
594,19.814280,1,0.339935,0.028955,0.284420,-88.483350,-33.723270,37.826110
595,19.847640,1,0.340023,0.028907,0.284777,-88.461490,-33.336800,37.450080
596,19.881000,1,0.340098,0.028855,0.284964,-88.385030,-31.210140,35.311810
597,19.914360,1,0.339924,0.028945,0.284152,-88.721440,-40.825810,44.462740
598,19.947710,1,0.339627,0.029117,0.282799,-89.062770,-68.026120,71.568790
599,19.981070,1,0.339230,0.029354,0.281100,-89.084260,-106.533700,109.857900
600,20.014430,1,0.338837,0.029579,0.279523,-88.809390,-133.773500,136.814000
601,20.047790,1,0.338572,0.029772,0.278360,-88.364760,-149.769500,152.476800
602,20.081140,1,0.338483,0.029894,0.277856,-88.320170,-149.966500,153.051100
603,20.114500,1,0.338572,0.029895,0.278118,-88.429790,-148.100100,151.185700
604,20.147860,1,0.338718,0.029840,0.278538,-88.496120,-145.685100,148.868900
605,20.181220,1,0.338721,0.029852,0.278415,-88.543940,-142.925000,146.278300
606,20.214570,1,0.338762,0.029810,0.278482,-88.514620,-141.152800,144.735100
607,20.247930,1,0.339002,0.029686,0.279062,-88.537790,-140.519700,143.996900
608,20.281290,1,0.338913,0.029761,0.278863,-88.661710,-135.462200,138.848400
609,20.314650,1,0.338535,0.030040,0.277845,-88.750670,-130.249700,133.294200
610,20.348000,1,0.338009,0.030408,0.276429,-88.830270,-123.380200,126.090600
611,20.381360,1,0.337964,0.030546,0.276214,-88.957440,-111.383200,113.877000
612,20.414720,1,0.338195,0.030504,0.276710,-89.101120,-88.811230,91.419550
613,20.448080,1,0.338600,0.030312,0.277669,-89.119350,-83.465690,86.157700
614,20.481430,1,0.339286,0.029918,0.279447,-89.131260,-74.199290,77.234190
615,20.514790,1,0.340115,0.029448,0.281562,-89.136960,-69.783870,73.138890
616,20.548150,1,0.340428,0.029250,0.282360,-89.142160,-71.784340,75.342070
617,20.581510,1,0.340239,0.029291,0.281897,-89.098540,-87.662450,91.175130
618,20.614860,1,0.340004,0.029389,0.281300,-89.088750,-91.374170,94.864370
619,20.648220,1,0.340113,0.029356,0.281565,-89.063800,-94.582400,98.093210
620,20.681580,1,0.339995,0.029395,0.281291,-89.053930,-99.205570,102.709700
621,20.714940,1,0.339746,0.029482,0.280727,-88.994640,-112.088000,115.574500
622,20.748290,1,0.339303,0.029630,0.279677,-88.890530,-124.716900,128.188900
623,20.781650,1,0.338678,0.029829,0.278171,-88.715930,-132.997300,136.345100
624,20.815010,1,0.338084,0.030012,0.276710,-88.427170,-140.987000,144.155900
625,20.848370,1,0.337457,0.030203,0.275145,-88.262660,-143.319700,146.329300
626,20.881720,1,0.337257,0.030252,0.274631,-88.176940,-143.841500,146.737300
627,20.915080,1,0.337349,0.030218,0.274852,-88.214340,-143.475200,146.371700
628,20.948440,1,0.337588,0.030164,0.275469,-88.245800,-144.259500,147.309800
629,20.981790,1,0.337956,0.030086,0.276442,-88.426480,-143.298400,146.541000
630,21.015150,1,0.338337,0.029996,0.277414,-88.518200,-143.723900,147.153100
631,21.048510,1,0.338693,0.029893,0.278291,-88.750000,-138.417000,141.960400
632,21.081870,1,0.339027,0.029782,0.279072,-88.891230,-130.107200,133.639900
633,21.115220,1,0.339152,0.029721,0.279327,-89.036930,-118.207400,121.697500
634,21.148580,1,0.339456,0.029574,0.280006,-89.102780,-105.178400,108.603000
635,21.181940,1,0.339824,0.029405,0.280941,-89.142520,-83.620000,86.963970
636,21.215300,1,0.340101,0.029317,0.281426,-89.096710,-64.207100,67.482370
637,21.248660,1,0.340299,0.029257,0.281687,-89.179710,-68.043420,70.755690
638,21.282010,1,0.340354,0.029239,0.281623,-89.055190,-52.037200,54.466290
639,21.315370,1,0.340231,0.029280,0.281144,-88.973120,-49.785090,51.982650
640,21.348730,1,0.340247,0.029280,0.281099,-88.856960,-44.759730,46.784650
641,21.382080,1,0.340218,0.029282,0.281087,-88.787110,-42.040400,44.116120
642,21.415440,1,0.340201,0.029270,0.281229,-88.624310,-38.448610,41.075180
643,21.448800,1,0.340134,0.029285,0.281387,-88.839510,-48.292310,51.195800
644,21.482160,1,0.339944,0.029372,0.281027,-89.000280,-55.297650,58.467270
645,21.515510,1,0.339704,0.029462,0.280557,-89.162040,-76.808020,80.184340
646,21.548870,1,0.339343,0.029594,0.279767,-89.125530,-105.270900,108.656500
647,21.582230,1,0.338994,0.029720,0.278929,-89.046470,-116.134500,119.540500
648,21.615590,1,0.339004,0.029725,0.278944,-89.004490,-119.563600,122.983100
649,21.648940,1,0.339074,0.029704,0.279104,-88.988430,-119.416900,122.833000
650,21.682300,1,0.339038,0.029724,0.278992,-88.960980,-120.266000,123.708000
651,21.715660,1,0.339147,0.029687,0.279253,-88.931270,-122.519700,126.020900
652,21.749020,1,0.339233,0.029678,0.279527,-89.053580,-115.981200,119.459300
653,21.782370,1,0.339425,0.029603,0.280203,-89.188060,-98.415070,101.599000
654,21.815730,1,0.339674,0.029490,0.281092,-89.264360,-74.431880,77.225150
655,21.849090,1,0.339876,0.029377,0.281882,-89.219950,-51.851120,54.260610
656,21.882440,1,0.340016,0.029280,0.282478,-89.039790,-33.693110,35.664410
657,21.915800,1,0.340147,0.029177,0.283006,-88.977980,-29.391070,30.999840
658,21.949160,1,0.340133,0.029133,0.283020,-88.972050,-26.935150,28.441690
659,21.982520,1,0.340200,0.029052,0.283145,-89.028270,-31.786630,33.250900
660,22.015870,1,0.339803,0.029201,0.282054,-89.140340,-39.231830,40.618680
661,22.049230,1,0.339218,0.029434,0.280544,-89.183190,-51.559030,52.689670
662,22.082590,1,0.338245,0.029855,0.278007,-89.160480,-59.371050,60.177200
663,22.115950,1,0.337238,0.030289,0.275413,-89.169950,-75.651440,76.158150
664,22.149300,1,0.336763,0.030491,0.274207,-89.135180,-71.613330,71.858090
665,22.182660,1,0.336795,0.030485,0.274340,-88.988080,-56.318270,56.452400
666,22.216020,1,0.337507,0.030184,0.276188,-88.810230,-41.843400,42.064480
667,22.249370,1,0.338333,0.029819,0.278308,-88.697430,-33.125650,33.603150
668,22.282730,1,0.339073,0.029485,0.280335,-88.392460,-25.553840,26.206820
669,22.316090,1,0.339632,0.029224,0.282075,-88.031370,-20.858580,22.267400
670,22.349450,1,0.339821,0.029106,0.282937,-87.894560,-19.800260,21.915810
671,22.382800,1,0.339869,0.029031,0.283489,-87.819300,-19.304460,22.212530
672,22.416160,1,0.339964,0.028936,0.284125,-87.684490,-19.670600,23.228820
673,22.449520,1,0.339907,0.028919,0.284270,-87.687470,-19.591840,23.870660
674,22.482880,1,0.340134,0.028774,0.284992,-87.935570,-21.982390,26.406700
675,22.516230,1,0.340079,0.028754,0.284834,-88.070140,-24.365470,28.985030
676,22.549590,1,0.340053,0.028735,0.284777,-88.213830,-27.328780,32.019810
677,22.582950,1,0.340013,0.028738,0.284699,-88.297740,-28.846360,33.591410
678,22.616300,1,0.340213,0.028634,0.285218,-88.371440,-30.063160,34.919420
679,22.649660,1,0.339810,0.028822,0.284043,-88.489370,-34.053980,38.963620
680,22.683020,1,0.339342,0.028998,0.283057,-88.828470,-45.028930,49.687390
681,22.716380,1,0.339546,0.028885,0.283947,-88.422800,-31.079020,36.142530
682,22.749730,1,0.338919,0.029157,0.282779,-87.936020,-21.421920,26.936420
683,22.783090,1,0.338008,0.029473,0.281429,-88.164790,-27.726710,32.764170
684,22.816450,1,0.336683,0.029885,0.279580,-88.084980,-27.129440,32.034260
685,22.849810,1,0.335313,0.030274,0.277608,-87.731350,-26.252280,31.569500
686,22.883160,1,0.334533,0.030344,0.277118,-88.151820,-38.680180,43.566680
687,22.916520,1,0.333064,0.030898,0.274343,-88.590930,-56.735790,61.665550
688,22.949880,1,0.332909,0.031320,0.274844,-88.529820,-24.196960,28.688230
689,22.983240,1,0.333189,0.031989,0.276039,-88.316900,5.418482,-1.161630
690,23.016590,1,0.333188,0.033292,0.276123,-88.025340,27.066710,-23.514680
691,23.049950,1,0.332549,0.034874,0.275046,-87.208230,33.253440,-29.924450
692,23.083310,1,0.331767,0.036220,0.273969,-87.306040,45.714000,-43.439450
693,23.116660,1,0.330549,0.037403,0.271930,-87.195840,43.176930,-40.435270
694,23.150020,1,0.329055,0.038310,0.269830,-87.821840,47.128560,-44.332110
695,23.183380,1,0.328290,0.038937,0.269760,-88.033910,51.252440,-48.453720
696,23.216740,1,0.327966,0.039624,0.271162,-88.080540,57.905300,-54.512830
697,23.250100,1,0.327344,0.040802,0.271867,-87.833210,52.751560,-49.012830
698,23.283450,1,0.327980,0.042148,0.275633,-88.001960,69.179180,-65.166090
699,23.316810,1,0.328028,0.044244,0.277351,-87.538750,65.478760,-60.908340
700,23.350170,1,0.329736,0.046314,0.282375,-87.550770,61.912930,-56.849410
701,23.383520,1,0.330306,0.049307,0.283299,-87.673580,57.545520,-52.381410
702,23.416880,1,0.331240,0.052774,0.283712,-86.810100,39.777840,-34.816990
703,23.450240,1,0.333918,0.056150,0.287381,-86.560650,33.581690,-28.418400
704,23.483600,1,0.336241,0.060061,0.289064,-86.293200,24.824670,-19.608850
705,23.516950,1,0.339150,0.064152,0.291175,-85.728680,20.831870,-15.419580
706,23.550310,1,0.341482,0.068585,0.291398,-85.645430,18.827150,-13.651460
707,23.583670,1,0.342114,0.073365,0.286981,-86.106720,13.405800,-8.337656
708,23.617030,1,0.342929,0.077620,0.283402,-86.211120,6.481703,-1.801347
709,23.650380,1,0.342386,0.081649,0.276885,-86.353370,1.194501,3.220285
710,23.683740,1,0.342531,0.085090,0.272363,-86.263430,-5.627923,9.606609
711,23.717100,1,0.343305,0.088023,0.269868,-86.213420,-12.117600,15.334310
712,23.750460,1,0.344720,0.090536,0.269058,-86.130240,-13.410770,16.714330
713,23.783820,1,0.346892,0.092811,0.270065,-86.043680,-15.882820,18.962120
714,23.817170,1,0.348752,0.095246,0.270291,-86.096620,-20.798000,23.347340
715,23.850530,1,0.350094,0.097795,0.269185,-86.309560,-25.517400,27.852990
716,23.883890,1,0.351852,0.100111,0.269500,-86.380490,-26.861850,29.258970
717,23.917250,1,0.353879,0.102372,0.270864,-86.575130,-32.448630,34.929220
718,23.950600,1,0.356176,0.104810,0.273254,-86.661800,-34.770800,37.538990
719,23.983960,1,0.357995,0.107511,0.274673,-86.584220,-32.271730,35.239280
720,24.017320,1,0.359524,0.110329,0.275817,-86.389050,-25.821740,28.939420
721,24.050680,1,0.360501,0.113334,0.276439,-86.402860,-24.782890,28.301900
722,24.084030,1,0.361867,0.116502,0.278792,-86.084780,-18.713550,22.459570
723,24.117390,1,0.362311,0.120077,0.279632,-85.530080,-12.399860,16.536710
724,24.150750,1,0.361800,0.123890,0.279475,-85.326310,-10.731850,14.783280
725,24.184110,1,0.360507,0.127831,0.278929,-85.639900,-13.839930,17.772350
726,24.217460,1,0.358275,0.131750,0.277385,-85.240460,-9.435706,13.432470
727,24.250820,1,0.355481,0.135552,0.274836,-85.378720,-11.440470,15.525400
728,24.284180,1,0.353436,0.139170,0.273505,-85.071010,-10.462890,14.592800
729,24.317540,1,0.352162,0.142703,0.272685,-85.042600,-8.258280,13.014970
730,24.350890,1,0.352255,0.146200,0.273578,-84.563020,-7.530063,12.859310
731,24.384250,1,0.352314,0.149849,0.273321,-84.999620,-11.646860,17.139970
732,24.417610,1,0.352620,0.153592,0.273579,-84.644550,-9.938393,15.513530
733,24.450970,1,0.352897,0.157491,0.274225,-84.929540,-12.231850,17.804110
734,24.484320,1,0.352761,0.161514,0.274664,-84.875180,-14.695240,20.216290
735,24.517680,1,0.352684,0.165628,0.275793,-85.074880,-14.215020,19.807230
736,24.551040,1,0.352674,0.169893,0.276514,-84.390520,-10.862840,16.189520
737,24.584400,1,0.352894,0.174297,0.276556,-84.331150,-9.564799,14.299890
738,24.617750,1,0.353569,0.178724,0.276411,-84.637470,-10.564870,14.869360
739,24.651110,1,0.354511,0.183134,0.275414,-84.378950,-9.748982,13.327670
740,24.684470,1,0.355148,0.187313,0.272625,-83.922680,-8.815182,11.609950
741,24.717830,1,0.356186,0.191221,0.270455,-83.829650,-10.018450,12.367280
742,24.751180,1,0.356952,0.194781,0.268231,-83.903820,-12.249100,14.690630
743,24.784540,1,0.357013,0.197883,0.265336,-83.211170,-11.207820,13.171990
744,24.817900,1,0.356634,0.200569,0.262346,-83.073720,-12.582800,14.268690
745,24.851260,1,0.356166,0.202870,0.260132,-82.998810,-14.084690,15.631040
746,24.884610,1,0.355759,0.204841,0.258872,-83.069910,-15.375950,16.625590
747,24.917970,1,0.355194,0.206400,0.257512,-82.983800,-15.556670,16.384930
748,24.951330,1,0.354267,0.207391,0.255612,-83.113320,-14.826790,15.449240
749,24.984690,1,0.354006,0.207883,0.255669,-83.303900,-14.073490,14.697560
750,25.018040,1,0.353515,0.208041,0.255373,-83.395580,-13.889390,14.333010
751,25.051400,1,0.353194,0.208109,0.255485,-83.569270,-12.917190,13.336340
752,25.084760,1,0.353428,0.208298,0.256835,-83.707200,-12.505660,13.099720
753,25.118120,1,0.353916,0.208824,0.258758,-83.696170,-13.242830,14.052260
754,25.151470,1,0.353875,0.209692,0.259841,-83.663080,-12.811390,13.672650
755,25.184830,1,0.353720,0.210849,0.261905,-84.071700,-12.636380,13.196240
756,25.218190,1,0.352888,0.212033,0.264099,-84.626530,-12.259570,12.622990
757,25.251540,1,0.350740,0.213037,0.265302,-85.272900,-11.596330,11.144750
758,25.284900,1,0.347348,0.213709,0.265895,-85.820460,-6.834850,5.854360
759,25.318260,1,0.343859,0.214140,0.268546,-86.550010,-0.537714,-0.823537
760,25.351620,1,0.338809,0.213958,0.268902,-87.177180,8.365376,-9.595498
761,25.384980,0,0.333872,0.213508,0.270113,-87.042560,16.732370,-18.120370
762,25.418330,1,0.328164,0.212847,0.268861,-87.085480,22.229390,-22.826480
763,25.451690,1,0.323267,0.212385,0.269158,-87.330270,27.942750,-28.092830
764,25.485050,1,0.318053,0.212098,0.267929,-87.049800,32.419930,-32.356770
765,25.518410,1,0.313417,0.212175,0.267767,-86.252890,31.357970,-30.927100
766,25.551760,1,0.309003,0.212434,0.267833,-86.354270,37.608040,-36.408260
767,25.585120,1,0.305236,0.212869,0.269614,-85.955000,39.830600,-38.712460
768,25.618480,1,0.301004,0.213166,0.270540,-85.956410,44.711170,-43.040730
769,25.651830,1,0.297146,0.213363,0.272272,-86.116470,51.601550,-49.230640
770,25.685190,1,0.292970,0.213401,0.273035,-86.134090,58.894150,-56.313200
771,25.718550,1,0.289172,0.213390,0.274883,-86.071500,66.297960,-63.294060
772,25.751910,1,0.285071,0.213149,0.275464,-85.914660,79.582420,-75.530810
773,25.785260,1,0.281696,0.212832,0.277772,-85.406850,81.793540,-77.508510
774,25.818620,1,0.277911,0.212317,0.278574,-85.010440,85.278530,-80.737660
775,25.851980,1,0.274175,0.211743,0.279360,-84.498550,92.251400,-87.359350
776,25.885340,1,0.270322,0.211154,0.279733,-83.897950,95.053570,-90.477230
777,25.918690,1,0.265914,0.210510,0.278880,-83.307560,94.993960,-91.189790
778,25.952050,1,0.261825,0.209921,0.280146,-82.578240,97.338620,-94.017870
779,25.985410,1,0.257738,0.209066,0.282185,-81.831860,99.250330,-95.855960
780,26.018770,1,0.253508,0.207604,0.284058,-81.225560,97.457730,-93.516910
781,26.052120,1,0.249620,0.205437,0.287061,-80.650000,94.029720,-88.935900
782,26.085480,1,0.245632,0.202601,0.288648,-80.106320,91.871990,-85.104840
783,26.118840,1,0.241754,0.199245,0.288690,-79.914820,93.149080,-85.164270
784,26.152200,1,0.238041,0.195710,0.287184,-79.630040,90.047490,-81.805820
785,26.185550,1,0.234546,0.192493,0.284292,-79.668120,93.988150,-85.547190
786,26.218910,1,0.231572,0.189873,0.281528,-79.683530,96.240870,-88.613990
787,26.252270,1,0.228978,0.187863,0.278938,-79.724830,98.340740,-91.921170
788,26.285630,1,0.226811,0.186465,0.277487,-79.678940,99.787370,-93.989750
789,26.318980,1,0.224846,0.185623,0.277144,-79.586500,105.771400,-100.355900
790,26.352340,1,0.222805,0.185232,0.277071,-79.419930,106.650800,-102.119100
791,26.385700,1,0.220702,0.185102,0.277491,-79.172710,109.240900,-104.825300
792,26.419060,1,0.218549,0.185094,0.278556,-78.910090,110.426000,-106.199200
793,26.452410,1,0.216090,0.185049,0.278896,-78.594470,111.830900,-107.966600
794,26.485770,1,0.213654,0.184816,0.279015,-78.535490,108.958300,-105.091300
795,26.519130,1,0.211537,0.184361,0.279490,-78.546220,107.335800,-103.183200
796,26.552480,1,0.209622,0.183655,0.279614,-78.499630,107.186200,-103.142000
797,26.585840,1,0.208021,0.182680,0.279829,-78.404320,108.807300,-104.819600
798,26.619200,1,0.206746,0.181355,0.281086,-78.423860,108.641600,-104.719000
799,26.652560,1,0.205478,0.179601,0.282920,-78.139010,113.190600,-109.580300
800,26.685910,1,0.203962,0.177328,0.285996,-77.781250,113.967600,-111.301600
801,26.719270,1,0.201838,0.174594,0.289699,-77.271510,112.977200,-111.277500
802,26.752630,1,0.198962,0.171711,0.292829,-76.568190,112.375700,-111.676200
803,26.785990,1,0.195503,0.169017,0.295163,-75.840090,111.103900,-111.483700
804,26.819350,1,0.191458,0.166795,0.295946,-75.277490,107.458200,-109.191000
805,26.852700,1,0.187085,0.165217,0.295682,-74.586790,106.619100,-109.546800
806,26.886060,1,0.182520,0.164280,0.294885,-74.028010,105.982000,-109.847300
807,26.919420,1,0.178062,0.163863,0.294166,-73.623010,105.015800,-109.534900
808,26.952770,1,0.173850,0.163776,0.294636,-73.346120,104.171700,-109.211400
809,26.986130,1,0.169630,0.163952,0.295244,-72.955940,104.505200,-110.023800
810,27.019490,1,0.165538,0.164408,0.296098,-72.620460,104.423500,-109.833700
811,27.052850,1,0.161912,0.165129,0.297721,-72.345330,104.151900,-109.145600
812,27.086210,1,0.158595,0.166113,0.298905,-72.136080,103.863700,-108.344600
813,27.119560,1,0.155503,0.167275,0.299501,-71.720620,104.500600,-108.683900
814,27.152920,1,0.152666,0.168436,0.299409,-71.305530,105.308600,-108.745600
815,27.186280,1,0.150287,0.169441,0.299284,-71.015860,105.893100,-108.570800
816,27.219640,1,0.148307,0.170183,0.299117,-70.827910,106.686000,-108.702600
817,27.252990,1,0.146543,0.170638,0.298536,-70.739200,106.459900,-108.199300
818,27.286350,1,0.145121,0.170828,0.298873,-70.781050,105.605300,-107.055400
819,27.319710,1,0.143851,0.170871,0.299338,-70.905260,104.369000,-105.650700
820,27.353070,1,0.142426,0.170946,0.298826,-70.967070,103.681300,-105.287200
821,27.386420,1,0.140887,0.171139,0.298703,-70.930140,103.114200,-105.412700
822,27.419780,1,0.139189,0.171414,0.298586,-70.840290,103.139500,-105.794300
823,27.453140,1,0.137305,0.171779,0.298502,-70.702470,103.422000,-106.507100
824,27.486490,1,0.135262,0.172201,0.299038,-70.603680,103.915000,-107.478000
825,27.519850,1,0.132965,0.172589,0.299272,-70.458790,104.333000,-108.074600
826,27.553210,1,0.130567,0.172885,0.299826,-70.367080,104.368800,-108.347700
827,27.586570,1,0.128157,0.173101,0.300958,-70.326040,103.473400,-107.915400
828,27.619920,1,0.125558,0.173214,0.300652,-70.299580,102.323200,-106.805900
829,27.653280,1,0.123157,0.173257,0.301138,-70.154790,102.285200,-107.071200
830,27.686640,1,0.120856,0.173299,0.301574,-70.128330,100.569200,-105.771400
831,27.720000,1,0.118594,0.173375,0.301631,-69.971280,100.866700,-106.003400
832,27.753350,1,0.116461,0.173516,0.302197,-69.871880,100.612700,-105.635000
833,27.786710,1,0.114336,0.173650,0.302397,-69.793370,100.717500,-105.886900
834,27.820070,1,0.112248,0.173709,0.302650,-69.728430,100.439200,-105.506400
835,27.853430,1,0.110259,0.173727,0.303591,-69.581020,101.932800,-106.984600
836,27.886780,1,0.108139,0.173697,0.303437,-69.590520,101.278400,-106.617500
837,27.920140,1,0.106027,0.173709,0.303906,-69.513160,101.563400,-107.258500
838,27.953500,1,0.103805,0.173860,0.304661,-69.402110,102.174700,-108.166200
839,27.986850,1,0.101451,0.174130,0.305117,-69.409220,101.307100,-107.654500
840,28.020210,1,0.099091,0.174555,0.305574,-69.414120,100.043100,-106.670000
841,28.053570,1,0.096792,0.175082,0.305840,-69.372240,99.744220,-106.574700
842,28.086930,1,0.094625,0.175656,0.305561,-69.294980,99.862880,-106.691300
843,28.120290,1,0.092701,0.176291,0.305706,-69.243000,99.190170,-106.127900
844,28.153640,1,0.090996,0.176897,0.305418,-69.176220,99.003960,-105.861300
845,28.187000,1,0.089524,0.177421,0.305491,-69.146630,99.191000,-106.106400
846,28.220360,1,0.088235,0.177830,0.306338,-69.130620,99.245010,-106.239900
847,28.253710,1,0.086895,0.178121,0.306573,-69.192410,98.585040,-105.652000
848,28.287070,1,0.085514,0.178347,0.306856,-69.164390,98.386030,-105.732200
849,28.320430,1,0.084058,0.178557,0.307118,-69.107250,98.079910,-105.722500
850,28.353790,1,0.082535,0.178731,0.307373,-68.990550,97.770710,-105.450500
851,28.387140,1,0.081065,0.178861,0.308509,-68.897160,98.042870,-105.619400
852,28.420500,1,0.079646,0.178865,0.309199,-68.791500,98.499340,-106.136600
853,28.453860,1,0.078338,0.178698,0.310065,-68.816250,98.132140,-105.658200
854,28.487220,1,0.077113,0.178390,0.310997,-68.879920,97.812730,-105.497400
855,28.520570,1,0.075861,0.178058,0.311657,-69.046780,97.534960,-105.531200
856,28.553930,1,0.074459,0.177925,0.311657,-69.263500,96.333540,-105.053900
857,28.587290,1,0.072855,0.178211,0.311693,-69.367700,96.117480,-105.751300
858,28.620650,1,0.070987,0.179013,0.312367,-69.383030,96.706140,-107.283700
859,28.654000,1,0.068837,0.180352,0.313222,-69.328860,97.618230,-108.994800
860,28.687360,1,0.066400,0.182121,0.313902,-69.199260,97.960770,-110.272000
861,28.720720,1,0.063718,0.184128,0.314439,-68.942990,99.134190,-112.201300
862,28.754070,1,0.060937,0.186140,0.315187,-68.781570,99.341210,-112.977300
863,28.787430,1,0.058128,0.188083,0.316189,-68.594470,99.799580,-113.905600
864,28.820790,1,0.055219,0.189926,0.316504,-68.450320,99.503070,-114.479500
865,28.854150,1,0.052317,0.191743,0.317392,-68.367290,99.316310,-114.742300
866,28.887500,1,0.049514,0.193575,0.318502,-68.314710,99.282810,-115.056300
867,28.920860,1,0.046832,0.195464,0.318850,-68.372670,99.741100,-115.943700
868,28.954220,1,0.044319,0.197331,0.318682,-68.426090,100.204400,-116.827200
869,28.987580,1,0.042119,0.199050,0.318154,-68.393420,100.157800,-116.631800
870,29.020930,1,0.040332,0.200500,0.317634,-68.287920,100.459700,-116.979400
871,29.054290,1,0.038964,0.201716,0.317067,-68.192630,100.094600,-116.709700
872,29.087650,0,0.037822,0.202607,0.315677,-67.929990,100.155100,-116.837700
873,29.121000,0,0.036843,0.203331,0.315845,-67.698610,99.688570,-116.487800
874,29.154360,1,0.035764,0.204033,0.316436,-67.606370,99.700840,-116.881600
875,29.187720,1,0.034172,0.204898,0.317686,-67.511380,99.766580,-117.784900
876,29.221080,1,0.032049,0.205938,0.319326,-67.424120,99.829400,-118.675200
877,29.254430,1,0.029551,0.207147,0.321063,-67.366550,99.804070,-119.473400
878,29.287790,1,0.026837,0.208510,0.322572,-67.357800,99.836270,-120.271400
879,29.321150,0,0.024130,0.209986,0.323513,-67.256780,100.449500,-121.642400
880,29.354510,0,0.021536,0.211433,0.323196,-67.187220,100.922700,-122.412900
881,29.387860,0,0.019190,0.212863,0.323526,-67.138590,101.309400,-123.103400
882,29.421220,0,0.016935,0.214277,0.323373,-67.088150,101.693900,-123.791600
883,29.454580,0,0.014380,0.215824,0.323435,-67.035930,102.076000,-124.477400
884,29.487930,0,0.011966,0.217285,0.323495,-66.981930,102.455600,-125.160900
885,29.521290,0,0.009948,0.218507,0.323544,-66.937470,102.757500,-125.705800
886,29.554650,1,0.008478,0.219397,0.323580,-66.903380,102.982800,-126.113500
887,29.588010,0,0.007606,0.219925,0.323602,-66.880310,103.132500,-126.384800
888,29.621360,0,0.007281,0.220122,0.323610,-66.868670,103.207200,-126.520300
889,29.654720,0,0.007352,0.220079,0.323608,-66.868670,103.207200,-126.520300
890,29.688080,0,0.007565,0.219950,0.323603,-66.868670,103.207200,-126.520300
891,29.721440,0,0.007565,0.219950,0.323603,-66.868670,103.207200,-126.520300
892,29.754790,0,0.007565,0.219950,0.323603,-66.868670,103.207200,-126.520300
893,29.788150,0,0.007565,0.219950,0.323603,-66.868670,103.207200,-126.520300
894,29.821510,0,0.007565,0.219950,0.323603,-66.868670,103.207200,-126.520300
895,29.854870,0,0.007565,0.219950,0.323603,-66.868670,103.207200,-126.520300
896,29.888220,0,0.007565,0.219950,0.323603,-66.868670,103.207200,-126.520300
897,29.921580,0,0.007565,0.219950,0.323603,-66.868670,103.207200,-126.520300
898,29.954940,0,0.007565,0.219950,0.323603,-66.868670,103.207200,-126.520300
