index,t_write_start_ns,t_read_complete_ns,time_ms,delivered
200,60065941583510,60065941639360,0.0558,1
201,60065974916850,60065974984471,0.0676,1
202,60066008250171,60066008305921,0.0558,1
203,60066041583501,60066041651002,0.0675,1
204,60066074916812,60066074972693,0.0559,1
205,60066108250252,60066108306953,0.0567,1
206,60066141583533,60066141639934,0.0564,1
207,60066174916853,60066174972734,0.0559,1
208,60066208250254,60066208307205,0.0570,1
209,60066241583515,60066241639285,0.0558,1
210,60066274916845,60066274973316,0.0565,1
211,60066308250216,60066308306357,0.0561,1
212,60066341583496,60066341640067,0.0566,1
213,60066374916857,60066374973158,0.0563,1
214,60066408250237,60066408306068,0.0558,1
215,60066441583528,60066441639739,0.0562,1
216,60066474916838,60066474988069,0.0712,1
217,60066508250249,60066508306990,0.0567,1
218,60066541583510,60066541639060,0.0556,1
219,60066574916850,60066574973441,0.0566,1
220,60066608250241,60066608307552,0.0573,1
221,60066641583501,60066641651012,0.0675,1
222,60066674916842,60066674973433,0.0566,1
223,60066708250172,60066708309473,0.0593,1
224,60066741583513,60066741640094,0.0566,1
225,60066774916833,60066774972964,0.0561,1
226,60066808250264,60066808306085,0.0558,1
227,60066841583495,60066841651536,0.0680,1
228,60066874916855,60066874973736,0.0569,1
229,60066908250236,60066908306187,0.0560,1
230,60066941583516,60066941652397,0.0689,1
231,60066974916817,60066974977168,0.0604,1
232,60067008250177,60067008315958,0.0658,1
233,60067041583498,60067041642989,0.0595,1
234,60067074916848,60067074973129,0.0563,1
235,60067108250249,60067108312360,0.0621,1
236,60067141583520,60067141650401,0.0669,1
237,60067174916850,60067174973591,0.0567,1
238,60067208250241,60067208316932,0.0667,1
239,60067241583501,60067241639662,0.0562,1
240,60067274916812,60067274973963,0.0572,1
241,60067308250172,60067308307893,0.0577,1
242,60067341583513,60067341644944,0.0614,1
243,60067374916843,60067374977704,0.0609,1
244,60067408250244,60067408312065,0.0618,1
245,60067441583495,60067441638945,0.0554,1
246,60067474916845,60067474973486,0.0566,1
247,60067508250236,60067508311077,0.0608,1
248,60067541583486,60067541639377,0.0559,1
249,60067574916827,60067574973218,0.0564,1
250,60067608250247,60067608307448,0.0572,1
251,60067641583498,60067641645689,0.0622,1
252,60067674916818,60067674984389,0.0676,1
253,60067708250249,60067708306580,0.0563,1
254,60067741583489,60067741639840,0.0564,1
255,60067774916820,60067774983671,0.0669,1
256,60067808250220,60067808306651,0.0564,1
257,60067841583481,60067841650432,0.0670,1
258,60067874916832,60067874972923,0.0561,1
259,60067908250232,60067908318973,0.0687,1
260,60067941583483,60067941649844,0.0664,1
261,60067974916833,60067974973634,0.0568,1
262,60068008250164,60068008319895,0.0697,1
263,60068041583494,60068041639555,0.0561,1
264,60068074916845,60068074973326,0.0565,1
265,60068108250245,60068108306756,0.0565,1
266,60068141583486,60068141639087,0.0556,1
267,60068174916836,60068174972707,0.0559,1
268,60068208250247,60068208306938,0.0567,1
269,60068241583498,60068241639528,0.0560,1
270,60068274916818,60068274973289,0.0565,1
271,60068308250219,60068308317730,0.0675,1
272,60068341583479,60068341639340,0.0559,1
273,60068374916810,60068374978561,0.0618,1
274,60068408250230,60068408306401,0.0562,1
275,60068441583481,60068441651082,0.0676,1
276,60068474916811,60068474973322,0.0565,1
277,60068508250252,60068508306493,0.0562,1
278,60068541583463,60068541639503,0.0560,1
279,60068574916833,60068574990964,0.0741,1
280,60068608250244,60068608308204,0.0580,1
281,60068641583474,60068641639385,0.0559,1
282,60068674916815,60068674972786,0.0560,1
283,60068708250225,60068708306746,0.0565,1
284,60068741583516,60068741651407,0.0679,1
285,60068774916826,60068774984487,0.0677,1
286,60068808250227,60068808307118,0.0569,1
287,60068841583487,60068841640138,0.0567,1
288,60068874916808,60068874972809,0.0560,1
289,60068908250199,60068908306809,0.0566,1
290,60068941583489,60068941646360,0.0629,1
291,60068974916810,60068974973110,0.0563,1
292,60069008250130,60069008306171,0.0560,1
293,60069041583471,60069041639691,0.0562,1
294,60069074916821,60069074983812,0.0670,1
295,60069108250212,60069108318073,0.0679,1
296,60069141583482,60069141643823,0.0603,1
297,60069174916813,60069174984294,0.0675,1
298,60069208250143,60069208313874,0.0637,1
299,60069241583464,60069241640295,0.0568,1
300,60069274916815,60069274973875,0.0571,1
301,60069308250215,60069308318336,0.0681,1
302,60069341583486,60069341639476,0.0560,1
303,60069374916806,60069374973297,0.0565,1
304,60069408250227,60069408305597,0.0554,1
305,60069441583487,60069441639288,0.0558,1
306,60069474916818,60069474973678,0.0569,1
307,60069508250228,60069508305139,0.0549,1
308,60069541583499,60069541652260,0.0688,1
309,60069574916809,60069574974300,0.0575,1
310,60069608250240,60069608310621,0.0604,1
311,60069641583490,60069641644031,0.0605,1
312,60069674916821,60069674972822,0.0560,1
313,60069708250221,60069708306622,0.0564,1
314,60069741583482,60069741650833,0.0674,1
315,60069774916802,60069774977693,0.0609,1
316,60069808250233,60069808306294,0.0561,1
317,60069841583483,60069841640404,0.0569,1
318,60069874916804,60069874973405,0.0566,1
319,60069908250214,60069908307075,0.0569,1
320,60069941583475,60069941639406,0.0559,1
321,60069974916826,60069974977457,0.0606,1
322,60070008250156,60070008305827,0.0557,1
323,60070041583457,60070041639418,0.0560,1
324,60070074916787,60070074972688,0.0559,1
325,60070108250218,60070108318079,0.0679,1
326,60070141583468,60070141639379,0.0559,1
327,60070174916809,60070174972890,0.0561,1
328,60070208250209,60070208318280,0.0681,1
329,60070241583490,60070241639921,0.0564,1
330,60070274916790,60070274973201,0.0564,1
331,60070308250201,60070308307322,0.0571,1
332,60070341583462,60070341639532,0.0561,1
333,60070374916792,60070374972713,0.0559,1
334,60070408250233,60070408313883,0.0636,1
335,60070441583453,60070441641334,0.0579,1
336,60070474916804,60070474973004,0.0562,1
337,60070508250204,60070508318435,0.0682,1
338,60070541583455,60070541644256,0.0608,1
339,60070574916775,60070574972816,0.0560,1
340,60070608250226,60070608306656,0.0564,1
341,60070641583466,60070641639727,0.0563,1
342,60070674916787,60070674973438,0.0567,1
343,60070708250227,60070708306378,0.0562,1
344,60070741583458,60070741647209,0.0638,1
345,60070774916798,60070774973099,0.0563,1
346,60070808250209,60070808317840,0.0676,1
347,60070841583469,60070841652050,0.0686,1
348,60070874916800,60070874973321,0.0565,1
349,60070908250230,60070908306341,0.0561,1
350,60070941583461,60070941640242,0.0568,1
351,60070974916781,60070974973692,0.0569,1
352,60071008250152,60071008307073,0.0569,1
353,60071041583462,60071041638533,0.0551,1
354,60071074916783,60071074977484,0.0607,1
355,60071108250194,60071108306254,0.0561,1
356,60071141584144,60071141707816,0.1237,1
357,60071174917095,60071175025696,0.1086,1
358,60071208250215,60071208308216,0.0580,1
359,60071241583466,60071241640026,0.0566,1
360,60071274916816,60071274972157,0.0553,1
361,60071308250227,60071308306537,0.0563,1
362,60071341583477,60071341640348,0.0569,1
363,60071374916798,60071374983769,0.0670,1
364,60071408250228,60071408305999,0.0558,1
365,60071441583449,60071441651980,0.0685,1
366,60071474916799,60071474985330,0.0685,1
367,60071508250200,60071508311721,0.0615,1
368,60071541583480,60071541640101,0.0566,1
369,60071574916811,60071574973292,0.0565,1
370,60071608250201,60071608306102,0.0559,1
371,60071641583462,60071641639783,0.0563,1
372,60071674916802,60071674973713,0.0569,1
373,60071708250113,60071708306004,0.0559,1
374,60071741583473,60071741639294,0.0558,1
375,60071774916804,60071774973395,0.0566,1
376,60071808250194,60071808312995,0.0628,1
377,60071841583445,60071841643046,0.0596,1
378,60071874916776,60071874972936,0.0562,1
379,60071908250196,60071908307047,0.0569,1
380,60071941583527,60071941640437,0.0569,1
381,60071974916797,60071974973688,0.0569,1
382,60072008250108,60072008306948,0.0568,1
383,60072041583458,60072041640649,0.0572,1
384,60072074916789,60072074985370,0.0686,1
385,60072108250209,60072108306810,0.0566,1
386,60072141583480,60072141640581,0.0571,1
387,60072174916810,60072174979091,0.0623,1
388,60072208250181,60072208318082,0.0679,1
389,60072241583461,60072241651102,0.0676,1
390,60072274916802,60072274976823,0.0600,1
391,60072308250172,60072308319253,0.0691,1
392,60072341583433,60072341639784,0.0564,1
393,60072374916803,60072374973504,0.0567,1
394,60072408250174,60072408310745,0.0606,1
395,60072441583434,60072441647595,0.0642,1
396,60072474916775,60072474973776,0.0570,1
397,60072508250205,60072508306776,0.0566,1
398,60072541583456,60072541639847,0.0564,1
399,60072574916766,60072574973467,0.0567,1
400,60072608250397,60072608321478,0.0711,1
401,60072641583468,60072641640028,0.0566,1
402,60072674916798,60072674978009,0.0612,1
403,60072708250189,60072708311139,0.0609,1
404,60072741583449,60072741639640,0.0562,1
405,60072774916790,60072774973210,0.0564,1
406,60072808250180,60072808310661,0.0605,1
407,60072841583431,60072841640321,0.0569,1
408,60072874916771,60072874986062,0.0693,1
409,60072908250172,60072908314463,0.0643,1
410,60072941583452,60072941645823,0.0624,1
411,60072974916773,60072974991104,0.0743,1
412,60073008250103,60073008311764,0.0617,1
413,60073041583434,60073041640334,0.0569,1
414,60073074916764,60073074977375,0.0606,1
415,60073108250175,60073108316996,0.0668,1
416,60073141583445,60073141645196,0.0618,1
417,60073174916776,60073174974356,0.0576,1
418,60073208250186,60073208307177,0.0570,1
419,60073241583437,60073241652408,0.0690,1
420,60073274916777,60073274974708,0.0579,1
421,60073308250178,60073308307089,0.0569,1
422,60073341583418,60073341645329,0.0619,1
423,60073374916839,60073374982700,0.0659,1
424,60073408250179,60073408310470,0.0603,1
425,60073441583470,60073441645821,0.0624,1
426,60073474916860,60073474973331,0.0565,1
427,60073508250181,60073508321392,0.0712,1
428,60073541583451,60073541639292,0.0558,1
429,60073574916792,60073574986063,0.0693,1
430,60073608250182,60073608316483,0.0663,1
431,60073641583493,60073641639834,0.0563,1
432,60073674916853,60073674984624,0.0678,1
433,60073708250194,60073708318605,0.0684,1
434,60073741583444,60073741640185,0.0567,1
435,60073774916825,60073774973626,0.0568,1
436,60073808250185,60073808306646,0.0565,1
437,60073841583436,60073841649337,0.0659,1
438,60073874916856,60073874985997,0.0691,1
439,60073908250177,60073908307598,0.0574,1
440,60073941583517,60073941639758,0.0562,1
441,60073974916848,60073974973729,0.0569,1
442,60074008250098,60074008306749,0.0567,1
443,60074041583489,60074041639760,0.0563,1
444,60074074916849,60074074972950,0.0561,1
445,60074108250170,60074108306541,0.0564,1
446,60074141583480,60074141640231,0.0568,1
447,60074174916851,60074174972862,0.0560,1
448,60074208250091,60074208310862,0.0608,1
449,60074241583502,60074241640573,0.0571,1
450,60074274916832,60074274973513,0.0567,1
451,60074308250183,60074308310794,0.0606,1
452,60074341583493,60074341639944,0.0565,1
453,60074374916844,60074374984305,0.0675,1
454,60074408250164,60074408305735,0.0556,1
455,60074441583435,60074441639666,0.0562,1
456,60074474916835,60074474973136,0.0563,1
457,60074508250176,60074508310317,0.0601,1
458,60074541583497,60074541639717,0.0562,1
459,60074574916837,60074574986538,0.0697,1
460,60074608250167,60074608309268,0.0591,1
461,60074641583498,60074641639569,0.0561,1
462,60074674916828,60074674973969,0.0571,1
463,60074708250159,60074708310850,0.0607,1
464,60074741583499,60074741639290,0.0558,1
465,60074774916840,60074774972601,0.0558,1
466,60074808250170,60074808318501,0.0683,1
467,60074841583491,60074841643062,0.0596,1
468,60074874916851,60074874977262,0.0604,1
469,60074908250192,60074908316663,0.0665,1
470,60074941583432,60074941643623,0.0602,1
471,60074974916773,60074974973114,0.0563,1
472,60075008250153,60075008306734,0.0566,1
473,60075041583484,60075041642445,0.0590,1
474,60075074916844,60075074973215,0.0564,1
475,60075108250175,60075108318756,0.0686,1
476,60075141583495,60075141641236,0.0577,1
477,60075174916846,60075174978907,0.0621,1
478,60075208250156,60075208312717,0.0626,1
479,60075241583497,60075241639368,0.0559,1
480,60075274916827,60075274973028,0.0562,1
481,60075308250168,60075308306699,0.0565,1
482,60075341583488,60075341639429,0.0559,1
483,60075374916839,60075374976270,0.0594,1
484,60075408250169,60075408309960,0.0598,1
485,60075441583420,60075441645041,0.0616,1
486,60075474916840,60075474973421,0.0566,1
487,60075508250171,60075508317842,0.0677,1
488,60075541583491,60075541639752,0.0563,1
489,60075574916832,60075574973053,0.0562,1
490,60075608250142,60075608307053,0.0569,1
491,60075641583493,60075641654104,0.0706,1
492,60075674916913,60075674977304,0.0604,1
493,60075708250164,60075708317625,0.0675,1
494,60075741583424,60075741639835,0.0564,1
495,60075774916835,60075774972956,0.0561,1
496,60075808250155,60075808306286,0.0561,1
497,60075841583506,60075841644577,0.0611,1
498,60075874916846,60075874973617,0.0568,1
499,60075908250167,60075908306868,0.0567,1
500,60075941583417,60075941639908,0.0565,1
501,60075974916828,60075974984779,0.0680,1
502,60076008250148,60076008315169,0.0650,1
503,60076041583479,60076041640339,0.0569,1
504,60076074916829,60076074972600,0.0558,1
505,60076108250160,60076108307050,0.0569,1
506,60076141583460,60076141645611,0.0622,1
507,60076174916811,60076174973842,0.0570,1
508,60076208250161,60076208315752,0.0656,1
509,60076241583492,60076241639293,0.0558,1
510,60076274916812,60076274972723,0.0559,1
511,60076308250153,60076308316313,0.0662,1
512,60076341583483,60076341639814,0.0563,1
513,60076374916844,60076374973984,0.0571,1
514,60076408250154,60076408315725,0.0656,1
515,60076441583415,60076441640145,0.0567,1
516,60076474916825,60076474973436,0.0566,1
517,60076508250146,60076508318037,0.0679,1
518,60076541583486,60076541640357,0.0569,1
519,60076574916747,60076574974108,0.0574,1
520,60076608250147,60076608317178,0.0670,1
521,60076641583468,60076641645438,0.0620,1
522,60076674916818,60076674973479,0.0567,1
523,60076708250079,60076708305989,0.0559,1
524,60076741583479,60076741647900,0.0644,1
525,60076774916820,60076774973620,0.0568,1
526,60076808250150,60076808316841,0.0667,1
527,60076841583460,60076841652681,0.0692,1
528,60076874916801,60076874983592,0.0668,1
529,60076908250161,60076908318962,0.0688,1
530,60076941583412,60076941640883,0.0575,1
531,60076974916792,60076974977853,0.0611,1
532,60077008250143,60077008319174,0.0690,1
533,60077041583494,60077041640114,0.0566,1
534,60077074916744,60077074972545,0.0558,1
535,60077108250114,60077108319455,0.0693,1
536,60077141583465,60077141644526,0.0611,1
537,60077174916825,60077174973666,0.0568,1
538,60077208250156,60077208306947,0.0568,1
539,60077241583456,60077241655097,0.0716,1
540,60077274916747,60077274985428,0.0687,1
541,60077308250147,60077308307298,0.0572,1
542,60077341583458,60077341640068,0.0566,1
543,60077374916808,60077374984769,0.0680,1
544,60077408250149,60077408306390,0.0562,1
545,60077441583409,60077441647900,0.0645,1
546,60077474916790,60077474973021,0.0562,1
547,60077508250130,60077508306151,0.0560,1
548,60077541583471,60077541652372,0.0689,1
549,60077574916801,60077574976892,0.0601,1
550,60077608250132,60077608306882,0.0568,1
551,60077641583462,60077641644603,0.0611,1
552,60077674916803,60077674973133,0.0563,1
553,60077708250123,60077708306424,0.0563,1
554,60077741583414,60077741640454,0.0570,1
555,60077774916784,60077774973655,0.0569,1
556,60077808250154,60077808306805,0.0567,1
557,60077841583455,60077841645706,0.0623,1
558,60077874916815,60077874973306,0.0565,1
559,60077908250136,60077908306217,0.0561,1
560,60077941583406,60077941639887,0.0565,1
561,60077974916807,60077974972948,0.0561,1
562,60078008250137,60078008306688,0.0566,1
563,60078041583458,60078041652099,0.0686,1
564,60078074916798,60078074976729,0.0599,1
565,60078108250139,60078108306790,0.0567,1
566,60078141583469,60078141646340,0.0629,1
567,60078174916790,60078174972800,0.0560,1
568,60078208250130,60078208311721,0.0616,1
569,60078241583461,60078241644392,0.0609,1
570,60078274916801,60078274978642,0.0618,1
571,60078308250132,60078308317923,0.0678,1
572,60078341583462,60078341643033,0.0596,1
573,60078374916803,60078374973623,0.0568,1
574,60078408250133,60078408306194,0.0561,1
575,60078441583384,60078441640134,0.0568,1
576,60078474916814,60078474973075,0.0563,1
577,60078508250135,60078508319226,0.0691,1
578,60078541583475,60078541639846,0.0564,1
579,60078574916805,60078574977866,0.0611,1
580,60078608250136,60078608307217,0.0571,1
581,60078641583726,60078641642027,0.0583,1
582,60078674916787,60078674973348,0.0566,1
583,60078708250137,60078708311568,0.0614,1
584,60078741583468,60078741642509,0.0590,1
585,60078774916808,60078774973609,0.0568,1
586,60078808250129,60078808307860,0.0577,1
587,60078841583449,60078841651620,0.0682,1
588,60078874916810,60078874973171,0.0564,1
589,60078908250110,60078908318941,0.0688,1
590,60078941583391,60078941639751,0.0564,1
591,60078974916711,60078974973432,0.0567,1
592,60079008251482,60079008307582,0.0561,1
593,60079041583472,60079041640083,0.0566,1
594,60079074916793,60079074973063,0.0563,1
595,60079108250123,60079108318264,0.0681,1
596,60079141583453,60079141640454,0.0570,1
597,60079174916784,60079174972885,0.0561,1
598,60079208250075,60079208306925,0.0568,1
599,60079241583425,60079241639096,0.0557,1
600,60079274916735,60079274973586,0.0569,1
601,60079308250116,60079308305537,0.0554,1
602,60079341583396,60079341639747,0.0564,1
603,60079374916777,60079374973418,0.0566,1
604,60079408250127,60079408306848,0.0567,1
605,60079441583388,60079441642459,0.0591,1
606,60079474916798,60079474977349,0.0606,1
607,60079508250099,60079508318950,0.0689,1
608,60079541583459,60079541654110,0.0707,1
609,60079574916700,60079574996851,0.0802,1
610,60079608250120,60079608307071,0.0570,1
611,60079641583460,60079641639431,0.0560,1
612,60079674916811,60079674978842,0.0620,1
613,60079708250112,60079708318713,0.0686,1
614,60079741583372,60079741650073,0.0667,1
615,60079774916782,60079774972963,0.0562,1
616,60079808250113,60079808306744,0.0566,1
617,60079841583463,60079841640184,0.0567,1
618,60079874916794,60079874976885,0.0601,1
619,60079908250124,60079908306355,0.0562,1
620,60079941583395,60079941640196,0.0568,1
621,60079974916785,60079974980686,0.0639,1
622,60080008250126,60080008306807,0.0567,1
623,60080041583526,60080041641177,0.0577,1
624,60080074916767,60080074974068,0.0573,1
625,60080108250107,60080108319518,0.0694,1
626,60080141583438,60080141646068,0.0626,1
627,60080174916798,60080174972789,0.0560,1
628,60080208250129,60080208319000,0.0689,1
629,60080241583439,60080241640030,0.0566,1
630,60080274916759,60080274972360,0.0556,1
631,60080308250100,60080308306241,0.0561,1
632,60080341583430,60080341640201,0.0568,1
633,60080374916791,60080374977252,0.0605,1
634,60080408250091,60080408317022,0.0669,1
635,60080441583362,60080441651753,0.0684,1
636,60080474916782,60080474985683,0.0689,1
637,60080508250113,60080508310904,0.0608,1
638,60080541583423,60080541640134,0.0567,1
639,60080574916774,60080574983934,0.0672,1
640,60080608250114,60080608316955,0.0668,1
641,60080641583445,60080641650835,0.0674,1
642,60080674916775,60080674973386,0.0566,1
643,60080708250105,60080708317986,0.0679,1
644,60080741583466,60080741643347,0.0599,1
645,60080774916766,60080774973497,0.0567,1
646,60080808250117,60080808318858,0.0687,1
647,60080841583467,60080841652838,0.0694,1
648,60080874916768,60080874978589,0.0618,1
649,60080908250118,60080908307199,0.0571,1
650,60080941583359,60080941651460,0.0681,1
651,60080974916779,60080974973070,0.0563,1
652,60081008250109,60081008307300,0.0572,1
653,60081041583460,60081041643071,0.0596,1
654,60081074916771,60081074979441,0.0627,1
655,60081108250121,60081108306582,0.0565,1
656,60081141583421,60081141639912,0.0565,1
657,60081174916772,60081174977893,0.0611,1
658,60081208250102,60081208306333,0.0562,1
659,60081241583423,60081241639614,0.0562,1
660,60081274916713,60081274972544,0.0558,1
661,60081308250094,60081308306524,0.0564,1
662,60081341583434,60081341645555,0.0621,1
663,60081374916755,60081374973656,0.0569,1
664,60081408250095,60081408306876,0.0568,1
665,60081441583365,60081441640176,0.0568,1
666,60081474916756,60081474985417,0.0687,1
667,60081508250117,60081508306877,0.0568,1
668,60081541583437,60081541654128,0.0707,1
669,60081574916767,60081574973718,0.0570,1
670,60081608250098,60081608306629,0.0565,1
671,60081641583418,60081641643709,0.0603,1
672,60081674916769,60081674984370,0.0676,1
673,60081708250039,60081708305500,0.0555,1
674,60081741583370,60081741638970,0.0556,1
675,60081774916760,60081774984091,0.0673,1
676,60081808250100,60081808318171,0.0681,1
677,60081841583421,60081841641222,0.0578,1
678,60081874916771,60081874973242,0.0565,1
679,60081908250092,60081908307063,0.0570,1
680,60081941583372,60081941654333,0.0710,1
681,60081974916773,60081974987404,0.0706,1
682,60082008250083,60082008307454,0.0574,1
683,60082041583444,60082041652185,0.0687,1
684,60082074916744,60082074973375,0.0566,1
685,60082108250105,60082108306205,0.0561,1
686,60082141583425,60082141651906,0.0685,1
687,60082174916766,60082174974096,0.0573,1
688,60082208250096,60082208306577,0.0565,1
689,60082241583426,60082241653177,0.0698,1
690,60082274916757,60082274973478,0.0567,1
691,60082308250107,60082308311138,0.0610,1
692,60082341583438,60082341653049,0.0696,1
693,60082374916768,60082374973289,0.0565,1
694,60082408250089,60082408316320,0.0662,1
695,60082441583359,60082441642460,0.0591,1
696,60082474916770,60082474972900,0.0561,1
697,60082508250080,60082508317081,0.0670,1
698,60082541583431,60082541650772,0.0673,1
699,60082574916701,60082574972812,0.0561,1
700,60082608250091,60082608306122,0.0560,1
701,60082641583422,60082641640013,0.0566,1
702,60082674916772,60082674972993,0.0562,1
703,60082708250103,60082708311284,0.0612,1
704,60082741583423,60082741639634,0.0562,1
705,60082774916754,60082774972354,0.0556,1
706,60082808250114,60082808305955,0.0558,1
707,60082841583404,60082841640005,0.0566,1
708,60082874916775,60082874977176,0.0604,1
709,60082908250085,60082908306686,0.0566,1
710,60082941583336,60082941639687,0.0564,1
711,60082974916666,60082974972697,0.0560,1
712,60083008250077,60083008306278,0.0562,1
713,60083041583397,60083041644498,0.0611,1
714,60083074916768,60083074972468,0.0557,1
715,60083108250078,60083108306679,0.0566,1
716,60083141583418,60083141639129,0.0557,1
717,60083174916749,60083174983900,0.0672,1
718,60083208250099,60083208306250,0.0562,1
719,60083241583430,60083241639851,0.0564,1
720,60083274916670,60083274972811,0.0561,1
721,60083308250011,60083308307311,0.0573,1
722,60083341583421,60083341639972,0.0566,1
723,60083374916752,60083374985143,0.0684,1
724,60083408250172,60083408323543,0.0734,1
725,60083441583352,60083441643663,0.0603,1
726,60083474916743,60083474973554,0.0568,1
727,60083508250093,60083508311744,0.0617,1
728,60083541583414,60083541639615,0.0562,1
729,60083574916744,60083574982645,0.0659,1
730,60083608250085,60083608306816,0.0567,1
731,60083641583395,60083641640026,0.0566,1
732,60083674916756,60083674973056,0.0563,1
733,60083708250066,60083708306147,0.0561,1
734,60083741583336,60083741640347,0.0570,1
735,60083774916747,60083774973648,0.0569,1
736,60083808250077,60083808306488,0.0564,1
737,60083841583398,60083841640418,0.0570,1
738,60083874916748,60083874973529,0.0568,1
739,60083908250079,60083908318930,0.0689,1
740,60083941583349,60083941652050,0.0687,1
741,60083974916820,60083974987521,0.0707,1
742,60084008250050,60084008310841,0.0608,1
743,60084041583420,60084041647831,0.0644,1
744,60084074916721,60084074977512,0.0608,1
745,60084108250091,60084108306132,0.0560,1
746,60084141583422,60084141643473,0.0601,1
747,60084174916762,60084174977363,0.0606,1
748,60084208249993,60084208305823,0.0558,1
749,60084241583403,60084241649594,0.0662,1
750,60084274916753,60084274985694,0.0689,1
751,60084308250094,60084308306465,0.0564,1
752,60084341583384,60084341640125,0.0567,1
753,60084374916755,60084374977846,0.0611,1
754,60084408250075,60084408319366,0.0693,1
755,60084441583306,60084441641397,0.0581,1
756,60084474916736,60084474973627,0.0569,1
757,60084508250067,60084508306977,0.0569,1
758,60084541583397,60084541644858,0.0615,1
759,60084574916757,60084574979348,0.0626,1
760,60084608250058,60084608317409,0.0674,1
761,60084641583408,60084641650479,0.0671,1
762,60084674916729,60084674972979,0.0563,1
763,60084708250049,60084708306040,0.0560,1
764,60084741583380,60084741641810,0.0584,1
765,60084774916740,60084774973561,0.0568,1
766,60084808250060,60084808305461,0.0554,1
767,60084841583401,60084841640572,0.0572,1
768,60084874916931,60084874974202,0.0573,1
769,60084908250062,60084908307193,0.0571,1
770,60084941583312,60084941640113,0.0568,1
771,60084974916713,60084974973723,0.0570,1
772,60085008250053,60085008305724,0.0557,1
773,60085041583444,60085041651945,0.0685,1
774,60085074916744,60085074986575,0.0698,1
775,60085108250064,60085108306275,0.0562,1
776,60085141583405,60085141639256,0.0559,1
777,60085174916735,60085174978006,0.0613,1
778,60085208250076,60085208306106,0.0560,1
779,60085241583416,60085241639637,0.0562,1
780,60085274916676,60085274977217,0.0605,1
781,60085308250077,60085308306438,0.0564,1
782,60085341583387,60085341643508,0.0601,1
783,60085374916718,60085374981429,0.0647,1
784,60085408250068,60085408306059,0.0560,1
785,60085441583319,60085441653190,0.0699,1
786,60085474916719,60085474978770,0.0621,1
787,60085508250050,60085508318671,0.0686,1
788,60085541583420,60085541639781,0.0564,1
789,60085574916650,60085574977341,0.0607,1
790,60085608250071,60085608306842,0.0568,1
791,60085641583391,60085641640262,0.0569,1
792,60085674916732,60085674980353,0.0636,1
793,60085708250052,60085708318973,0.0689,1
794,60085741583323,60085741643493,0.0602,1
795,60085774916743,60085774972684,0.0559,1
796,60085808250073,60085808316094,0.0660,1
797,60085841583374,60085841639365,0.0560,1
798,60085874916714,60085874977915,0.0612,1
799,60085908250045,60085908306496,0.0565,1
800,60085941583335,60085941639976,0.0566,1
801,60085974916736,60085974978016,0.0613,1
802,60086008250046,60086008306067,0.0560,1
803,60086041583466,60086041641147,0.0577,1
804,60086074916737,60086074977078,0.0603,1
805,60086108250067,60086108306738,0.0567,1
806,60086141583368,60086141640148,0.0568,1
807,60086174916718,60086174976339,0.0596,1
808,60086208250049,60086208307099,0.0570,1
809,60086241583389,60086241643960,0.0606,1
810,60086274916739,60086274976140,0.0594,1
811,60086308250060,60086308307041,0.0570,1
812,60086341583390,60086341639151,0.0558,1
813,60086374916721,60086374973241,0.0565,1
814,60086408250051,60086408306852,0.0568,1
815,60086441583611,60086441640772,0.0572,1
816,60086474916722,60086474976113,0.0594,1
817,60086508250062,60086508305843,0.0558,1
818,60086541583393,60086541647284,0.0639,1
819,60086574916733,60086574986364,0.0696,1
820,60086608250054,60086608306764,0.0567,1
821,60086641583374,60086641640565,0.0572,1
822,60086674916725,60086674972215,0.0555,1
823,60086708249975,60086708306426,0.0565,1
824,60086741583375,60086741652226,0.0689,1
825,60086774916736,60086774978316,0.0616,1
826,60086808250056,60086808311087,0.0610,1
827,60086841583367,60086841652648,0.0693,1
828,60086874916707,60086874978218,0.0615,1
829,60086908250057,60086908306248,0.0562,1
830,60086941583318,60086941640949,0.0576,1
831,60086974916638,60086974973669,0.0570,1
832,60087008250039,60087008306110,0.0561,1
833,60087041583359,60087041643980,0.0606,1
834,60087074916700,60087074973400,0.0567,1
835,60087108250040,60087108306291,0.0563,1
836,60087141583390,60087141644351,0.0610,1
837,60087174916711,60087174972922,0.0562,1
838,60087208250031,60087208306912,0.0569,1
839,60087241583372,60087241640032,0.0567,1
840,60087274916662,60087274972323,0.0557,1
841,60087308250042,60087308318893,0.0689,1
842,60087341583363,60087341640024,0.0567,1
843,60087374916723,60087374973174,0.0565,1
844,60087408250034,60087408306874,0.0568,1
845,60087441583304,60087441644865,0.0616,1
846,60087474916704,60087474985685,0.0690,1
847,60087508250035,60087508306456,0.0564,1
848,60087541583365,60087541644796,0.0614,1
849,60087574916646,60087574972967,0.0563,1
850,60087608250056,60087608306477,0.0564,1
851,60087641583387,60087641639407,0.0560,1
852,60087674916687,60087674972938,0.0563,1
853,60087708250037,60087708306768,0.0567,1
854,60087741583298,60087741638609,0.0553,1
855,60087774916708,60087774986469,0.0698,1
856,60087808250029,60087808317650,0.0676,1
857,60087841583349,60087841640130,0.0568,1
858,60087874916710,60087874974140,0.0574,1
859,60087908250030,60087908315421,0.0654,1
860,60087941583310,60087941639821,0.0565,1
861,60087974916711,60087974984382,0.0677,1
862,60088008250031,60088008306462,0.0564,1
863,60088041583372,60088041645482,0.0621,1
864,60088074916722,60088074972963,0.0562,1
865,60088108250022,60088108306523,0.0565,1
866,60088141584143,60088141750805,0.1667,1
867,60088174917453,60088175027805,0.1104,1
868,60088208250044,60088208324765,0.0747,1
869,60088241583374,60088241640105,0.0567,1
870,60088274916705,60088274972775,0.0561,1
871,60088308250025,60088308317536,0.0675,1
872,60088341583355,60088341643616,0.0603,1
873,60088374916716,60088374974206,0.0575,1
874,60088408250036,60088408305807,0.0558,1
875,60088441583297,60088441640527,0.0572,1
876,60088474916677,60088474976058,0.0594,1
877,60088508250007,60088508316608,0.0666,1
878,60088541583368,60088541639549,0.0562,1
879,60088574916698,60088574972859,0.0562,1
880,60088608250019,60088608306639,0.0566,1
881,60088641583349,60088641640010,0.0567,1
882,60088674916710,60088674975760,0.0590,1
883,60088708250280,60088708319751,0.0695,1
884,60088741583370,60088741643651,0.0603,1
885,60088774916691,60088774972231,0.0555,1
886,60088808250021,60088808315062,0.0650,1
887,60088841583341,60088841639392,0.0561,1
888,60088874916682,60088874972693,0.0560,1
889,60088908250022,60088908307593,0.0576,1
890,60088941583293,60088941645243,0.0619,1
891,60088974916703,60088974977884,0.0612,1
892,60089008250023,60089008316764,0.0667,1
893,60089041583684,60089041652755,0.0691,1
894,60089074916674,60089074972635,0.0560,1
895,60089108250015,60089108305985,0.0560,1
896,60089141583345,60089141647886,0.0645,1
897,60089174916695,60089174973746,0.0571,1
898,60089208249956,60089208311447,0.0615,1
899,60089241583366,60089241642227,0.0589,1
900,60089274916617,60089274973158,0.0565,1
901,60089308250037,60089308305838,0.0558,1
902,60089341583258,60089341639388,0.0561,1
903,60089374916678,60089374974139,0.0575,1
904,60089408250028,60089408306519,0.0565,1
905,60089441583269,60089441644720,0.0615,1
906,60089474916679,60089474973820,0.0571,1
907,60089508250010,60089508306340,0.0563,1
908,60089541583360,60089541638951,0.0556,1
909,60089574916680,60089574972931,0.0563,1
910,60089608250011,60089608306622,0.0566,1
911,60089641583331,60089641639652,0.0563,1
912,60089674916702,60089674972662,0.0560,1
913,60089708250012,60089708306223,0.0562,1
914,60089741583292,60089741640343,0.0571,1
915,60089774916673,60089774973273,0.0566,1
916,60089808250033,60089808306734,0.0567,1
917,60089841583324,60089841651725,0.0684,1
918,60089874916684,60089874974715,0.0580,1
919,60089908250104,60089908306895,0.0568,1
920,60089941583275,60089941639656,0.0564,1
921,60089974916695,60089974972826,0.0561,1
922,60090008249936,60090008316846,0.0669,1
923,60090041583356,60090041639957,0.0566,1
924,60090074916676,60090074972927,0.0563,1
925,60090108250027,60090108307418,0.0574,1
926,60090141583447,60090141657058,0.0736,1
927,60090174916678,60090174973338,0.0567,1
928,60090208250008,60090208318569,0.0686,1
929,60090241583368,60090241639539,0.0562,1
930,60090274916689,60090274973049,0.0564,1
931,60090308250009,60090308306360,0.0564,1
932,60090341583340,60090341643231,0.0599,1
933,60090374916680,60090374983641,0.0670,1
934,60090408250010,60090408318811,0.0688,1
935,60090441583281,60090441651552,0.0683,1
936,60090474916671,60090474973302,0.0566,1
937,60090508250012,60090508317932,0.0679,1
938,60090541583482,60090541654013,0.0705,1
939,60090574916602,60090574977123,0.0605,1
940,60090608250013,60090608316464,0.0665,1
941,60090641583333,60090641643924,0.0606,1
942,60090674916664,60090674972934,0.0563,1
943,60090708250004,60090708306225,0.0562,1
944,60090741583344,60090741639535,0.0562,1
945,60090774916665,60090774972686,0.0560,1
946,60090808250025,60090808307876,0.0579,1
947,60090841583356,60090841639746,0.0564,1
948,60090874916676,60090874973707,0.0570,1
949,60090908250006,60090908305797,0.0558,1
950,60090941583347,60090941652548,0.0692,1
951,60090974916597,60090974973718,0.0571,1
952,60091008250007,60091008318308,0.0683,1
953,60091041583318,60091041650449,0.0671,1
954,60091074916658,60091074973299,0.0566,1
955,60091108250029,60091108306640,0.0566,1
956,60091141583349,60091141639950,0.0566,1
957,60091174916670,60091174977940,0.0613,1
958,60091208250040,60091208310001,0.0600,1
959,60091241583340,60091241643171,0.0598,1
960,60091274916601,60091274972381,0.0558,1
961,60091308250011,60091308316652,0.0666,1
962,60091341583321,60091341641192,0.0579,1
963,60091374916652,60091374977503,0.0609,1
964,60091408250012,60091408311003,0.0610,1
965,60091441583263,60091441640143,0.0569,1
966,60091474916673,60091474973094,0.0564,1
967,60091508250003,60091508313474,0.0635,1
968,60091541583324,60091541645095,0.0618,1
969,60091574916664,60091574973195,0.0565,1
970,60091608250005,60091608306605,0.0566,1
971,60091641583305,60091641639416,0.0561,1
972,60091674916665,60091674973036,0.0564,1
973,60091708249936,60091708306787,0.0569,1
974,60091741583246,60091741652387,0.0691,1
975,60091774916647,60091774986518,0.0699,1
976,60091808250007,60091808310978,0.0610,1
977,60091841583317,60091841651548,0.0682,1
978,60091874916688,60091874972858,0.0562,1
979,60091908250008,60091908307039,0.0570,1
980,60091941583258,60091941644059,0.0608,1
981,60091974916649,60091974978780,0.0621,1
982,60092008249979,60092008313760,0.0638,1
983,60092041583300,60092041643200,0.0599,1
984,60092074916640,60092074972531,0.0559,1
985,60092108249980,60092108314831,0.0649,1
986,60092141583331,60092141640502,0.0572,1
987,60092174916661,60092174985562,0.0689,1
988,60092208249992,60092208306512,0.0565,1
989,60092241583342,60092241640123,0.0568,1
990,60092274916652,60092274973223,0.0566,1
991,60092308249983,60092308306344,0.0564,1
992,60092341583313,60092341640104,0.0568,1
993,60092374916684,60092374973414,0.0567,1
994,60092408249994,60092408317645,0.0677,1
995,60092441583254,60092441640705,0.0575,1
996,60092474916655,60092474984096,0.0674,1
997,60092508249995,60092508311386,0.0614,1
998,60092541583315,60092541639836,0.0565,1
999,60092574916656,60092574972987,0.0563,1
1000,60092608249976,60092608320257,0.0703,1
1001,60092641583317,60092641639647,0.0563,1
1002,60092674916677,60092674972848,0.0562,1
1003,60092708249997,60092708317358,0.0674,1
1004,60092741583328,60092741639938,0.0566,1
1005,60092774916658,60092774985279,0.0686,1
1006,60092808249978,60092808306859,0.0569,1
1007,60092841583299,60092841640710,0.0574,1
1008,60092874916659,60092874974200,0.0575,1
1009,60092908249990,60092908317671,0.0677,1
1010,60092941583250,60092941639301,0.0561,1
1011,60092974916651,60092974983791,0.0671,1
1012,60093008249971,60093008306322,0.0564,1
1013,60093041583301,60093041640082,0.0568,1
1014,60093074916642,60093074973742,0.0571,1
1015,60093108249982,60093108313513,0.0635,1
1016,60093141583312,60093141640413,0.0571,1
1017,60093174916673,60093174972883,0.0562,1
1018,60093208249993,60093208306064,0.0561,1
1019,60093241583323,60093241650464,0.0671,1
1020,60093274916574,60093274972805,0.0562,1
1021,60093308249914,60093308311405,0.0615,1
1022,60093341583325,60093341643846,0.0605,1
1023,60093374916645,60093374974106,0.0575,1
1024,60093408249985,60093408306246,0.0563,1
1025,60093441583246,60093441639686,0.0564,1
1026,60093474916626,60093474973197,0.0566,1
1027,60093508249996,60093508306527,0.0565,1
1028,60093541583307,60093541639258,0.0560,1
1029,60093574916587,60093574973748,0.0572,1
1030,60093608249988,60093608319279,0.0693,1
1031,60093641583298,60093641639119,0.0558,1
1032,60093674916648,60093674972669,0.0560,1
1033,60093708249969,60093708306640,0.0567,1
1034,60093741583239,60093741639890,0.0567,1
1035,60093774916650,60093774972570,0.0559,1
1036,60093808249970,60093808319731,0.0698,1
1037,60093841583310,60093841653261,0.0700,1
1038,60093874916631,60093874972981,0.0563,1
1039,60093908249991,60093908307432,0.0574,1
1040,60093941583231,60093941655382,0.0722,1
1041,60093974916622,60093974976593,0.0600,1
1042,60094008249982,60094008316493,0.0665,1
1043,60094041583312,60094041640123,0.0568,1
1044,60094074916623,60094074973184,0.0566,1
1045,60094108249943,60094108306664,0.0567,1
1046,60094141583314,60094141638344,0.0550,1
1047,60094174916654,60094174975805,0.0592,1
1048,60094208249894,60094208306945,0.0571,1
1049,60094241583285,60094241652646,0.0694,1
1050,60094274916645,60094274973556,0.0569,1
1051,60094308249955,60094308305796,0.0558,1
1052,60094341583286,60094341651927,0.0686,1
1053,60094374916726,60094374972817,0.0561,1
1054,60094408249987,60094408310397,0.0604,1
1055,60094441583217,60094441640518,0.0573,1
1056,60094474916637,60094474973618,0.0570,1
1057,60094508249978,60094508310489,0.0605,1
1058,60094541583298,60094541640069,0.0568,1
1059,60094574916639,60094574973639,0.0570,1
1060,60094608249979,60094608306300,0.0563,1
1061,60094641583319,60094641640490,0.0572,1
1062,60094674916650,60094674973350,0.0567,1
1063,60094708249960,60094708310151,0.0602,1
1064,60094741583290,60094741644531,0.0612,1
1065,60094774916641,60094774973451,0.0568,1
1066,60094808249961,60094808306602,0.0566,1
1067,60094841583291,60094841639302,0.0560,1
1068,60094874916632,60094874984653,0.0680,1
1069,60094908249972,60094908306153,0.0562,1
1070,60094941583212,60094941643923,0.0607,1
1071,60094974916563,60094974972954,0.0564,1
1072,60095008249963,60095008306104,0.0561,1
1073,60095041583304,60095041651875,0.0686,1
1074,60095074916634,60095074973185,0.0566,1
1075,60095108249964,60095108305915,0.0560,1
1076,60095141583295,60095141638906,0.0556,1
1077,60095174916645,60095174983526,0.0669,1
1078,60095208249946,60095208306346,0.0564,1
1079,60095241583286,60095241638917,0.0556,1
1080,60095274916566,60095274972367,0.0558,1
1081,60095308249947,60095308306637,0.0567,1
1082,60095341583287,60095341639498,0.0562,1
1083,60095374916637,60095374972948,0.0563,1
1084,60095408249968,60095408305998,0.0560,1
1085,60095441583218,60095441654009,0.0708,1
1086,60095474916628,60095474978079,0.0615,1
1087,60095508249959,60095508305350,0.0554,1
1088,60095541583309,60095541643810,0.0605,1
1089,60095574916609,60095574972240,0.0556,1
1090,60095608249980,60095608306701,0.0567,1
1091,60095641583290,60095641651391,0.0681,1
1092,60095674916621,60095674972612,0.0560,1
1093,60095708249951,60095708306172,0.0562,1
1094,60095741583211,60095741639702,0.0565,1
1095,60095774916622,60095774972773,0.0562,1
1096,60095808249962,60095808316983,0.0670,1
1097,60095841583293,60095841642353,0.0591,1
1098,60095874916623,60095874972884,0.0563,1
1099,60095908249983,60095908317034,0.0671,1
1100,60095941583214,60095941640214,0.0570,1
1101,60095974916624,60095974976505,0.0599,1
1102,60096008249974,60096008305865,0.0559,1
1103,60096041583275,60096041639465,0.0562,1
1104,60096074916635,60096074972876,0.0562,1
1105,60096108249935,60096108305366,0.0554,1
1106,60096141583286,60096141653287,0.0700,1
1107,60096174916616,60096174972787,0.0562,1
1108,60096208249946,60096208310987,0.0610,1
1109,60096241583277,60096241639468,0.0562,1
1110,60096274916627,60096274973838,0.0572,1
1111,60096308249957,60096308313698,0.0637,1
1112,60096341583288,60096341642719,0.0594,1
1113,60096374916618,60096374985629,0.0690,1
1114,60096408249949,60096408318630,0.0687,1
1115,60096441583229,60096441650630,0.0674,1
1116,60096474916639,60096474971990,0.0554,1
1117,60096508249970,60096508316401,0.0664,1
1118,60096541583280,60096541649651,0.0664,1
1119,60096574916540,60096574977261,0.0607,1
1120,60096608249961,60096608311962,0.0620,1
1121,60096641583301,60096641643982,0.0607,1
1122,60096674916622,60096674985013,0.0684,1
1123,60096708249902,60096708306433,0.0565,1
1124,60096741583272,60096741652193,0.0689,1
1125,60096774916633,60096774976573,0.0599,1
1126,60096808249953,60096808316774,0.0668,1
1127,60096841583283,60096841639344,0.0561,1
1128,60096874916624,60096874972354,0.0557,1
1129,60096908249944,60096908306845,0.0569,1
1130,60096941583194,60096941639985,0.0568,1
1131,60096974916605,60096974983916,0.0673,1
1132,60097008249955,60097008319116,0.0692,1
1133,60097041583355,60097041640066,0.0567,1
1134,60097074916606,60097074982857,0.0663,1
1135,60097108249936,60097108311177,0.0612,1
1136,60097141583286,60097141639467,0.0562,1
1137,60097174916617,60097174972448,0.0558,1
1138,60097208249937,60097208305888,0.0560,1
1139,60097241583288,60097241639638,0.0563,1
1140,60097274916538,60097274976019,0.0595,1
1141,60097308249938,60097308310009,0.0601,1
1142,60097341583259,60097341654660,0.0714,1
1143,60097374916629,60097374972490,0.0559,1
1144,60097408249949,60097408306560,0.0566,1
1145,60097441583210,60097441640280,0.0571,1
1146,60097474916620,60097474972421,0.0558,1
1147,60097508249940,60097508306051,0.0561,1
1148,60097541583281,60097541643822,0.0605,1
1149,60097574916611,60097574984562,0.0680,1
1150,60097608249931,60097608306982,0.0571,1
1151,60097641583262,60097641647833,0.0646,1
1152,60097674916592,60097674972213,0.0556,1
1153,60097708249952,60097708305623,0.0557,1
1154,60097741583213,60097741639574,0.0564,1
1155,60097774916593,60097774973044,0.0565,1
1156,60097808249933,60097808306434,0.0565,1
1157,60097841583274,60097841639165,0.0559,1
1158,60097874916614,60097874972345,0.0557,1
1159,60097908249934,60097908309825,0.0599,1
1160,60097941583185,60097941639506,0.0563,1
1161,60097974916615,60097974972306,0.0557,1
1162,60098008249965,60098008320506,0.0705,1
1163,60098041583266,60098041640247,0.0570,1
1164,60098074916586,60098074972627,0.0560,1
1165,60098108249937,60098108306607,0.0567,1
1166,60098141583257,60098141648898,0.0656,1
1167,60098174916617,60098174973458,0.0568,1
1168,60098208249928,60098208316939,0.0670,1
1169,60098241583268,60098241639809,0.0565,1
1170,60098274916608,60098274973229,0.0566,1
1171,60098308249929,60098308310790,0.0609,1
1172,60098341583279,60098341643730,0.0605,1
1173,60098374916589,60098374973080,0.0565,1
1174,60098408249930,60098408306891,0.0570,1
1175,60098441583210,60098441639791,0.0566,1
1176,60098474916600,60098474972711,0.0561,1
1177,60098508249931,60098508305882,0.0560,1
1178,60098541583241,60098541651172,0.0679,1
1179,60098574916601,60098574972822,0.0562,1
1180,60098608249932,60098608305793,0.0559,1
1181,60098641583262,60098641639893,0.0566,1
1182,60098674916592,60098674972613,0.0560,1
1183,60098708249923,60098708306864,0.0569,1
1184,60098741583243,60098741638374,0.0551,1
1185,60098774916603,60098774972954,0.0564,1
1186,60098808249934,60098808311795,0.0619,1
1187,60098841583244,60098841641075,0.0578,1
1188,60098874916595,60098874986095,0.0695,1
1189,60098908249915,60098908317406,0.0675,1
1190,60098941583195,60098941639746,0.0566,1
1191,60098974916526,60098974971716,0.0552,1
1192,60099008249936,60099008305737,0.0558,1
1193,60099041583246,60099041651027,0.0678,1
1194,60099074916597,60099074972387,0.0558,1
1195,60099108249927,60099108312308,0.0624,1
1196,60099141583247,60099141650828,0.0676,1
1197,60099174916578,60099174985709,0.0691,1
1198,60099208249858,60099208309429,0.0596,1
1199,60099241583248,60099241638409,0.0552,1
