frame,mask,hip,rua,rfa,lua,lfa
667,127,0,0,0,0,0
668,127,0,0,0,0,0
669,127,0,0,0,0,0
670,127,0,0,0,0,0
671,127,0,0,0,0,0
672,127,0,0,0,0,0
673,127,0,0,0,0,0
674,127,0,0,0,0,0
675,127,0,0,0,0,0
676,127,0,0,0,0,0
677,127,0,0,0,0,0
678,127,0,0,0,0,0
679,127,0,0,0,0,0
680,127,0,0,0,0,0
681,127,0,0,0,0,0
682,127,0,0,0,0,0
683,127,0,0,0,0,0
684,127,0,0,0,0,0
685,127,0,0,0,0,0
686,127,0,0,0,0,0
687,127,0,0,0,0,0
688,127,0,0,0,0,0
689,127,0,0,0,0,0
690,127,0,0,0,0,0
691,127,0,0,0,0,0
692,127,0,0,0,0,0
693,127,0,0,0,0,0
694,127,0,0,0,0,0
695,127,0,0,0,0,0
696,127,0,0,0,0,0
697,127,0,0,0,0,0
698,127,0,0,0,0,0
699,127,0,0,0,0,0
700,0,1,1,1,1,1
701,0,1,1,1,1,1
702,0,1,1,1,1,1
703,0,1,1,1,1,1
704,0,1,1,1,1,1
705,0,1,1,1,1,1
706,0,1,1,1,1,1
707,0,1,1,1,1,1
708,0,1,1,1,1,1
709,0,1,1,1,1,1
710,127,0,0,0,0,0
711,127,0,0,0,0,0
712,127,0,0,0,0,0
713,127,0,0,0,0,0
714,127,0,0,0,0,0
715,127,0,0,0,0,0
716,127,0,0,0,0,0
717,127,0,0,0,0,0
718,127,0,0,0,0,0
719,127,0,0,0,0,0
720,127,0,0,0,0,0
721,127,0,0,0,0,0
722,127,0,0,0,0,0
723,127,0,0,0,0,0
724,127,0,0,0,0,0
725,127,0,0,0,0,0
726,127,0,0,0,0,0
727,127,0,0,0,0,0
728,127,0,0,0,0,0
729,127,0,0,0,0,0
730,127,0,0,0,0,0
731,127,0,0,0,0,0
732,127,0,0,0,0,0
733,127,0,0,0,0,0
734,127,0,0,0,0,0
735,127,0,0,0,0,0
736,127,0,0,0,0,0
737,127,0,0,0,0,0
738,127,0,0,0,0,0
739,127,0,0,0,0,0
740,127,0,0,0,0,0
741,127,0,0,0,0,0
742,127,0,0,0,0,0
743,127,0,0,0,0,0
744,127,0,0,0,0,0
745,127,0,0,0,0,0
746,127,0,0,0,0,0
747,127,0,0,0,0,0
748,127,0,0,0,0,0
749,127,0,0,0,0,0
750,113,0,1,1,0,0
751,113,0,1,1,0,0
752,113,0,1,1,0,0
753,113,0,1,1,0,0
754,113,0,1,1,0,0
755,113,0,1,1,0,0
756,113,0,1,1,0,0
757,113,0,1,1,0,0
758,113,0,1,1,0,0
759,113,0,1,1,0,0
760,113,0,1,1,0,0
761,113,0,1,1,0,0
762,113,0,1,1,0,0
763,113,0,1,1,0,0
764,113,0,1,1,0,0
765,113,0,1,1,0,0
766,113,0,1,1,0,0
767,113,0,1,1,0,0
768,113,0,1,1,0,0
769,113,0,1,1,0,0
770,113,0,1,1,0,0
771,113,0,1,1,0,0
772,113,0,1,1,0,0
773,113,0,1,1,0,0
774,113,0,1,1,0,0
775,113,0,1,1,0,0
776,113,0,1,1,0,0
777,113,0,1,1,0,0
778,113,0,1,1,0,0
779,113,0,1,1,0,0
780,127,0,0,0,0,0
781,127,0,0,0,0,0
782,127,0,0,0,0,0
783,127,0,0,0,0,0
784,127,0,0,0,0,0
785,127,0,0,0,0,0
786,127,0,0,0,0,0
787,127,0,0,0,0,0
788,127,0,0,0,0,0
789,127,0,0,0,0,0
790,127,0,0,0,0,0
791,127,0,0,0,0,0
792,127,0,0,0,0,0
793,127,0,0,0,0,0
794,127,0,0,0,0,0
795,127,0,0,0,0,0
796,127,0,0,0,0,0
797,127,0,0,0,0,0
798,127,0,0,0,0,0
799,127,0,0,0,0,0
800,127,0,0,0,0,0
801,127,0,0,0,0,0
802,127,0,0,0,0,0
803,127,0,0,0,0,0
804,127,0,0,0,0,0
805,127,0,0,0,0,0
806,127,0,0,0,0,0
807,127,0,0,0,0,0
808,127,0,0,0,0,0
809,127,0,0,0,0,0
810,127,0,0,0,0,0
811,127,0,0,0,0,0
812,127,0,0,0,0,0
813,127,0,0,0,0,0
814,127,0,0,0,0,0
815,127,0,0,0,0,0
816,127,0,0,0,0,0
817,127,0,0,0,0,0
818,127,0,0,0,0,0
819,127,0,0,0,0,0
820,127,0,0,0,0,0
821,127,0,0,0,0,0
822,127,0,0,0,0,0
823,127,0,0,0,0,0
824,127,0,0,0,0,0
825,127,0,0,0,0,0
826,127,0,0,0,0,0
827,127,0,0,0,0,0
828,127,0,0,0,0,0
829,127,0,0,0,0,0
830,127,0,0,0,0,0
831,127,0,0,0,0,0
832,127,0,0,0,0,0
833,127,0,0,0,0,0
834,127,0,0,0,0,0
835,127,0,0,0,0,0
836,127,0,0,0,0,0
837,127,0,0,0,0,0
838,127,0,0,0,0,0
839,127,0,0,0,0,0
840,127,0,0,0,0,0
841,127,0,0,0,0,0
842,127,0,0,0,0,0
843,127,0,0,0,0,0
844,127,0,0,0,0,0
845,127,0,0,0,0,0
846,127,0,0,0,0,0
847,127,0,0,0,0,0
848,127,0,0,0,0,0
849,127,0,0,0,0,0
850,127,0,0,0,0,0
851,127,0,0,0,0,0
852,127,0,0,0,0,0
853,127,0,0,0,0,0
854,127,0,0,0,0,0
855,127,0,0,0,0,0
856,127,0,0,0,0,0
857,127,0,0,0,0,0
858,127,0,0,0,0,0
859,127,0,0,0,0,0
860,127,0,0,0,0,0
861,127,0,0,0,0,0
862,127,0,0,0,0,0
863,127,0,0,0,0,0
864,127,0,0,0,0,0
865,127,0,0,0,0,0
866,127,0,0,0,0,0
867,127,0,0,0,0,0
868,127,0,0,0,0,0
869,127,0,0,0,0,0
870,127,0,0,0,0,0
871,127,0,0,0,0,0
872,127,0,0,0,0,0
873,127,0,0,0,0,0
874,127,0,0,0,0,0
875,127,0,0,0,0,0
876,127,0,0,0,0,0
877,127,0,0,0,0,0
878,127,0,0,0,0,0
879,127,0,0,0,0,0
880,127,0,0,0,0,0
881,127,0,0,0,0,0
882,127,0,0,0,0,0
883,127,0,0,0,0,0
884,127,0,0,0,0,0
885,127,0,0,0,0,0
886,127,0,0,0,0,0
887,127,0,0,0,0,0
888,127,0,0,0,0,0
889,127,0,0,0,0,0
890,127,0,0,0,0,0
891,127,0,0,0,0,0
892,127,0,0,0,0,0
893,127,0,0,0,0,0
894,127,0,0,0,0,0
895,127,0,0,0,0,0
896,127,0,0,0,0,0
897,127,0,0,0,0,0
898,127,0,0,0,0,0
0,15,0,0,0,1,1
1,15,0,0,0,1,1
2,127,0,0,0,0,0
3,127,0,0,0,0,0
4,127,0,0,0,0,0
5,127,0,0,0,0,0
6,127,0,0,0,0,0
7,127,0,0,0,0,0
8,127,0,0,0,0,0
9,127,0,0,0,0,0
10,127,0,0,0,0,0
11,127,0,0,0,0,0
12,127,0,0,0,0,0
13,127,0,0,0,0,0
14,127,0,0,0,0,0
15,127,0,0,0,0,0
16,127,0,0,0,0,0
17,127,0,0,0,0,0
18,127,0,0,0,0,0
19,127,0,0,0,0,0
20,127,0,0,0,0,0
21,127,0,0,0,0,0
22,127,0,0,0,0,0
23,127,0,0,0,0,0
24,127,0,0,0,0,0
25,127,0,0,0,0,0
26,127,0,0,0,0,0
27,127,0,0,0,0,0
28,127,0,0,0,0,0
29,127,0,0,0,0,0
30,127,0,0,0,0,0
31,127,0,0,0,0,0
32,127,0,0,0,0,0
33,127,0,0,0,0,0
34,127,0,0,0,0,0
35,127,0,0,0,0,0
36,127,0,0,0,0,0
37,127,0,0,0,0,0
38,127,0,0,0,0,0
39,127,0,0,0,0,0
40,127,0,0,0,0,0
41,127,0,0,0,0,0
42,127,0,0,0,0,0
43,127,0,0,0,0,0
44,127,0,0,0,0,0
45,127,0,0,0,0,0
46,127,0,0,0,0,0
47,127,0,0,0,0,0
48,127,0,0,0,0,0
49,127,0,0,0,0,0
50,127,0,0,0,0,0
51,127,0,0,0,0,0
52,127,0,0,0,0,0
53,127,0,0,0,0,0
54,127,0,0,0,0,0
55,127,0,0,0,0,0
56,127,0,0,0,0,0
57,127,0,0,0,0,0
58,127,0,0,0,0,0
59,127,0,0,0,0,0
60,127,0,0,0,0,0
61,127,0,0,0,0,0
62,127,0,0,0,0,0
63,127,0,0,0,0,0
64,127,0,0,0,0,0
65,127,0,0,0,0,0
66,127,0,0,0,0,0
67,127,0,0,0,0,0
68,127,0,0,0,0,0
69,127,0,0,0,0,0
70,127,0,0,0,0,0
71,127,0,0,0,0,0
72,127,0,0,0,0,0
73,127,0,0,0,0,0
74,127,0,0,0,0,0
75,127,0,0,0,0,0
76,127,0,0,0,0,0
77,127,0,0,0,0,0
78,127,0,0,0,0,0
79,127,0,0,0,0,0
80,127,0,0,0,0,0
81,127,0,0,0,0,0
82,127,0,0,0,0,0
83,127,0,0,0,0,0
84,127,0,0,0,0,0
85,127,0,0,0,0,0
86,127,0,0,0,0,0
87,127,0,0,0,0,0
88,127,0,0,0,0,0
89,127,0,0,0,0,0
90,127,0,0,0,0,0
91,127,0,0,0,0,0
92,127,0,0,0,0,0
93,127,0,0,0,0,0
94,127,0,0,0,0,0
95,127,0,0,0,0,0
96,127,0,0,0,0,0
97,127,0,0,0,0,0
98,127,0,0,0,0,0
99,127,0,0,0,0,0
100,127,0,0,0,0,0
101,127,0,0,0,0,0
102,127,0,0,0,0,0
103,127,0,0,0,0,0
104,127,0,0,0,0,0
105,127,0,0,0,0,0
106,127,0,0,0,0,0
107,127,0,0,0,0,0
108,127,0,0,0,0,0
109,127,0,0,0,0,0
110,127,0,0,0,0,0
111,127,0,0,0,0,0
112,127,0,0,0,0,0
113,127,0,0,0,0,0
114,127,0,0,0,0,0
115,127,0,0,0,0,0
116,127,0,0,0,0,0
117,127,0,0,0,0,0
118,127,0,0,0,0,0
119,127,0,0,0,0,0
120,127,0,0,0,0,0
121,127,0,0,0,0,0
122,127,0,0,0,0,0
123,127,0,0,0,0,0
124,127,0,0,0,0,0
125,127,0,0,0,0,0
126,127,0,0,0,0,0
127,127,0,0,0,0,0
128,127,0,0,0,0,0
129,127,0,0,0,0,0
130,127,0,0,0,0,0
131,127,0,0,0,0,0
132,127,0,0,0,0,0
133,127,0,0,0,0,0
134,127,0,0,0,0,0
135,127,0,0,0,0,0
136,127,0,0,0,0,0
137,127,0,0,0,0,0
138,127,0,0,0,0,0
139,127,0,0,0,0,0
140,127,0,0,0,0,0
141,127,0,0,0,0,0
142,127,0,0,0,0,0
143,127,0,0,0,0,0
144,127,0,0,0,0,0
145,127,0,0,0,0,0
146,127,0,0,0,0,0
147,127,0,0,0,0,0
148,127,0,0,0,0,0
149,127,0,0,0,0,0
150,127,0,0,0,0,0
151,127,0,0,0,0,0
152,127,0,0,0,0,0
153,127,0,0,0,0,0
154,127,0,0,0,0,0
155,127,0,0,0,0,0
156,127,0,0,0,0,0
157,127,0,0,0,0,0
158,127,0,0,0,0,0
159,127,0,0,0,0,0
160,127,0,0,0,0,0
161,127,0,0,0,0,0
162,127,0,0,0,0,0
163,127,0,0,0,0,0
164,127,0,0,0,0,0
165,127,0,0,0,0,0
166,127,0,0,0,0,0
167,127,0,0,0,0,0
168,127,0,0,0,0,0
169,127,0,0,0,0,0
170,127,0,0,0,0,0
171,127,0,0,0,0,0
172,127,0,0,0,0,0
173,127,0,0,0,0,0
174,127,0,0,0,0,0
175,127,0,0,0,0,0
176,127,0,0,0,0,0
177,127,0,0,0,0,0
178,127,0,0,0,0,0
179,127,0,0,0,0,0
180,127,0,0,0,0,0
181,127,0,0,0,0,0
182,127,0,0,0,0,0
183,127,0,0,0,0,0
184,127,0,0,0,0,0
185,127,0,0,0,0,0
186,127,0,0,0,0,0
187,127,0,0,0,0,0
188,127,0,0,0,0,0
189,127,0,0,0,0,0
190,127,0,0,0,0,0
191,127,0,0,0,0,0
192,127,0,0,0,0,0
193,127,0,0,0,0,0
194,127,0,0,0,0,0
195,127,0,0,0,0,0
196,127,0,0,0,0,0
197,127,0,0,0,0,0
198,127,0,0,0,0,0
199,127,0,0,0,0,0
200,127,0,0,0,0,0
201,127,0,0,0,0,0
202,127,0,0,0,0,0
203,127,0,0,0,0,0
204,127,0,0,0,0,0
205,127,0,0,0,0,0
206,127,0,0,0,0,0
207,127,0,0,0,0,0
208,127,0,0,0,0,0
209,127,0,0,0,0,0
210,127,0,0,0,0,0
211,127,0,0,0,0,0
212,127,0,0,0,0,0
213,127,0,0,0,0,0
214,127,0,0,0,0,0
215,127,0,0,0,0,0
216,127,0,0,0,0,0
217,127,0,0,0,0,0
218,127,0,0,0,0,0
219,127,0,0,0,0,0
220,127,0,0,0,0,0
221,127,0,0,0,0,0
222,127,0,0,0,0,0
223,127,0,0,0,0,0
224,127,0,0,0,0,0
225,127,0,0,0,0,0
226,127,0,0,0,0,0
227,127,0,0,0,0,0
228,127,0,0,0,0,0
229,127,0,0,0,0,0
230,127,0,0,0,0,0
231,127,0,0,0,0,0
232,127,0,0,0,0,0
233,127,0,0,0,0,0
234,127,0,0,0,0,0
235,127,0,0,0,0,0
236,127,0,0,0,0,0
237,127,0,0,0,0,0
238,127,0,0,0,0,0
239,127,0,0,0,0,0
240,127,0,0,0,0,0
241,127,0,0,0,0,0
242,127,0,0,0,0,0
243,127,0,0,0,0,0
244,127,0,0,0,0,0
245,127,0,0,0,0,0
246,127,0,0,0,0,0
247,127,0,0,0,0,0
248,127,0,0,0,0,0
249,127,0,0,0,0,0
250,127,0,0,0,0,0
251,127,0,0,0,0,0
252,127,0,0,0,0,0
253,127,0,0,0,0,0
254,127,0,0,0,0,0
255,127,0,0,0,0,0
256,127,0,0,0,0,0
257,127,0,0,0,0,0
258,127,0,0,0,0,0
259,127,0,0,0,0,0
260,127,0,0,0,0,0
261,127,0,0,0,0,0
262,127,0,0,0,0,0
263,127,0,0,0,0,0
264,127,0,0,0,0,0
265,127,0,0,0,0,0
266,127,0,0,0,0,0
267,127,0,0,0,0,0
268,127,0,0,0,0,0
269,127,0,0,0,0,0
270,127,0,0,0,0,0
271,127,0,0,0,0,0
272,127,0,0,0,0,0
273,127,0,0,0,0,0
274,127,0,0,0,0,0
275,127,0,0,0,0,0
276,127,0,0,0,0,0
277,127,0,0,0,0,0
278,127,0,0,0,0,0
279,127,0,0,0,0,0
280,127,0,0,0,0,0
281,127,0,0,0,0,0
282,127,0,0,0,0,0
283,127,0,0,0,0,0
284,127,0,0,0,0,0
285,127,0,0,0,0,0
286,127,0,0,0,0,0
287,127,0,0,0,0,0
288,127,0,0,0,0,0
289,127,0,0,0,0,0
290,127,0,0,0,0,0
291,127,0,0,0,0,0
292,127,0,0,0,0,0
293,127,0,0,0,0,0
294,127,0,0,0,0,0
295,127,0,0,0,0,0
296,127,0,0,0,0,0
297,127,0,0,0,0,0
298,127,0,0,0,0,0
299,127,0,0,0,0,0
300,127,0,0,0,0,0
301,127,0,0,0,0,0
302,127,0,0,0,0,0
303,127,0,0,0,0,0
304,127,0,0,0,0,0
305,127,0,0,0,0,0
306,127,0,0,0,0,0
307,127,0,0,0,0,0
308,127,0,0,0,0,0
309,127,0,0,0,0,0
310,127,0,0,0,0,0
311,127,0,0,0,0,0
312,127,0,0,0,0,0
313,127,0,0,0,0,0
314,127,0,0,0,0,0
315,127,0,0,0,0,0
316,127,0,0,0,0,0
317,127,0,0,0,0,0
318,127,0,0,0,0,0
319,127,0,0,0,0,0
320,127,0,0,0,0,0
321,127,0,0,0,0,0
322,127,0,0,0,0,0
323,127,0,0,0,0,0
324,127,0,0,0,0,0
325,127,0,0,0,0,0
326,127,0,0,0,0,0
327,127,0,0,0,0,0
328,127,0,0,0,0,0
329,127,0,0,0,0,0
330,127,0,0,0,0,0
331,127,0,0,0,0,0
332,127,0,0,0,0,0
333,127,0,0,0,0,0
334,127,0,0,0,0,0
335,127,0,0,0,0,0
336,127,0,0,0,0,0
337,127,0,0,0,0,0
338,127,0,0,0,0,0
339,127,0,0,0,0,0
340,127,0,0,0,0,0
341,127,0,0,0,0,0
342,127,0,0,0,0,0
343,127,0,0,0,0,0
344,127,0,0,0,0,0
345,127,0,0,0,0,0
346,127,0,0,0,0,0
347,127,0,0,0,0,0
348,127,0,0,0,0,0
349,127,0,0,0,0,0
350,127,0,0,0,0,0
351,127,0,0,0,0,0
352,127,0,0,0,0,0
353,127,0,0,0,0,0
354,127,0,0,0,0,0
355,127,0,0,0,0,0
356,127,0,0,0,0,0
357,127,0,0,0,0,0
358,127,0,0,0,0,0
359,127,0,0,0,0,0
360,127,0,0,0,0,0
361,127,0,0,0,0,0
362,127,0,0,0,0,0
363,127,0,0,0,0,0
364,127,0,0,0,0,0
365,127,0,0,0,0,0
366,127,0,0,0,0,0
367,127,0,0,0,0,0
368,127,0,0,0,0,0
369,127,0,0,0,0,0
370,127,0,0,0,0,0
371,127,0,0,0,0,0
372,127,0,0,0,0,0
373,127,0,0,0,0,0
374,127,0,0,0,0,0
375,127,0,0,0,0,0
376,127,0,0,0,0,0
377,127,0,0,0,0,0
378,127,0,0,0,0,0
379,127,0,0,0,0,0
380,127,0,0,0,0,0
381,127,0,0,0,0,0
382,127,0,0,0,0,0
383,127,0,0,0,0,0
384,127,0,0,0,0,0
385,127,0,0,0,0,0
386,127,0,0,0,0,0
387,127,0,0,0,0,0
388,127,0,0,0,0,0
389,127,0,0,0,0,0
390,127,0,0,0,0,0
391,127,0,0,0,0,0
392,127,0,0,0,0,0
393,127,0,0,0,0,0
394,127,0,0,0,0,0
395,127,0,0,0,0,0
396,127,0,0,0,0,0
397,127,0,0,0,0,0
398,127,0,0,0,0,0
399,127,0,0,0,0,0
400,115,0,0,1,0,0
401,115,0,0,1,0,0
402,115,0,0,1,0,0
403,115,0,0,1,0,0
404,115,0,0,1,0,0
405,115,0,0,1,0,0
406,115,0,0,1,0,0
407,115,0,0,1,0,0
408,115,0,0,1,0,0
409,115,0,0,1,0,0
410,115,0,0,1,0,0
411,115,0,0,1,0,0
412,115,0,0,1,0,0
413,115,0,0,1,0,0
414,115,0,0,1,0,0
415,115,0,0,1,0,0
416,115,0,0,1,0,0
417,115,0,0,1,0,0
418,115,0,0,1,0,0
419,115,0,0,1,0,0
420,115,0,0,1,0,0
421,115,0,0,1,0,0
422,115,0,0,1,0,0
423,115,0,0,1,0,0
424,115,0,0,1,0,0
425,115,0,0,1,0,0
426,115,0,0,1,0,0
427,115,0,0,1,0,0
428,115,0,0,1,0,0
429,115,0,0,1,0,0
430,115,0,0,1,0,0
431,115,0,0,1,0,0
432,115,0,0,1,0,0
433,115,0,0,1,0,0
434,115,0,0,1,0,0
435,115,0,0,1,0,0
436,115,0,0,1,0,0
437,115,0,0,1,0,0
438,115,0,0,1,0,0
439,115,0,0,1,0,0
440,115,0,0,1,0,0
441,115,0,0,1,0,0
442,115,0,0,1,0,0
443,115,0,0,1,0,0
444,115,0,0,1,0,0
445,127,0,0,0,0,0
446,127,0,0,0,0,0
447,127,0,0,0,0,0
448,127,0,0,0,0,0
449,127,0,0,0,0,0
450,127,0,0,0,0,0
451,127,0,0,0,0,0
452,127,0,0,0,0,0
453,127,0,0,0,0,0
454,127,0,0,0,0,0
455,127,0,0,0,0,0
456,127,0,0,0,0,0
457,127,0,0,0,0,0
458,127,0,0,0,0,0
459,127,0,0,0,0,0
460,127,0,0,0,0,0
461,127,0,0,0,0,0
462,127,0,0,0,0,0
463,127,0,0,0,0,0
464,127,0,0,0,0,0
465,127,0,0,0,0,0
466,127,0,0,0,0,0
467,127,0,0,0,0,0
468,127,0,0,0,0,0
469,127,0,0,0,0,0
470,127,0,0,0,0,0
471,127,0,0,0,0,0
472,127,0,0,0,0,0
473,127,0,0,0,0,0
474,127,0,0,0,0,0
475,127,0,0,0,0,0
476,127,0,0,0,0,0
477,127,0,0,0,0,0
478,127,0,0,0,0,0
479,127,0,0,0,0,0
480,127,0,0,0,0,0
481,127,0,0,0,0,0
482,127,0,0,0,0,0
483,127,0,0,0,0,0
484,127,0,0,0,0,0
485,127,0,0,0,0,0
486,127,0,0,0,0,0
487,127,0,0,0,0,0
488,127,0,0,0,0,0
489,127,0,0,0,0,0
490,127,0,0,0,0,0
491,127,0,0,0,0,0
492,127,0,0,0,0,0
493,127,0,0,0,0,0
494,127,0,0,0,0,0
495,127,0,0,0,0,0
496,127,0,0,0,0,0
497,127,0,0,0,0,0
498,127,0,0,0,0,0
499,127,0,0,0,0,0
500,113,0,1,1,0,0
501,113,0,1,1,0,0
502,113,0,1,1,0,0
503,113,0,1,1,0,0
504,113,0,1,1,0,0
505,113,0,1,1,0,0
506,113,0,1,1,0,0
507,113,0,1,1,0,0
508,113,0,1,1,0,0
509,113,0,1,1,0,0
510,113,0,1,1,0,0
511,113,0,1,1,0,0
512,113,0,1,1,0,0
513,113,0,1,1,0,0
514,113,0,1,1,0,0
515,113,0,1,1,0,0
516,113,0,1,1,0,0
517,113,0,1,1,0,0
518,113,0,1,1,0,0
519,113,0,1,1,0,0
520,113,0,1,1,0,0
521,113,0,1,1,0,0
522,113,0,1,1,0,0
523,113,0,1,1,0,0
524,113,0,1,1,0,0
525,113,0,1,1,0,0
526,113,0,1,1,0,0
527,113,0,1,1,0,0
528,113,0,1,1,0,0
529,113,0,1,1,0,0
530,113,0,1,1,0,0
531,113,0,1,1,0,0
532,113,0,1,1,0,0
533,113,0,1,1,0,0
534,113,0,1,1,0,0
535,113,0,1,1,0,0
536,113,0,1,1,0,0
537,113,0,1,1,0,0
538,113,0,1,1,0,0
539,113,0,1,1,0,0
540,113,0,1,1,0,0
541,113,0,1,1,0,0
542,113,0,1,1,0,0
543,113,0,1,1,0,0
544,113,0,1,1,0,0
545,127,0,0,0,0,0
546,127,0,0,0,0,0
547,127,0,0,0,0,0
548,127,0,0,0,0,0
549,127,0,0,0,0,0
550,127,0,0,0,0,0
551,127,0,0,0,0,0
552,127,0,0,0,0,0
553,127,0,0,0,0,0
554,127,0,0,0,0,0
555,127,0,0,0,0,0
556,127,0,0,0,0,0
557,127,0,0,0,0,0
558,127,0,0,0,0,0
559,127,0,0,0,0,0
560,127,0,0,0,0,0
561,127,0,0,0,0,0
562,127,0,0,0,0,0
563,127,0,0,0,0,0
564,127,0,0,0,0,0
565,127,0,0,0,0,0
566,127,0,0,0,0,0
567,127,0,0,0,0,0
568,127,0,0,0,0,0
569,127,0,0,0,0,0
570,127,0,0,0,0,0
571,127,0,0,0,0,0
572,127,0,0,0,0,0
573,127,0,0,0,0,0
574,127,0,0,0,0,0
575,127,0,0,0,0,0
576,127,0,0,0,0,0
577,127,0,0,0,0,0
578,127,0,0,0,0,0
579,127,0,0,0,0,0
580,127,0,0,0,0,0
581,127,0,0,0,0,0
582,127,0,0,0,0,0
583,127,0,0,0,0,0
584,127,0,0,0,0,0
585,127,0,0,0,0,0
586,127,0,0,0,0,0
587,127,0,0,0,0,0
588,127,0,0,0,0,0
589,127,0,0,0,0,0
590,127,0,0,0,0,0
591,127,0,0,0,0,0
592,127,0,0,0,0,0
593,127,0,0,0,0,0
594,127,0,0,0,0,0
595,127,0,0,0,0,0
596,127,0,0,0,0,0
597,127,0,0,0,0,0
598,127,0,0,0,0,0
599,127,0,0,0,0,0
600,126,1,0,0,0,0
601,126,1,0,0,0,0
602,126,1,0,0,0,0
603,126,1,0,0,0,0
604,126,1,0,0,0,0
605,126,1,0,0,0,0
606,126,1,0,0,0,0
607,126,1,0,0,0,0
608,126,1,0,0,0,0
609,126,1,0,0,0,0
610,126,1,0,0,0,0
611,126,1,0,0,0,0
612,126,1,0,0,0,0
613,126,1,0,0,0,0
614,126,1,0,0,0,0
615,126,1,0,0,0,0
616,126,1,0,0,0,0
617,126,1,0,0,0,0
618,126,1,0,0,0,0
619,126,1,0,0,0,0
620,126,1,0,0,0,0
621,126,1,0,0,0,0
622,126,1,0,0,0,0
623,126,1,0,0,0,0
624,126,1,0,0,0,0
625,126,1,0,0,0,0
626,126,1,0,0,0,0
627,126,1,0,0,0,0
628,126,1,0,0,0,0
629,126,1,0,0,0,0
630,127,0,0,0,0,0
631,127,0,0,0,0,0
632,127,0,0,0,0,0
633,127,0,0,0,0,0
634,127,0,0,0,0,0
635,127,0,0,0,0,0
636,127,0,0,0,0,0
637,127,0,0,0,0,0
638,127,0,0,0,0,0
639,127,0,0,0,0,0
640,127,0,0,0,0,0
641,127,0,0,0,0,0
642,127,0,0,0,0,0
643,127,0,0,0,0,0
644,127,0,0,0,0,0
645,127,0,0,0,0,0
646,127,0,0,0,0,0
647,127,0,0,0,0,0
648,127,0,0,0,0,0
649,127,0,0,0,0,0
650,127,0,0,0,0,0
651,127,0,0,0,0,0
652,127,0,0,0,0,0
653,127,0,0,0,0,0
654,127,0,0,0,0,0
655,127,0,0,0,0,0
656,127,0,0,0,0,0
657,127,0,0,0,0,0
658,127,0,0,0,0,0
659,127,0,0,0,0,0
660,127,0,0,0,0,0
661,127,0,0,0,0,0
662,127,0,0,0,0,0
663,127,0,0,0,0,0
664,127,0,0,0,0,0
665,127,0,0,0,0,0
666,127,0,0,0,0,0
667,127,0,0,0,0,0
668,127,0,0,0,0,0
669,127,0,0,0,0,0
670,127,0,0,0,0,0
671,127,0,0,0,0,0
672,127,0,0,0,0,0
673,127,0,0,0,0,0
674,127,0,0,0,0,0
675,127,0,0,0,0,0
676,127,0,0,0,0,0
677,127,0,0,0,0,0
678,127,0,0,0,0,0
679,127,0,0,0,0,0
680,127,0,0,0,0,0
681,127,0,0,0,0,0
682,127,0,0,0,0,0
683,127,0,0,0,0,0
684,127,0,0,0,0,0
685,127,0,0,0,0,0
686,127,0,0,0,0,0
687,127,0,0,0,0,0
688,127,0,0,0,0,0
689,127,0,0,0,0,0
690,127,0,0,0,0,0
691,127,0,0,0,0,0
692,127,0,0,0,0,0
693,127,0,0,0,0,0
694,127,0,0,0,0,0
695,127,0,0,0,0,0
696,127,0,0,0,0,0
697,127,0,0,0,0,0
698,127,0,0,0,0,0
699,127,0,0,0,0,0
700,0,1,1,1,1,1
701,0,1,1,1,1,1
702,0,1,1,1,1,1
703,0,1,1,1,1,1
704,0,1,1,1,1,1
705,0,1,1,1,1,1
706,0,1,1,1,1,1
707,0,1,1,1,1,1
708,0,1,1,1,1,1
709,0,1,1,1,1,1
710,127,0,0,0,0,0
711,127,0,0,0,0,0
712,127,0,0,0,0,0
713,127,0,0,0,0,0
714,127,0,0,0,0,0
715,127,0,0,0,0,0
716,127,0,0,0,0,0
717,127,0,0,0,0,0
718,127,0,0,0,0,0
719,127,0,0,0,0,0
720,127,0,0,0,0,0
721,127,0,0,0,0,0
722,127,0,0,0,0,0
723,127,0,0,0,0,0
724,127,0,0,0,0,0
725,127,0,0,0,0,0
726,127,0,0,0,0,0
727,127,0,0,0,0,0
728,127,0,0,0,0,0
729,127,0,0,0,0,0
730,127,0,0,0,0,0
731,127,0,0,0,0,0
732,127,0,0,0,0,0
733,127,0,0,0,0,0
734,127,0,0,0,0,0
735,127,0,0,0,0,0
736,127,0,0,0,0,0
737,127,0,0,0,0,0
738,127,0,0,0,0,0
739,127,0,0,0,0,0
740,127,0,0,0,0,0
741,127,0,0,0,0,0
742,127,0,0,0,0,0
743,127,0,0,0,0,0
744,127,0,0,0,0,0
745,127,0,0,0,0,0
746,127,0,0,0,0,0
747,127,0,0,0,0,0
748,127,0,0,0,0,0
749,127,0,0,0,0,0
750,113,0,1,1,0,0
751,113,0,1,1,0,0
752,113,0,1,1,0,0
753,113,0,1,1,0,0
754,113,0,1,1,0,0
755,113,0,1,1,0,0
756,113,0,1,1,0,0
757,113,0,1,1,0,0
758,113,0,1,1,0,0
759,113,0,1,1,0,0
760,113,0,1,1,0,0
761,113,0,1,1,0,0
762,113,0,1,1,0,0
763,113,0,1,1,0,0
764,113,0,1,1,0,0
765,113,0,1,1,0,0
766,113,0,1,1,0,0
767,113,0,1,1,0,0
768,113,0,1,1,0,0
769,113,0,1,1,0,0
770,113,0,1,1,0,0
771,113,0,1,1,0,0
772,113,0,1,1,0,0
773,113,0,1,1,0,0
774,113,0,1,1,0,0
775,113,0,1,1,0,0
776,113,0,1,1,0,0
777,113,0,1,1,0,0
778,113,0,1,1,0,0
779,113,0,1,1,0,0
780,127,0,0,0,0,0
781,127,0,0,0,0,0
782,127,0,0,0,0,0
783,127,0,0,0,0,0
784,127,0,0,0,0,0
785,127,0,0,0,0,0
786,127,0,0,0,0,0
787,127,0,0,0,0,0
788,127,0,0,0,0,0
789,127,0,0,0,0,0
790,127,0,0,0,0,0
791,127,0,0,0,0,0
792,127,0,0,0,0,0
793,127,0,0,0,0,0
794,127,0,0,0,0,0
795,127,0,0,0,0,0
796,127,0,0,0,0,0
797,127,0,0,0,0,0
798,127,0,0,0,0,0
799,127,0,0,0,0,0
800,127,0,0,0,0,0
801,127,0,0,0,0,0
802,127,0,0,0,0,0
803,127,0,0,0,0,0
804,127,0,0,0,0,0
805,127,0,0,0,0,0
806,127,0,0,0,0,0
807,127,0,0,0,0,0
808,127,0,0,0,0,0
809,127,0,0,0,0,0
810,127,0,0,0,0,0
811,127,0,0,0,0,0
812,127,0,0,0,0,0
813,127,0,0,0,0,0
814,127,0,0,0,0,0
815,127,0,0,0,0,0
816,127,0,0,0,0,0
817,127,0,0,0,0,0
818,127,0,0,0,0,0
819,127,0,0,0,0,0
820,127,0,0,0,0,0
821,127,0,0,0,0,0
822,127,0,0,0,0,0
823,127,0,0,0,0,0
824,127,0,0,0,0,0
825,127,0,0,0,0,0
826,127,0,0,0,0,0
827,127,0,0,0,0,0
828,127,0,0,0,0,0
829,127,0,0,0,0,0
830,127,0,0,0,0,0
831,127,0,0,0,0,0
832,127,0,0,0,0,0
833,127,0,0,0,0,0
834,127,0,0,0,0,0
835,127,0,0,0,0,0
836,127,0,0,0,0,0
837,127,0,0,0,0,0
838,127,0,0,0,0,0
839,127,0,0,0,0,0
840,127,0,0,0,0,0
841,127,0,0,0,0,0
842,127,0,0,0,0,0
843,127,0,0,0,0,0
844,127,0,0,0,0,0
845,127,0,0,0,0,0
846,127,0,0,0,0,0
847,127,0,0,0,0,0
848,127,0,0,0,0,0
849,127,0,0,0,0,0
850,127,0,0,0,0,0
851,127,0,0,0,0,0
852,127,0,0,0,0,0
853,127,0,0,0,0,0
854,127,0,0,0,0,0
855,127,0,0,0,0,0
856,127,0,0,0,0,0
857,127,0,0,0,0,0
858,127,0,0,0,0,0
859,127,0,0,0,0,0
860,127,0,0,0,0,0
861,127,0,0,0,0,0
862,127,0,0,0,0,0
863,127,0,0,0,0,0
864,127,0,0,0,0,0
865,127,0,0,0,0,0
866,127,0,0,0,0,0
867,127,0,0,0,0,0
868,127,0,0,0,0,0
869,127,0,0,0,0,0
870,127,0,0,0,0,0
871,127,0,0,0,0,0
872,127,0,0,0,0,0
873,127,0,0,0,0,0
874,127,0,0,0,0,0
875,127,0,0,0,0,0
876,127,0,0,0,0,0
877,127,0,0,0,0,0
878,127,0,0,0,0,0
879,127,0,0,0,0,0
880,127,0,0,0,0,0
881,127,0,0,0,0,0
882,127,0,0,0,0,0
883,127,0,0,0,0,0
884,127,0,0,0,0,0
885,127,0,0,0,0,0
886,127,0,0,0,0,0
887,127,0,0,0,0,0
888,127,0,0,0,0,0
889,127,0,0,0,0,0
890,127,0,0,0,0,0
891,127,0,0,0,0,0
892,127,0,0,0,0,0
893,127,0,0,0,0,0
894,127,0,0,0,0,0
895,127,0,0,0,0,0
896,127,0,0,0,0,0
897,127,0,0,0,0,0
898,127,0,0,0,0,0
0,15,0,0,0,1,1
1,15,0,0,0,1,1
2,127,0,0,0,0,0
3,127,0,0,0,0,0
4,127,0,0,0,0,0
5,127,0,0,0,0,0
6,127,0,0,0,0,0
7,127,0,0,0,0,0
8,127,0,0,0,0,0
9,127,0,0,0,0,0
10,127,0,0,0,0,0
11,127,0,0,0,0,0
12,127,0,0,0,0,0
13,127,0,0,0,0,0
14,127,0,0,0,0,0
15,127,0,0,0,0,0
16,127,0,0,0,0,0
17,127,0,0,0,0,0
18,127,0,0,0,0,0
19,127,0,0,0,0,0
20,127,0,0,0,0,0
21,127,0,0,0,0,0
22,127,0,0,0,0,0
23,127,0,0,0,0,0
24,127,0,0,0,0,0
25,127,0,0,0,0,0
26,127,0,0,0,0,0
27,127,0,0,0,0,0
28,127,0,0,0,0,0
29,127,0,0,0,0,0
30,127,0,0,0,0,0
31,127,0,0,0,0,0
32,127,0,0,0,0,0
33,127,0,0,0,0,0
34,127,0,0,0,0,0
35,127,0,0,0,0,0
36,127,0,0,0,0,0
37,127,0,0,0,0,0
38,127,0,0,0,0,0
39,127,0,0,0,0,0
40,127,0,0,0,0,0
41,127,0,0,0,0,0
42,127,0,0,0,0,0
43,127,0,0,0,0,0
44,127,0,0,0,0,0
45,127,0,0,0,0,0
46,127,0,0,0,0,0
47,127,0,0,0,0,0
48,127,0,0,0,0,0
49,127,0,0,0,0,0
50,127,0,0,0,0,0
51,127,0,0,0,0,0
52,127,0,0,0,0,0
53,127,0,0,0,0,0
54,127,0,0,0,0,0
55,127,0,0,0,0,0
56,127,0,0,0,0,0
57,127,0,0,0,0,0
58,127,0,0,0,0,0
59,127,0,0,0,0,0
60,127,0,0,0,0,0
61,127,0,0,0,0,0
62,127,0,0,0,0,0
63,127,0,0,0,0,0
64,127,0,0,0,0,0
65,127,0,0,0,0,0
66,127,0,0,0,0,0
67,127,0,0,0,0,0
68,127,0,0,0,0,0
69,127,0,0,0,0,0
70,127,0,0,0,0,0
71,127,0,0,0,0,0
72,127,0,0,0,0,0
73,127,0,0,0,0,0
74,127,0,0,0,0,0
75,127,0,0,0,0,0
76,127,0,0,0,0,0
77,127,0,0,0,0,0
78,127,0,0,0,0,0
79,127,0,0,0,0,0
80,127,0,0,0,0,0
81,127,0,0,0,0,0
82,127,0,0,0,0,0
83,127,0,0,0,0,0
84,127,0,0,0,0,0
85,127,0,0,0,0,0
86,127,0,0,0,0,0
87,127,0,0,0,0,0
88,127,0,0,0,0,0
89,127,0,0,0,0,0
90,127,0,0,0,0,0
91,127,0,0,0,0,0
92,127,0,0,0,0,0
93,127,0,0,0,0,0
94,127,0,0,0,0,0
95,127,0,0,0,0,0
96,127,0,0,0,0,0
97,127,0,0,0,0,0
98,127,0,0,0,0,0
99,127,0,0,0,0,0
100,127,0,0,0,0,0
101,127,0,0,0,0,0
102,127,0,0,0,0,0
103,127,0,0,0,0,0
104,127,0,0,0,0,0
105,127,0,0,0,0,0
106,127,0,0,0,0,0
107,127,0,0,0,0,0
108,127,0,0,0,0,0
109,127,0,0,0,0,0
110,127,0,0,0,0,0
111,127,0,0,0,0,0
112,127,0,0,0,0,0
113,127,0,0,0,0,0
114,127,0,0,0,0,0
115,127,0,0,0,0,0
116,127,0,0,0,0,0
117,127,0,0,0,0,0
118,127,0,0,0,0,0
119,127,0,0,0,0,0
120,127,0,0,0,0,0
121,127,0,0,0,0,0
122,127,0,0,0,0,0
123,127,0,0,0,0,0
124,127,0,0,0,0,0
125,127,0,0,0,0,0
126,127,0,0,0,0,0
127,127,0,0,0,0,0
128,127,0,0,0,0,0
129,127,0,0,0,0,0
130,127,0,0,0,0,0
131,127,0,0,0,0,0
132,127,0,0,0,0,0
133,127,0,0,0,0,0
134,127,0,0,0,0,0
135,127,0,0,0,0,0
136,127,0,0,0,0,0
137,127,0,0,0,0,0
138,127,0,0,0,0,0
139,127,0,0,0,0,0
140,127,0,0,0,0,0
141,127,0,0,0,0,0
142,127,0,0,0,0,0
143,127,0,0,0,0,0
144,127,0,0,0,0,0
145,127,0,0,0,0,0
146,127,0,0,0,0,0
147,127,0,0,0,0,0
148,127,0,0,0,0,0
149,127,0,0,0,0,0
150,127,0,0,0,0,0
151,127,0,0,0,0,0
152,127,0,0,0,0,0
153,127,0,0,0,0,0
154,127,0,0,0,0,0
155,127,0,0,0,0,0
156,127,0,0,0,0,0
157,127,0,0,0,0,0
158,127,0,0,0,0,0
159,127,0,0,0,0,0
160,127,0,0,0,0,0
161,127,0,0,0,0,0
162,127,0,0,0,0,0
163,127,0,0,0,0,0
164,127,0,0,0,0,0
165,127,0,0,0,0,0
166,127,0,0,0,0,0
167,127,0,0,0,0,0
168,127,0,0,0,0,0
169,127,0,0,0,0,0
170,127,0,0,0,0,0
171,127,0,0,0,0,0
172,127,0,0,0,0,0
173,127,0,0,0,0,0
174,127,0,0,0,0,0
175,127,0,0,0,0,0
176,127,0,0,0,0,0
177,127,0,0,0,0,0
178,127,0,0,0,0,0
179,127,0,0,0,0,0
180,127,0,0,0,0,0
181,127,0,0,0,0,0
182,127,0,0,0,0,0
183,127,0,0,0,0,0
184,127,0,0,0,0,0
185,127,0,0,0,0,0
186,127,0,0,0,0,0
187,127,0,0,0,0,0
188,127,0,0,0,0,0
189,127,0,0,0,0,0
190,127,0,0,0,0,0
191,127,0,0,0,0,0
192,127,0,0,0,0,0
193,127,0,0,0,0,0
194,127,0,0,0,0,0
195,127,0,0,0,0,0
196,127,0,0,0,0,0
197,127,0,0,0,0,0
198,127,0,0,0,0,0
199,127,0,0,0,0,0
200,127,0,0,0,0,0
201,127,0,0,0,0,0
202,127,0,0,0,0,0
203,127,0,0,0,0,0
204,127,0,0,0,0,0
205,127,0,0,0,0,0
206,127,0,0,0,0,0
207,127,0,0,0,0,0
208,127,0,0,0,0,0
209,127,0,0,0,0,0
210,127,0,0,0,0,0
211,127,0,0,0,0,0
212,127,0,0,0,0,0
213,127,0,0,0,0,0
214,127,0,0,0,0,0
215,127,0,0,0,0,0
216,127,0,0,0,0,0
217,127,0,0,0,0,0
218,127,0,0,0,0,0
219,127,0,0,0,0,0
220,127,0,0,0,0,0
221,127,0,0,0,0,0
222,127,0,0,0,0,0
223,127,0,0,0,0,0
224,127,0,0,0,0,0
225,127,0,0,0,0,0
226,127,0,0,0,0,0
227,127,0,0,0,0,0
228,127,0,0,0,0,0
229,127,0,0,0,0,0
230,127,0,0,0,0,0
231,127,0,0,0,0,0
232,127,0,0,0,0,0
233,127,0,0,0,0,0
234,127,0,0,0,0,0
235,127,0,0,0,0,0
236,127,0,0,0,0,0
237,127,0,0,0,0,0
238,127,0,0,0,0,0
239,127,0,0,0,0,0
240,127,0,0,0,0,0
241,127,0,0,0,0,0
242,127,0,0,0,0,0
243,127,0,0,0,0,0
244,127,0,0,0,0,0
245,127,0,0,0,0,0
246,127,0,0,0,0,0
247,127,0,0,0,0,0
248,127,0,0,0,0,0
249,127,0,0,0,0,0
250,127,0,0,0,0,0
251,127,0,0,0,0,0
252,127,0,0,0,0,0
253,127,0,0,0,0,0
254,127,0,0,0,0,0
255,127,0,0,0,0,0
256,127,0,0,0,0,0
257,127,0,0,0,0,0
258,127,0,0,0,0,0
259,127,0,0,0,0,0
260,127,0,0,0,0,0
261,127,0,0,0,0,0
262,127,0,0,0,0,0
263,127,0,0,0,0,0
264,127,0,0,0,0,0
265,127,0,0,0,0,0
266,127,0,0,0,0,0
267,127,0,0,0,0,0
268,127,0,0,0,0,0
269,127,0,0,0,0,0
270,127,0,0,0,0,0
271,127,0,0,0,0,0
272,127,0,0,0,0,0
273,127,0,0,0,0,0
274,127,0,0,0,0,0
275,127,0,0,0,0,0
276,127,0,0,0,0,0
277,127,0,0,0,0,0
278,127,0,0,0,0,0
279,127,0,0,0,0,0
280,127,0,0,0,0,0
281,127,0,0,0,0,0
282,127,0,0,0,0,0
283,127,0,0,0,0,0
284,127,0,0,0,0,0
285,127,0,0,0,0,0
286,127,0,0,0,0,0
287,127,0,0,0,0,0
288,127,0,0,0,0,0
289,127,0,0,0,0,0
290,127,0,0,0,0,0
291,127,0,0,0,0,0
292,127,0,0,0,0,0
293,127,0,0,0,0,0
294,127,0,0,0,0,0
295,127,0,0,0,0,0
296,127,0,0,0,0,0
297,127,0,0,0,0,0
298,127,0,0,0,0,0
299,127,0,0,0,0,0
300,127,0,0,0,0,0
301,127,0,0,0,0,0
302,127,0,0,0,0,0
303,127,0,0,0,0,0
304,127,0,0,0,0,0
305,127,0,0,0,0,0
306,127,0,0,0,0,0
307,127,0,0,0,0,0
308,127,0,0,0,0,0
309,127,0,0,0,0,0
310,127,0,0,0,0,0
311,127,0,0,0,0,0
312,127,0,0,0,0,0
313,127,0,0,0,0,0
314,127,0,0,0,0,0
315,127,0,0,0,0,0
316,127,0,0,0,0,0
317,127,0,0,0,0,0
318,127,0,0,0,0,0
319,127,0,0,0,0,0
320,127,0,0,0,0,0
321,127,0,0,0,0,0
322,127,0,0,0,0,0
323,127,0,0,0,0,0
324,127,0,0,0,0,0
325,127,0,0,0,0,0
326,127,0,0,0,0,0
327,127,0,0,0,0,0
328,127,0,0,0,0,0
329,127,0,0,0,0,0
330,127,0,0,0,0,0
331,127,0,0,0,0,0
332,127,0,0,0,0,0
333,127,0,0,0,0,0
334,127,0,0,0,0,0
335,127,0,0,0,0,0
336,127,0,0,0,0,0
337,127,0,0,0,0,0
338,127,0,0,0,0,0
339,127,0,0,0,0,0
340,127,0,0,0,0,0
341,127,0,0,0,0,0
342,127,0,0,0,0,0
343,127,0,0,0,0,0
344,127,0,0,0,0,0
345,127,0,0,0,0,0
346,127,0,0,0,0,0
347,127,0,0,0,0,0
348,127,0,0,0,0,0
349,127,0,0,0,0,0
350,127,0,0,0,0,0
351,127,0,0,0,0,0
352,127,0,0,0,0,0
353,127,0,0,0,0,0
354,127,0,0,0,0,0
355,127,0,0,0,0,0
356,127,0,0,0,0,0
357,127,0,0,0,0,0
358,127,0,0,0,0,0
359,127,0,0,0,0,0
360,127,0,0,0,0,0
361,127,0,0,0,0,0
362,127,0,0,0,0,0
363,127,0,0,0,0,0
364,127,0,0,0,0,0
365,127,0,0,0,0,0
366,127,0,0,0,0,0
367,127,0,0,0,0,0
368,127,0,0,0,0,0
369,127,0,0,0,0,0
370,127,0,0,0,0,0
371,127,0,0,0,0,0
372,127,0,0,0,0,0
373,127,0,0,0,0,0
374,127,0,0,0,0,0
375,127,0,0,0,0,0
376,127,0,0,0,0,0
377,127,0,0,0,0,0
378,127,0,0,0,0,0
379,127,0,0,0,0,0
380,127,0,0,0,0,0
381,127,0,0,0,0,0
382,127,0,0,0,0,0
383,127,0,0,0,0,0
384,127,0,0,0,0,0
385,127,0,0,0,0,0
386,127,0,0,0,0,0
387,127,0,0,0,0,0
388,127,0,0,0,0,0
389,127,0,0,0,0,0
390,127,0,0,0,0,0
391,127,0,0,0,0,0
392,127,0,0,0,0,0
393,127,0,0,0,0,0
394,127,0,0,0,0,0
395,127,0,0,0,0,0
396,127,0,0,0,0,0
397,127,0,0,0,0,0
398,127,0,0,0,0,0
399,127,0,0,0,0,0
400,115,0,0,1,0,0
401,115,0,0,1,0,0
402,115,0,0,1,0,0
403,115,0,0,1,0,0
404,115,0,0,1,0,0
405,115,0,0,1,0,0
406,115,0,0,1,0,0
407,115,0,0,1,0,0
408,115,0,0,1,0,0
409,115,0,0,1,0,0
410,115,0,0,1,0,0
411,115,0,0,1,0,0
412,115,0,0,1,0,0
413,115,0,0,1,0,0
414,115,0,0,1,0,0
415,115,0,0,1,0,0
416,115,0,0,1,0,0
417,115,0,0,1,0,0
418,115,0,0,1,0,0
419,115,0,0,1,0,0
420,115,0,0,1,0,0
421,115,0,0,1,0,0
422,115,0,0,1,0,0
423,115,0,0,1,0,0
424,115,0,0,1,0,0
425,115,0,0,1,0,0
426,115,0,0,1,0,0
427,115,0,0,1,0,0
428,115,0,0,1,0,0
429,115,0,0,1,0,0
430,115,0,0,1,0,0
431,115,0,0,1,0,0
432,115,0,0,1,0,0
433,115,0,0,1,0,0
434,115,0,0,1,0,0
435,115,0,0,1,0,0
436,115,0,0,1,0,0
437,115,0,0,1,0,0
438,115,0,0,1,0,0
439,115,0,0,1,0,0
440,115,0,0,1,0,0
441,115,0,0,1,0,0
442,115,0,0,1,0,0
443,115,0,0,1,0,0
444,115,0,0,1,0,0
445,127,0,0,0,0,0
446,127,0,0,0,0,0
447,127,0,0,0,0,0
448,127,0,0,0,0,0
449,127,0,0,0,0,0
450,127,0,0,0,0,0
451,127,0,0,0,0,0
452,127,0,0,0,0,0
453,127,0,0,0,0,0
454,127,0,0,0,0,0
455,127,0,0,0,0,0
456,127,0,0,0,0,0
457,127,0,0,0,0,0
458,127,0,0,0,0,0
459,127,0,0,0,0,0
460,127,0,0,0,0,0
461,127,0,0,0,0,0
462,127,0,0,0,0,0
463,127,0,0,0,0,0
464,127,0,0,0,0,0
465,127,0,0,0,0,0
466,127,0,0,0,0,0
467,127,0,0,0,0,0
468,127,0,0,0,0,0
469,127,0,0,0,0,0
470,127,0,0,0,0,0
471,127,0,0,0,0,0
472,127,0,0,0,0,0
473,127,0,0,0,0,0
474,127,0,0,0,0,0
475,127,0,0,0,0,0
476,127,0,0,0,0,0
477,127,0,0,0,0,0
478,127,0,0,0,0,0
479,127,0,0,0,0,0
480,127,0,0,0,0,0
481,127,0,0,0,0,0
482,127,0,0,0,0,0
483,127,0,0,0,0,0
484,127,0,0,0,0,0
485,127,0,0,0,0,0
486,127,0,0,0,0,0
487,127,0,0,0,0,0
488,127,0,0,0,0,0
489,127,0,0,0,0,0
490,127,0,0,0,0,0
491,127,0,0,0,0,0
492,127,0,0,0,0,0
493,127,0,0,0,0,0
494,127,0,0,0,0,0
495,127,0,0,0,0,0
496,127,0,0,0,0,0
497,127,0,0,0,0,0
498,127,0,0,0,0,0
499,127,0,0,0,0,0
500,113,0,1,1,0,0
501,113,0,1,1,0,0
502,113,0,1,1,0,0
503,113,0,1,1,0,0
504,113,0,1,1,0,0
505,113,0,1,1,0,0
506,113,0,1,1,0,0
507,113,0,1,1,0,0
508,113,0,1,1,0,0
509,113,0,1,1,0,0
510,113,0,1,1,0,0
511,113,0,1,1,0,0
512,113,0,1,1,0,0
513,113,0,1,1,0,0
514,113,0,1,1,0,0
515,113,0,1,1,0,0
516,113,0,1,1,0,0
517,113,0,1,1,0,0
518,113,0,1,1,0,0
519,113,0,1,1,0,0
520,113,0,1,1,0,0
521,113,0,1,1,0,0
522,113,0,1,1,0,0
523,113,0,1,1,0,0
524,113,0,1,1,0,0
525,113,0,1,1,0,0
526,113,0,1,1,0,0
527,113,0,1,1,0,0
528,113,0,1,1,0,0
529,113,0,1,1,0,0
530,113,0,1,1,0,0
531,113,0,1,1,0,0
532,113,0,1,1,0,0
533,113,0,1,1,0,0
534,113,0,1,1,0,0
535,113,0,1,1,0,0
536,113,0,1,1,0,0
537,113,0,1,1,0,0
538,113,0,1,1,0,0
539,113,0,1,1,0,0
540,113,0,1,1,0,0
541,113,0,1,1,0,0
542,113,0,1,1,0,0
543,113,0,1,1,0,0
544,113,0,1,1,0,0
545,127,0,0,0,0,0
546,127,0,0,0,0,0
547,127,0,0,0,0,0
548,127,0,0,0,0,0
549,127,0,0,0,0,0
550,127,0,0,0,0,0
551,127,0,0,0,0,0
552,127,0,0,0,0,0
553,127,0,0,0,0,0
554,127,0,0,0,0,0
555,127,0,0,0,0,0
556,127,0,0,0,0,0
557,127,0,0,0,0,0
558,127,0,0,0,0,0
559,127,0,0,0,0,0
560,127,0,0,0,0,0
561,127,0,0,0,0,0
562,127,0,0,0,0,0
563,127,0,0,0,0,0
564,127,0,0,0,0,0
565,127,0,0,0,0,0
566,127,0,0,0,0,0
567,127,0,0,0,0,0
568,127,0,0,0,0,0
569,127,0,0,0,0,0
570,127,0,0,0,0,0
571,127,0,0,0,0,0
572,127,0,0,0,0,0
573,127,0,0,0,0,0
574,127,0,0,0,0,0
575,127,0,0,0,0,0
576,127,0,0,0,0,0
577,127,0,0,0,0,0
578,127,0,0,0,0,0
579,127,0,0,0,0,0
580,127,0,0,0,0,0
581,127,0,0,0,0,0
582,127,0,0,0,0,0
583,127,0,0,0,0,0
584,127,0,0,0,0,0
585,127,0,0,0,0,0
586,127,0,0,0,0,0
587,127,0,0,0,0,0
588,127,0,0,0,0,0
589,127,0,0,0,0,0
590,127,0,0,0,0,0
591,127,0,0,0,0,0
592,127,0,0,0,0,0
593,127,0,0,0,0,0
594,127,0,0,0,0,0
595,127,0,0,0,0,0
596,127,0,0,0,0,0
597,127,0,0,0,0,0
598,127,0,0,0,0,0
599,127,0,0,0,0,0
600,126,1,0,0,0,0
601,126,1,0,0,0,0
602,126,1,0,0,0,0
603,126,1,0,0,0,0
604,126,1,0,0,0,0
605,126,1,0,0,0,0
606,126,1,0,0,0,0
607,126,1,0,0,0,0
608,126,1,0,0,0,0
609,126,1,0,0,0,0
610,126,1,0,0,0,0
611,126,1,0,0,0,0
612,126,1,0,0,0,0
613,126,1,0,0,0,0
614,126,1,0,0,0,0
615,126,1,0,0,0,0
616,126,1,0,0,0,0
617,126,1,0,0,0,0
618,126,1,0,0,0,0
619,126,1,0,0,0,0
620,126,1,0,0,0,0
621,126,1,0,0,0,0
622,126,1,0,0,0,0
623,126,1,0,0,0,0
624,126,1,0,0,0,0
625,126,1,0,0,0,0
626,126,1,0,0,0,0
627,126,1,0,0,0,0
628,126,1,0,0,0,0
629,126,1,0,0,0,0
630,127,0,0,0,0,0
631,127,0,0,0,0,0
632,127,0,0,0,0,0
633,127,0,0,0,0,0
634,127,0,0,0,0,0
635,127,0,0,0,0,0
636,127,0,0,0,0,0
637,127,0,0,0,0,0
638,127,0,0,0,0,0
639,127,0,0,0,0,0
640,127,0,0,0,0,0
641,127,0,0,0,0,0
642,127,0,0,0,0,0
643,127,0,0,0,0,0
644,127,0,0,0,0,0
645,127,0,0,0,0,0
646,127,0,0,0,0,0
647,127,0,0,0,0,0
648,127,0,0,0,0,0
649,127,0,0,0,0,0
650,127,0,0,0,0,0
651,127,0,0,0,0,0
652,127,0,0,0,0,0
653,127,0,0,0,0,0
654,127,0,0,0,0,0
655,127,0,0,0,0,0
656,127,0,0,0,0,0
657,127,0,0,0,0,0
658,127,0,0,0,0,0
659,127,0,0,0,0,0
660,127,0,0,0,0,0
661,127,0,0,0,0,0
662,127,0,0,0,0,0
663,127,0,0,0,0,0
664,127,0,0,0,0,0
665,127,0,0,0,0,0
666,127,0,0,0,0,0
667,127,0,0,0,0,0
668,127,0,0,0,0,0
669,127,0,0,0,0,0
670,127,0,0,0,0,0
671,127,0,0,0,0,0
672,127,0,0,0,0,0
673,127,0,0,0,0,0
674,127,0,0,0,0,0
675,127,0,0,0,0,0
676,127,0,0,0,0,0
677,127,0,0,0,0,0
678,127,0,0,0,0,0
679,127,0,0,0,0,0
680,127,0,0,0,0,0
681,127,0,0,0,0,0
682,127,0,0,0,0,0
683,127,0,0,0,0,0
684,127,0,0,0,0,0
685,127,0,0,0,0,0
686,127,0,0,0,0,0
687,127,0,0,0,0,0
688,127,0,0,0,0,0
689,127,0,0,0,0,0
690,127,0,0,0,0,0
691,127,0,0,0,0,0
692,127,0,0,0,0,0
693,127,0,0,0,0,0
694,127,0,0,0,0,0
695,127,0,0,0,0,0
696,127,0,0,0,0,0
697,127,0,0,0,0,0
698,127,0,0,0,0,0
699,127,0,0,0,0,0
700,0,1,1,1,1,1
701,0,1,1,1,1,1
702,0,1,1,1,1,1
703,0,1,1,1,1,1
704,0,1,1,1,1,1
705,0,1,1,1,1,1
706,0,1,1,1,1,1
707,0,1,1,1,1,1
708,0,1,1,1,1,1
709,0,1,1,1,1,1
710,127,0,0,0,0,0
711,127,0,0,0,0,0
712,127,0,0,0,0,0
713,127,0,0,0,0,0
714,127,0,0,0,0,0
715,127,0,0,0,0,0
716,127,0,0,0,0,0
717,127,0,0,0,0,0
718,127,0,0,0,0,0
719,127,0,0,0,0,0
720,127,0,0,0,0,0
721,127,0,0,0,0,0
722,127,0,0,0,0,0
723,127,0,0,0,0,0
724,127,0,0,0,0,0
725,127,0,0,0,0,0
726,127,0,0,0,0,0
727,127,0,0,0,0,0
728,127,0,0,0,0,0
729,127,0,0,0,0,0
730,127,0,0,0,0,0
731,127,0,0,0,0,0
732,127,0,0,0,0,0
733,127,0,0,0,0,0
734,127,0,0,0,0,0
735,127,0,0,0,0,0
736,127,0,0,0,0,0
737,127,0,0,0,0,0
738,127,0,0,0,0,0
739,127,0,0,0,0,0
740,127,0,0,0,0,0
741,127,0,0,0,0,0
742,127,0,0,0,0,0
743,127,0,0,0,0,0
744,127,0,0,0,0,0
745,127,0,0,0,0,0
746,127,0,0,0,0,0
747,127,0,0,0,0,0
748,127,0,0,0,0,0
749,127,0,0,0,0,0
750,113,0,1,1,0,0
751,113,0,1,1,0,0
752,113,0,1,1,0,0
753,113,0,1,1,0,0
754,113,0,1,1,0,0
755,113,0,1,1,0,0
756,113,0,1,1,0,0
757,113,0,1,1,0,0
758,113,0,1,1,0,0
759,113,0,1,1,0,0
760,113,0,1,1,0,0
761,113,0,1,1,0,0
762,113,0,1,1,0,0
763,113,0,1,1,0,0
764,113,0,1,1,0,0
765,113,0,1,1,0,0
766,113,0,1,1,0,0
767,113,0,1,1,0,0
768,113,0,1,1,0,0
769,113,0,1,1,0,0
770,113,0,1,1,0,0
771,113,0,1,1,0,0
772,113,0,1,1,0,0
773,113,0,1,1,0,0
774,113,0,1,1,0,0
775,113,0,1,1,0,0
776,113,0,1,1,0,0
777,113,0,1,1,0,0
778,113,0,1,1,0,0
779,113,0,1,1,0,0
780,127,0,0,0,0,0
781,127,0,0,0,0,0
782,127,0,0,0,0,0
783,127,0,0,0,0,0
784,127,0,0,0,0,0
785,127,0,0,0,0,0
786,127,0,0,0,0,0
787,127,0,0,0,0,0
788,127,0,0,0,0,0
789,127,0,0,0,0,0
790,127,0,0,0,0,0
791,127,0,0,0,0,0
792,127,0,0,0,0,0
793,127,0,0,0,0,0
794,127,0,0,0,0,0
795,127,0,0,0,0,0
796,127,0,0,0,0,0
797,127,0,0,0,0,0
798,127,0,0,0,0,0
799,127,0,0,0,0,0
800,127,0,0,0,0,0
801,127,0,0,0,0,0
802,127,0,0,0,0,0
803,127,0,0,0,0,0
804,127,0,0,0,0,0
805,127,0,0,0,0,0
806,127,0,0,0,0,0
807,127,0,0,0,0,0
808,127,0,0,0,0,0
809,127,0,0,0,0,0
810,127,0,0,0,0,0
811,127,0,0,0,0,0
812,127,0,0,0,0,0
813,127,0,0,0,0,0
814,127,0,0,0,0,0
815,127,0,0,0,0,0
816,127,0,0,0,0,0
817,127,0,0,0,0,0
818,127,0,0,0,0,0
819,127,0,0,0,0,0
820,127,0,0,0,0,0
821,127,0,0,0,0,0
822,127,0,0,0,0,0
823,127,0,0,0,0,0
824,127,0,0,0,0,0
825,127,0,0,0,0,0
826,127,0,0,0,0,0
827,127,0,0,0,0,0
828,127,0,0,0,0,0
829,127,0,0,0,0,0
830,127,0,0,0,0,0
831,127,0,0,0,0,0
832,127,0,0,0,0,0
833,127,0,0,0,0,0
834,127,0,0,0,0,0
835,127,0,0,0,0,0
836,127,0,0,0,0,0
837,127,0,0,0,0,0
838,127,0,0,0,0,0
839,127,0,0,0,0,0
840,127,0,0,0,0,0
841,127,0,0,0,0,0
842,127,0,0,0,0,0
843,127,0,0,0,0,0
844,127,0,0,0,0,0
845,127,0,0,0,0,0
846,127,0,0,0,0,0
847,127,0,0,0,0,0
848,127,0,0,0,0,0
849,127,0,0,0,0,0
850,127,0,0,0,0,0
851,127,0,0,0,0,0
852,127,0,0,0,0,0
853,127,0,0,0,0,0
854,127,0,0,0,0,0
855,127,0,0,0,0,0
856,127,0,0,0,0,0
857,127,0,0,0,0,0
858,127,0,0,0,0,0
859,127,0,0,0,0,0
860,127,0,0,0,0,0
861,127,0,0,0,0,0
862,127,0,0,0,0,0
863,127,0,0,0,0,0
864,127,0,0,0,0,0
865,127,0,0,0,0,0
866,127,0,0,0,0,0
867,127,0,0,0,0,0
868,127,0,0,0,0,0
869,127,0,0,0,0,0
870,127,0,0,0,0,0
871,127,0,0,0,0,0
872,127,0,0,0,0,0
873,127,0,0,0,0,0
874,127,0,0,0,0,0
875,127,0,0,0,0,0
876,127,0,0,0,0,0
877,127,0,0,0,0,0
878,127,0,0,0,0,0
879,127,0,0,0,0,0
880,127,0,0,0,0,0
881,127,0,0,0,0,0
882,127,0,0,0,0,0
883,127,0,0,0,0,0
884,127,0,0,0,0,0
885,127,0,0,0,0,0
886,127,0,0,0,0,0
887,127,0,0,0,0,0
888,127,0,0,0,0,0
889,127,0,0,0,0,0
890,127,0,0,0,0,0
891,127,0,0,0,0,0
892,127,0,0,0,0,0
893,127,0,0,0,0,0
894,127,0,0,0,0,0
895,127,0,0,0,0,0
896,127,0,0,0,0,0
897,127,0,0,0,0,0
898,127,0,0,0,0,0
0,15,0,0,0,1,1
1,15,0,0,0,1,1
2,127,0,0,0,0,0
3,127,0,0,0,0,0
4,127,0,0,0,0,0
5,127,0,0,0,0,0
6,127,0,0,0,0,0
7,127,0,0,0,0,0
8,127,0,0,0,0,0
9,127,0,0,0,0,0
10,127,0,0,0,0,0
11,127,0,0,0,0,0
12,127,0,0,0,0,0
13,127,0,0,0,0,0
14,127,0,0,0,0,0
15,127,0,0,0,0,0
16,127,0,0,0,0,0
17,127,0,0,0,0,0
18,127,0,0,0,0,0
19,127,0,0,0,0,0
20,127,0,0,0,0,0
21,127,0,0,0,0,0
22,127,0,0,0,0,0
23,127,0,0,0,0,0
24,127,0,0,0,0,0
25,127,0,0,0,0,0
26,127,0,0,0,0,0
27,127,0,0,0,0,0
28,127,0,0,0,0,0
29,127,0,0,0,0,0
30,127,0,0,0,0,0
31,127,0,0,0,0,0
32,127,0,0,0,0,0
33,127,0,0,0,0,0
34,127,0,0,0,0,0
35,127,0,0,0,0,0
36,127,0,0,0,0,0
37,127,0,0,0,0,0
38,127,0,0,0,0,0
39,127,0,0,0,0,0
40,127,0,0,0,0,0
41,127,0,0,0,0,0
42,127,0,0,0,0,0
43,127,0,0,0,0,0
44,127,0,0,0,0,0
45,127,0,0,0,0,0
46,127,0,0,0,0,0
47,127,0,0,0,0,0
48,127,0,0,0,0,0
49,127,0,0,0,0,0
50,127,0,0,0,0,0
51,127,0,0,0,0,0
52,127,0,0,0,0,0
53,127,0,0,0,0,0
54,127,0,0,0,0,0
55,127,0,0,0,0,0
56,127,0,0,0,0,0
57,127,0,0,0,0,0
58,127,0,0,0,0,0
59,127,0,0,0,0,0
60,127,0,0,0,0,0
61,127,0,0,0,0,0
62,127,0,0,0,0,0
63,127,0,0,0,0,0
64,127,0,0,0,0,0
65,127,0,0,0,0,0
66,127,0,0,0,0,0
