run,transport,size_bytes,regime,n,p50_us,p90_us,p99_us,max_us,ia_p50_ms,jitter_ms,send_jitter_ms,writer_msgs_per_s,msgs_per_s,MB_per_s,loss_pct,skipped_pct,torn_retries,duplicates,copies_per_msg_conceptual,kernel_calls_per_msg_conceptual,reader_poll
2,tcp,172,paced,2000,37.8510,41.1150,120.7,354.5,33.3333,0.0830,0.0003,,,,0.0000,0.0000,,0,2,2 (1 send + >=1 recv),blocking recv
2,udp,172,paced,2000,30.5110,34.0839,106.6,245.3,33.3333,0.0759,0.0004,,,,0.0000,0.0000,,0,3,2 (1 send + 1 recv),blocking recv
2,shm,172,paced,2000,2.4400,2.8100,4.1820,12.5000,33.3333,0.0015,0.0003,,,,0.0000,0.0000,0,0,2,0,busy-wait
2,shm_sleep1ms,172,paced,2000,522.8,949.7,1033.7,1056.2,33.6779,0.0790,0.0003,,,,0.0000,0.0000,0,0,2,0 (reader sleeps via nanosleep),sleep 0.001 s
2,tcp,1536032,paced,2000,233.2,245.6,317.5,4156.2,33.3331,0.0879,0.0002,,,,0.0000,0.0000,,0,2,2 (1 send + >=1 recv),blocking recv
2,udp,1536032,paced,1887,238.7,246.8,280.4,310.8,33.3335,0.0321,0.0003,,,,5.6500,0.0000,,0,3,52 (26 send + 26 recv),blocking recv
2,shm,1536032,paced,2000,55.3110,59.5439,81.8024,192.4,33.3332,0.0195,0.0002,,,,0.0000,0.0000,0,0,2,0,busy-wait
2,shm_sleep1ms,1536032,paced,2000,589.0,1000.1,1102.8,1294.8,33.7171,0.0477,0.0002,,,,0.0000,0.0000,0,0,2,0 (reader sleeps via nanosleep),sleep 0.001 s
2,tcp,172,thru,1235613,,,,,,,,247122.5,247192.4,42.5171,0.0000,0.0000,,0,2,2 (1 send + >=1 recv),blocking recv
2,udp,172,thru,1537784,,,,,,,,307556.7,307556.8,52.8998,0.0000,0.0000,,0,3,2 (1 send + 1 recv),blocking recv
2,shm,172,thru,6829144,,,,,,,,3125786.5,1365829.0,234.9,0.0000,56.3045,8788882,0,2,0,busy-wait
2,tcp,1536032,thru,27501,,,,,,,,5500.1,5500.1,8448.3,0.0000,0.0000,,0,2,2 (1 send + >=1 recv),blocking recv
2,udp,1536032,thru,29254,,,,,,,,5850.8,5850.8,8987.0,0.0000,0.0000,,0,3,52 (26 send + 26 recv),blocking recv
2,shm,1536032,thru,0,,,,,,,,30656.2,0.0000,0.0000,0.0000,100.0,153311,0,2,0,busy-wait
