transport,size_bytes,regime,run1_p50_us,run2_p50_us,diff_pct,run1_msgs_per_s,run2_msgs_per_s,thru_diff_pct
tcp,172,paced,38.0,37.9,-0.3,,,
udp,172,paced,30.7,30.5,-0.5,,,
shm,172,paced,2.7,2.4,-8.6,,,
shm_sleep1ms,172,paced,518.6,522.8,0.8,,,
tcp,1536032,paced,232.2,233.2,0.4,,,
udp,1536032,paced,239.8,238.7,-0.5,,,
shm,1536032,paced,54.4,55.3,1.7,,,
shm_sleep1ms,1536032,paced,598.5,589.0,-1.6,,,
tcp,172,thru,,,,246799.3,247192.4,0.2
udp,172,thru,,,,307628.8,307556.8,-0.0
shm,172,thru,,,,1341725.4,1365829.0,1.8
tcp,1536032,thru,,,,5514.6,5500.1,-0.3
udp,1536032,thru,,,,5859.7,5850.8,-0.2
shm,1536032,thru,,,,0.0,0.0,nan
