detector,side_px,tilt_deg,blur_sigma,noise_sigma,n_frames,detection_rate,corner_err_mean_px,corner_err_p95_px,corner_bias_x_px,corner_bias_y_px,corner_err_debiased_mean_px,corner_err_debiased_p95_px,time_median_ms,time_p95_ms,n_timings,other_detections_per_frame
aruco_5x5,24,0,0.0000,0.0000,50,1.0000,0.6101,0.8146,0.4241,0.4265,0.1199,0.2984,13.1792,13.8238,150,3.0000
cv_apriltag36h11,24,0,0.0000,0.0000,50,0.9600,0.6099,0.8079,0.4240,0.4262,0.1215,0.2974,13.4736,14.1140,150,0.0000
pupil_dec2,24,0,0.0000,0.0000,50,1.0000,0.7047,0.7987,0.4928,0.4995,0.0758,0.1938,2.9235,3.0907,150,0.0000
pupil_dec1,24,0,0.0000,0.0000,50,1.0000,0.7071,0.7884,0.4954,0.5010,0.0701,0.1855,8.6114,9.4692,150,0.0000
aruco_5x5_norefine,24,0,0.0000,0.0000,50,1.0000,0.6891,1.1575,0.0231,0.0121,0.6881,1.1510,3.7068,3.8328,150,3.0000
aruco_5x5,24,0,0.0000,4.0000,50,1.0000,0.6120,0.8400,0.4247,0.4273,0.1262,0.3039,26.0496,27.2764,150,3.0000
cv_apriltag36h11,24,0,0.0000,4.0000,50,0.9000,0.6107,0.8400,0.4227,0.4268,0.1305,0.3059,26.1206,27.4558,150,0.0000
pupil_dec2,24,0,0.0000,4.0000,50,1.0000,0.7082,0.8029,0.4965,0.4999,0.0774,0.2168,3.5114,3.6967,150,0.0000
pupil_dec1,24,0,0.0000,4.0000,50,1.0000,0.7050,0.7961,0.4929,0.5006,0.0733,0.1822,14.2054,15.1325,150,0.0000
aruco_5x5_norefine,24,0,0.0000,4.0000,50,1.0000,0.6925,1.1512,0.0381,0.0121,0.6909,1.1470,8.4249,8.6991,150,3.0000
aruco_5x5,24,0,0.0000,8.0000,50,1.0000,0.6127,0.8211,0.4284,0.4270,0.1256,0.2964,30.6345,31.5647,150,3.0000
cv_apriltag36h11,24,0,0.0000,8.0000,50,0.8800,0.6109,0.8624,0.4242,0.4273,0.1317,0.3106,30.6056,31.4329,150,0.0000
pupil_dec2,24,0,0.0000,8.0000,50,1.0000,0.7040,0.8131,0.4945,0.4960,0.0850,0.2210,3.7723,4.0285,150,0.0000
pupil_dec1,24,0,0.0000,8.0000,50,1.0000,0.7067,0.8141,0.4957,0.4988,0.0823,0.1892,15.5364,16.2545,150,0.0000
aruco_5x5_norefine,24,0,0.0000,8.0000,50,1.0000,0.7126,1.1972,0.0181,-0.0329,0.7119,1.1909,15.3004,15.7029,150,3.0000
aruco_5x5,24,0,0.8000,0.0000,50,1.0000,0.6849,1.0110,0.4646,0.4661,0.2235,0.4505,10.8942,11.4981,150,2.5400
cv_apriltag36h11,24,0,0.8000,0.0000,50,0.6600,0.6628,0.9993,0.4368,0.4621,0.2334,0.4608,11.0487,11.6299,150,0.0000
pupil_dec2,24,0,0.8000,0.0000,50,0.9000,0.7264,0.9148,0.4967,0.5168,0.1506,0.3091,2.8265,2.9359,150,0.0000
pupil_dec1,24,0,0.8000,0.0000,50,1.0000,0.7226,0.8875,0.4912,0.5183,0.1317,0.2587,7.7020,8.1922,150,0.0000
aruco_5x5_norefine,24,0,0.8000,0.0000,50,1.0000,0.8726,1.3735,0.0081,0.0121,0.8725,1.3660,2.7557,2.8269,150,3.0000
aruco_5x5,24,0,0.8000,4.0000,50,1.0000,0.6792,0.9789,0.4595,0.4648,0.2229,0.4534,26.4086,27.6427,150,2.9000
cv_apriltag36h11,24,0,0.8000,4.0000,50,0.5800,0.6645,1.0122,0.4386,0.4573,0.2338,0.4985,26.4752,27.5783,150,0.0000
pupil_dec2,24,0,0.8000,4.0000,50,0.9000,0.7203,0.9028,0.4882,0.5172,0.1390,0.2710,3.5480,3.7529,150,0.0000
pupil_dec1,24,0,0.8000,4.0000,50,1.0000,0.7195,0.8965,0.4876,0.5166,0.1383,0.2681,14.4544,15.2528,150,0.0000
aruco_5x5_norefine,24,0,0.8000,4.0000,50,1.0000,0.9639,1.5344,0.0431,0.0421,0.9617,1.4989,7.8912,8.0114,150,3.0000
aruco_5x5,24,0,0.8000,8.0000,50,1.0000,0.6891,0.9949,0.4615,0.4707,0.2418,0.5121,31.2198,32.3813,150,2.9200
cv_apriltag36h11,24,0,0.8000,8.0000,50,0.6000,0.6811,1.0929,0.4460,0.4609,0.2785,0.5761,31.1647,32.4982,150,0.0000
pupil_dec2,24,0,0.8000,8.0000,50,0.8400,0.7235,0.9288,0.4841,0.5219,0.1610,0.3307,3.8011,4.0427,150,0.0000
pupil_dec1,24,0,0.8000,8.0000,50,1.0000,0.7222,0.9156,0.4867,0.5190,0.1503,0.2945,15.7953,16.7509,150,0.0000
aruco_5x5_norefine,24,0,0.8000,8.0000,50,1.0000,1.2784,2.0035,-0.0319,-0.0229,1.2769,1.9847,15.2876,15.7373,150,3.0000
aruco_5x5,24,0,1.5000,0.0000,50,0.7200,0.9045,1.8096,0.4630,0.5394,0.6186,1.3713,9.5124,10.0869,150,1.9800
cv_apriltag36h11,24,0,1.5000,0.0000,50,0.0000,nan,nan,nan,nan,nan,nan,9.7119,10.2299,150,0.0000
pupil_dec2,24,0,1.5000,0.0000,50,0.5800,0.7761,1.1756,0.4381,0.5659,0.3293,0.6450,2.6401,2.8078,150,0.0000
pupil_dec1,24,0,1.5000,0.0000,50,0.7200,0.7726,1.1451,0.4489,0.5657,0.3048,0.6403,6.8680,7.4866,150,0.0000
aruco_5x5_norefine,24,0,1.5000,0.0000,50,0.7400,1.8131,2.6803,0.0803,0.0390,1.8121,2.7005,2.1189,2.1718,150,2.0000
aruco_5x5,24,0,1.5000,4.0000,50,0.7200,0.8657,1.8000,0.4826,0.5206,0.5724,1.3697,26.8730,28.0611,150,1.9400
cv_apriltag36h11,24,0,1.5000,4.0000,50,0.0000,nan,nan,nan,nan,nan,nan,26.8297,27.9051,150,0.0000
pupil_dec2,24,0,1.5000,4.0000,50,0.5600,0.7746,1.1457,0.4377,0.5566,0.3411,0.6785,3.5349,3.7515,150,0.0000
pupil_dec1,24,0,1.5000,4.0000,50,0.7000,0.7754,1.1657,0.4508,0.5645,0.3129,0.6974,14.6539,15.4044,150,0.0000
aruco_5x5_norefine,24,0,1.5000,4.0000,50,0.7000,1.8600,2.7027,0.0826,0.0551,1.8581,2.7388,7.6626,7.8448,150,2.0000
aruco_5x5,24,0,1.5000,8.0000,50,0.7400,0.9037,1.7748,0.4829,0.5253,0.6221,1.3592,32.5780,33.6706,150,1.9000
cv_apriltag36h11,24,0,1.5000,8.0000,50,0.0000,nan,nan,nan,nan,nan,nan,32.3306,33.1996,150,0.0000
pupil_dec2,24,0,1.5000,8.0000,50,0.4200,0.7986,1.2680,0.4481,0.5717,0.3654,0.7331,3.8738,4.1658,150,0.0000
pupil_dec1,24,0,1.5000,8.0000,50,0.6200,0.8065,1.1675,0.4451,0.5830,0.3690,0.8063,16.4783,17.2033,150,0.0000
aruco_5x5_norefine,24,0,1.5000,8.0000,50,0.6000,1.8175,2.6830,0.0431,0.0381,1.8172,2.6899,15.6611,16.1606,150,2.0000
aruco_5x5,24,30,0.0000,0.0000,50,1.0000,0.6211,0.8305,0.4355,0.4254,0.1362,0.3362,13.3460,13.9823,150,3.0000
cv_apriltag36h11,24,30,0.0000,0.0000,50,0.7000,0.6062,0.7621,0.4266,0.4208,0.1112,0.2382,13.6013,14.1754,150,0.0000
pupil_dec2,24,30,0.0000,0.0000,50,0.7800,0.7304,0.8656,0.5127,0.5136,0.1289,0.4113,2.9424,3.1178,150,0.0000
pupil_dec1,24,30,0.0000,0.0000,50,1.0000,0.7131,0.8120,0.5028,0.5001,0.0836,0.1874,8.7214,9.4796,150,0.0000
aruco_5x5_norefine,24,30,0.0000,0.0000,50,1.0000,0.7014,1.1587,0.0289,-0.0012,0.7019,1.1393,3.7522,3.8673,150,3.0000
aruco_5x5,24,30,0.0000,4.0000,50,0.9800,0.6187,0.8040,0.4388,0.4196,0.1348,0.2962,26.3247,27.3957,150,3.0000
cv_apriltag36h11,24,30,0.0000,4.0000,50,0.6600,0.6107,0.7817,0.4293,0.4214,0.1257,0.2564,26.4820,27.5009,150,0.0000
pupil_dec2,24,30,0.0000,4.0000,50,0.8200,0.7328,0.8584,0.5146,0.5146,0.1396,0.3843,3.5060,3.6867,150,0.0000
pupil_dec1,24,30,0.0000,4.0000,50,1.0000,0.7158,0.8220,0.5037,0.5025,0.0892,0.2026,14.3709,15.0999,150,0.0000
aruco_5x5_norefine,24,30,0.0000,4.0000,50,1.0000,0.7201,1.1847,0.0189,0.0088,0.7205,1.1887,8.7090,8.9244,150,3.0000
aruco_5x5,24,30,0.0000,8.0000,50,1.0000,0.6166,0.8086,0.4313,0.4247,0.1362,0.2752,30.5809,31.6399,150,3.0000
cv_apriltag36h11,24,30,0.0000,8.0000,50,0.7200,0.6090,0.7786,0.4233,0.4271,0.1248,0.2248,30.4322,31.4436,150,0.0000
pupil_dec2,24,30,0.0000,8.0000,50,0.7800,0.7385,0.8928,0.5145,0.5207,0.1505,0.5157,3.7794,3.9995,150,0.0000
pupil_dec1,24,30,0.0000,8.0000,50,1.0000,0.7154,0.8409,0.5044,0.5010,0.0943,0.2046,15.4006,16.1563,150,0.0000
aruco_5x5_norefine,24,30,0.0000,8.0000,50,1.0000,0.7361,1.2333,0.0139,-0.0012,0.7361,1.2214,15.7433,16.0886,150,3.0000
aruco_5x5,24,30,0.8000,0.0000,50,1.0000,0.6850,1.0281,0.4708,0.4616,0.2215,0.4959,10.9230,11.5562,150,2.5400
cv_apriltag36h11,24,30,0.8000,0.0000,50,0.1600,0.6702,1.0844,0.4220,0.4662,0.2651,0.5768,11.0939,11.6446,150,0.0000
pupil_dec2,24,30,0.8000,0.0000,50,0.7600,0.7487,0.9790,0.5120,0.5294,0.1969,0.3585,2.8246,2.9249,150,0.0000
pupil_dec1,24,30,0.8000,0.0000,50,1.0000,0.7294,0.9981,0.4946,0.5211,0.1680,0.3624,7.7210,8.1909,150,0.0000
aruco_5x5_norefine,24,30,0.8000,0.0000,50,1.0000,0.9352,1.4001,-0.0011,-0.0262,0.9353,1.3927,2.7575,2.8442,150,3.0000
aruco_5x5,24,30,0.8000,4.0000,50,1.0000,0.6925,1.0200,0.4659,0.4699,0.2414,0.5053,26.3073,27.4573,150,2.9000
cv_apriltag36h11,24,30,0.8000,4.0000,50,0.2000,0.6519,0.9372,0.4017,0.4614,0.2319,0.4964,26.2723,27.2364,150,0.0000
pupil_dec2,24,30,0.8000,4.0000,50,0.7800,0.7439,1.0070,0.5080,0.5257,0.1984,0.3478,3.5226,3.7619,150,0.0000
pupil_dec1,24,30,0.8000,4.0000,50,1.0000,0.7289,0.9716,0.4937,0.5200,0.1694,0.3577,14.3584,15.0585,150,0.0000
aruco_5x5_norefine,24,30,0.8000,4.0000,50,1.0000,0.9418,1.4284,0.0289,0.0288,0.9408,1.4479,8.0346,8.2792,150,3.0000
aruco_5x5,24,30,0.8000,8.0000,50,1.0000,0.6965,1.0957,0.4702,0.4657,0.2560,0.5696,31.3418,32.0895,150,2.9200
cv_apriltag36h11,24,30,0.8000,8.0000,50,0.2800,0.6729,0.9768,0.4430,0.4466,0.2738,0.5407,31.2944,32.1405,150,0.0000
pupil_dec2,24,30,0.8000,8.0000,50,0.7200,0.7494,1.0936,0.5020,0.5322,0.2299,0.4503,3.8141,4.0437,150,0.0000
pupil_dec1,24,30,0.8000,8.0000,50,1.0000,0.7292,1.0204,0.4961,0.5157,0.1857,0.3921,15.8822,16.5628,150,0.0000
aruco_5x5_norefine,24,30,0.8000,8.0000,50,1.0000,1.2894,2.0870,-0.0111,0.0588,1.2878,2.0987,15.5663,16.0640,150,3.0000
aruco_5x5,24,30,1.5000,0.0000,50,0.4400,0.8683,1.4621,0.4248,0.5309,0.5959,1.0432,9.5304,10.1636,150,1.9800
cv_apriltag36h11,24,30,1.5000,0.0000,50,0.0000,nan,nan,nan,nan,nan,nan,9.6797,10.2446,150,0.0000
pupil_dec2,24,30,1.5000,0.0000,50,0.2400,0.7677,1.1515,0.4234,0.5607,0.3252,0.6371,2.6226,2.7861,150,0.0000
pupil_dec1,24,30,1.5000,0.0000,50,0.4600,0.8322,1.4391,0.4897,0.6029,0.3563,0.7689,6.8832,7.4553,150,0.0000
aruco_5x5_norefine,24,30,1.5000,0.0000,50,0.3600,1.6829,2.3824,-0.0389,0.0860,1.6852,2.4213,2.1215,2.1771,150,2.0000
aruco_5x5,24,30,1.5000,4.0000,50,0.4000,0.8424,1.4900,0.3970,0.5210,0.5762,1.1106,27.0848,28.1727,150,1.9800
cv_apriltag36h11,24,30,1.5000,4.0000,50,0.0000,nan,nan,nan,nan,nan,nan,26.9509,28.0578,150,0.0000
pupil_dec2,24,30,1.5000,4.0000,50,0.2200,0.7689,1.2256,0.4412,0.5558,0.3434,0.6633,3.4856,3.7262,150,0.0000
pupil_dec1,24,30,1.5000,4.0000,50,0.3000,0.8326,1.3174,0.4836,0.5952,0.3712,0.8187,14.7329,15.3188,150,0.0000
aruco_5x5_norefine,24,30,1.5000,4.0000,50,0.3200,1.6352,2.2916,-0.0162,-0.0005,1.6354,2.2964,7.7627,7.9348,150,2.0000
aruco_5x5,24,30,1.5000,8.0000,50,0.3200,0.8980,1.6332,0.4609,0.5455,0.5917,1.0738,32.4196,33.7003,150,1.9800
cv_apriltag36h11,24,30,1.5000,8.0000,50,0.0000,nan,nan,nan,nan,nan,nan,32.1900,33.4066,150,0.0000
pupil_dec2,24,30,1.5000,8.0000,50,0.1000,0.8446,1.6524,0.4592,0.6362,0.5302,0.8734,3.8364,4.1374,150,0.0000
pupil_dec1,24,30,1.5000,8.0000,50,0.1400,0.8519,1.5200,0.4917,0.6078,0.4700,0.8266,16.2816,17.0571,150,0.0000
aruco_5x5_norefine,24,30,1.5000,8.0000,50,0.2800,1.6959,2.8003,-0.0248,0.0563,1.6975,2.7654,15.8948,16.2724,150,2.0200
aruco_5x5,24,45,0.0000,0.0000,50,0.9400,0.6180,0.7797,0.4292,0.4283,0.1341,0.3121,13.3412,13.9584,150,3.0000
cv_apriltag36h11,24,45,0.0000,0.0000,50,0.3800,0.6024,0.7722,0.4246,0.4143,0.1251,0.2537,13.5866,14.2460,150,0.0000
pupil_dec2,24,45,0.0000,0.0000,50,0.2400,0.7963,1.8866,0.5801,0.5076,0.2994,1.2071,2.9340,3.1217,150,0.0000
pupil_dec1,24,45,0.0000,0.0000,50,1.0000,0.7187,0.8913,0.5045,0.5076,0.1074,0.2021,8.6950,9.4963,150,0.0000
aruco_5x5_norefine,24,45,0.0000,0.0000,50,1.0000,0.7254,1.2082,-0.0169,-0.0260,0.7251,1.2114,3.7505,3.8875,150,3.0000
aruco_5x5,24,45,0.0000,4.0000,50,0.9600,0.6195,0.7881,0.4320,0.4293,0.1251,0.2791,26.5447,27.7762,150,3.0000
cv_apriltag36h11,24,45,0.0000,4.0000,50,0.3000,0.5976,0.7443,0.4227,0.4100,0.1174,0.2400,26.6012,27.5808,150,0.0000
pupil_dec2,24,45,0.0000,4.0000,50,0.2600,0.7987,2.1621,0.5578,0.5340,0.3128,1.4403,3.5256,3.7830,150,0.0000
pupil_dec1,24,45,0.0000,4.0000,50,1.0000,0.7188,0.8734,0.5032,0.5082,0.1121,0.2029,14.4366,15.1118,150,0.0000
aruco_5x5_norefine,24,45,0.0000,4.0000,50,1.0000,0.7359,1.2112,-0.0169,-0.0160,0.7359,1.2152,8.7968,9.1022,150,3.0000
aruco_5x5,24,45,0.0000,8.0000,50,0.9600,0.6212,0.8181,0.4306,0.4302,0.1391,0.3272,30.6035,31.6240,150,3.0000
cv_apriltag36h11,24,45,0.0000,8.0000,50,0.1800,0.6096,0.7443,0.4373,0.4087,0.1300,0.2490,30.4708,31.4962,150,0.0000
pupil_dec2,24,45,0.0000,8.0000,50,0.2000,0.7628,1.5235,0.5440,0.5146,0.2337,0.8849,3.7289,4.0282,150,0.0000
pupil_dec1,24,45,0.0000,8.0000,50,1.0000,0.7145,0.8825,0.4968,0.5090,0.1118,0.1997,15.4473,16.3492,150,0.0000
aruco_5x5_norefine,24,45,0.0000,8.0000,50,1.0000,0.7178,1.1993,-0.0419,0.0040,0.7174,1.1741,15.8140,16.1598,150,3.0000
aruco_5x5,24,45,0.8000,0.0000,50,0.9000,0.6847,1.0439,0.4620,0.4564,0.2511,0.5604,10.9177,11.5659,150,2.5400
cv_apriltag36h11,24,45,0.8000,0.0000,50,0.0200,0.6836,0.9417,0.3466,0.4907,0.4181,0.4490,11.0903,11.7023,150,0.0000
pupil_dec2,24,45,0.8000,0.0000,50,0.3400,0.7753,1.5899,0.5221,0.5442,0.2824,0.9197,2.8073,2.9162,150,0.0000
pupil_dec1,24,45,0.8000,0.0000,50,1.0000,0.7398,1.1056,0.5033,0.5247,0.2148,0.4609,7.7167,8.1923,150,0.0000
aruco_5x5_norefine,24,45,0.8000,0.0000,50,1.0000,0.9544,1.5778,0.0381,0.0090,0.9549,1.5732,2.7518,2.8495,150,3.0000
aruco_5x5,24,45,0.8000,4.0000,50,0.9400,0.6917,1.0944,0.4582,0.4632,0.2766,0.5773,26.4045,27.4753,150,2.8200
cv_apriltag36h11,24,45,0.8000,4.0000,50,0.0200,0.6807,0.9295,0.4355,0.4586,0.3494,0.4779,26.4645,27.2917,150,0.0000
pupil_dec2,24,45,0.8000,4.0000,50,0.3200,0.7824,1.9014,0.5317,0.5410,0.3017,1.1628,3.5229,3.7744,150,0.0000
pupil_dec1,24,45,0.8000,4.0000,50,0.9800,0.7411,1.1250,0.5047,0.5256,0.2100,0.4782,14.4346,15.3497,150,0.0000
aruco_5x5_norefine,24,45,0.8000,4.0000,50,1.0000,1.0341,1.8059,0.0281,0.0040,1.0347,1.7842,8.1121,8.3017,150,3.0000
aruco_5x5,24,45,0.8000,8.0000,50,0.9000,0.6873,1.0696,0.4522,0.4584,0.2879,0.5530,31.4673,32.7308,150,2.9200
cv_apriltag36h11,24,45,0.8000,8.0000,50,0.0000,nan,nan,nan,nan,nan,nan,31.4001,32.5577,150,0.0000
pupil_dec2,24,45,0.8000,8.0000,50,0.4000,0.7923,1.6485,0.5243,0.5494,0.3292,0.9741,3.7929,4.0241,150,0.0000
pupil_dec1,24,45,0.8000,8.0000,50,0.9600,0.7657,1.4017,0.5142,0.5431,0.2649,0.7589,15.9704,16.6433,150,0.0000
aruco_5x5_norefine,24,45,0.8000,8.0000,50,0.8600,1.0600,1.8075,0.0100,0.0450,1.0600,1.8366,15.7817,16.0943,150,3.0000
aruco_5x5,24,45,1.5000,0.0000,50,0.0600,0.8607,1.4889,0.5105,0.4851,0.5688,1.0154,9.5474,10.1665,150,1.9800
cv_apriltag36h11,24,45,1.5000,0.0000,50,0.0000,nan,nan,nan,nan,nan,nan,9.6654,10.2641,150,0.0000
pupil_dec2,24,45,1.5000,0.0000,50,0.0000,nan,nan,nan,nan,nan,nan,2.6172,2.7731,150,0.0000
pupil_dec1,24,45,1.5000,0.0000,50,0.0000,nan,nan,nan,nan,nan,nan,6.8822,7.4511,150,0.0000
aruco_5x5_norefine,24,45,1.5000,0.0000,50,0.0200,1.3682,2.2602,-0.4192,0.1696,1.3624,1.9388,2.1144,2.1912,150,2.0000
aruco_5x5,24,45,1.5000,4.0000,50,0.0200,0.8377,1.1703,0.3492,0.5503,0.6196,0.7301,27.2421,28.4757,150,1.9400
cv_apriltag36h11,24,45,1.5000,4.0000,50,0.0000,nan,nan,nan,nan,nan,nan,27.0902,28.0673,150,0.0000
pupil_dec2,24,45,1.5000,4.0000,50,0.0000,nan,nan,nan,nan,nan,nan,3.5237,3.6979,150,0.0000
pupil_dec1,24,45,1.5000,4.0000,50,0.0000,nan,nan,nan,nan,nan,nan,14.7125,15.2797,150,0.0000
aruco_5x5_norefine,24,45,1.5000,4.0000,50,0.0400,1.5670,2.2684,0.0830,0.1787,1.5629,2.1480,7.8339,8.0065,150,2.0000
aruco_5x5,24,45,1.5000,8.0000,50,0.0600,0.7773,1.2496,0.3774,0.5268,0.4907,0.7756,33.0004,34.2982,150,1.9400
cv_apriltag36h11,24,45,1.5000,8.0000,50,0.0000,nan,nan,nan,nan,nan,nan,32.6027,33.9450,150,0.0000
pupil_dec2,24,45,1.5000,8.0000,50,0.0000,nan,nan,nan,nan,nan,nan,3.8956,4.1270,150,0.0000
pupil_dec1,24,45,1.5000,8.0000,50,0.0000,nan,nan,nan,nan,nan,nan,16.5297,17.4443,150,0.0000
aruco_5x5_norefine,24,45,1.5000,8.0000,50,0.0400,1.2820,1.8588,-0.2553,0.0237,1.2688,1.7274,16.1251,16.6006,150,2.0000
aruco_5x5,32,0,0.0000,0.0000,50,1.0000,0.6024,0.7281,0.4199,0.4231,0.1052,0.2451,13.4505,14.0603,150,3.0000
cv_apriltag36h11,32,0,0.0000,0.0000,50,1.0000,0.6031,0.7283,0.4200,0.4236,0.1058,0.2458,13.6934,14.2862,150,0.0000
pupil_dec2,32,0,0.0000,0.0000,50,1.0000,0.7041,0.7868,0.4993,0.4933,0.0678,0.1715,2.9564,3.1547,150,0.0000
pupil_dec1,32,0,0.0000,0.0000,50,1.0000,0.7106,0.8141,0.4994,0.5021,0.0679,0.1833,8.7435,9.5473,150,0.0000
aruco_5x5_norefine,32,0,0.0000,0.0000,50,1.0000,0.7005,1.1411,0.0331,0.0221,0.6995,1.1533,3.8021,3.9485,150,3.0000
aruco_5x5,32,0,0.0000,4.0000,50,1.0000,0.6019,0.7460,0.4215,0.4214,0.1038,0.2131,26.5858,27.5271,150,3.0000
cv_apriltag36h11,32,0,0.0000,4.0000,50,1.0000,0.6015,0.7521,0.4206,0.4222,0.1027,0.2316,26.6764,27.5200,150,0.0000
pupil_dec2,32,0,0.0000,4.0000,50,1.0000,0.7061,0.8227,0.4996,0.4953,0.0760,0.1771,3.5671,3.7428,150,0.0000
pupil_dec1,32,0,0.0000,4.0000,50,1.0000,0.7099,0.7954,0.5011,0.4996,0.0677,0.1622,14.3625,15.0201,150,0.0000
aruco_5x5_norefine,32,0,0.0000,4.0000,50,1.0000,0.7123,1.1688,0.0381,0.0321,0.7108,1.1616,8.9265,9.1643,150,3.0000
aruco_5x5,32,0,0.0000,8.0000,50,1.0000,0.6003,0.7424,0.4184,0.4220,0.1042,0.2177,30.7822,31.9383,150,3.0000
cv_apriltag36h11,32,0,0.0000,8.0000,50,1.0000,0.6026,0.7427,0.4218,0.4211,0.1065,0.2316,30.7336,31.8773,150,0.0000
pupil_dec2,32,0,0.0000,8.0000,50,1.0000,0.7040,0.8243,0.4962,0.4946,0.0819,0.1954,3.7690,3.9983,150,0.0000
pupil_dec1,32,0,0.0000,8.0000,50,1.0000,0.7115,0.8310,0.5000,0.5014,0.0821,0.1925,15.5520,16.2716,150,0.0000
aruco_5x5_norefine,32,0,0.0000,8.0000,50,1.0000,0.7678,1.3109,-0.0019,0.0621,0.7659,1.2838,16.1071,16.5061,150,3.0000
aruco_5x5,32,0,0.8000,0.0000,50,1.0000,0.6700,0.9308,0.4599,0.4676,0.1596,0.3536,10.9556,11.5961,150,2.5400
cv_apriltag36h11,32,0,0.8000,0.0000,50,1.0000,0.6719,0.9357,0.4552,0.4684,0.1731,0.4086,11.1320,11.5799,150,0.0000
pupil_dec2,32,0,0.8000,0.0000,50,1.0000,0.7062,0.7784,0.4950,0.5017,0.0560,0.1220,2.8338,2.9586,150,0.0000
pupil_dec1,32,0,0.8000,0.0000,50,1.0000,0.7050,0.7747,0.4943,0.5008,0.0527,0.1026,7.6819,8.2520,150,0.0000
aruco_5x5_norefine,32,0,0.8000,0.0000,50,1.0000,0.9294,1.3811,0.0081,-0.0229,0.9294,1.3669,2.7811,2.8728,150,3.0000
aruco_5x5,32,0,0.8000,4.0000,50,1.0000,0.6689,0.8978,0.4562,0.4682,0.1511,0.3573,26.5282,27.7722,150,2.8200
cv_apriltag36h11,32,0,0.8000,4.0000,50,0.9800,0.6713,0.9619,0.4554,0.4681,0.1729,0.4078,26.5239,27.7899,150,0.0000
pupil_dec2,32,0,0.8000,4.0000,50,1.0000,0.7087,0.7927,0.4939,0.5054,0.0704,0.1411,3.5223,3.7447,150,0.0000
pupil_dec1,32,0,0.8000,4.0000,50,1.0000,0.7057,0.7695,0.4936,0.5020,0.0602,0.1119,14.4239,15.3455,150,0.0000
aruco_5x5_norefine,32,0,0.8000,4.0000,50,1.0000,1.0115,1.5282,0.0081,-0.0229,1.0119,1.5460,8.2390,8.4929,150,3.0000
aruco_5x5,32,0,0.8000,8.0000,50,1.0000,0.6628,0.8951,0.4599,0.4561,0.1693,0.3608,31.6562,32.9399,150,2.9000
cv_apriltag36h11,32,0,0.8000,8.0000,50,0.9800,0.6683,0.9497,0.4593,0.4602,0.1852,0.4109,31.3943,32.5787,150,0.0000
pupil_dec2,32,0,0.8000,8.0000,50,1.0000,0.7095,0.8324,0.4916,0.5063,0.0924,0.1731,3.8620,4.0878,150,0.0000
pupil_dec1,32,0,0.8000,8.0000,50,1.0000,0.7125,0.8269,0.4911,0.5107,0.0906,0.1994,15.8806,16.8916,150,0.0000
aruco_5x5_norefine,32,0,0.8000,8.0000,50,1.0000,1.1328,1.7114,0.0331,0.0321,1.1317,1.7132,15.9800,16.5282,150,3.0000
aruco_5x5,32,0,1.5000,0.0000,50,1.0000,0.7719,1.3289,0.4911,0.4964,0.3865,0.8212,9.5430,10.0971,150,1.9800
cv_apriltag36h11,32,0,1.5000,0.0000,50,0.4000,0.7986,1.4602,0.4241,0.5064,0.4954,0.9714,9.6685,10.2252,150,0.0000
pupil_dec2,32,0,1.5000,0.0000,50,0.9800,0.7525,1.1014,0.4733,0.5406,0.2432,0.5616,2.6355,2.8029,150,0.0000
pupil_dec1,32,0,1.5000,0.0000,50,1.0000,0.7449,1.0773,0.4759,0.5348,0.2338,0.5297,6.8638,7.4767,150,0.0000
aruco_5x5_norefine,32,0,1.5000,0.0000,50,1.0000,1.7099,2.4291,0.0181,-0.0279,1.7095,2.4612,2.1323,2.2102,150,2.0000
aruco_5x5,32,0,1.5000,4.0000,50,1.0000,0.7864,1.3176,0.4902,0.5073,0.3999,0.8204,27.0805,28.2820,150,1.9800
cv_apriltag36h11,32,0,1.5000,4.0000,50,0.3400,0.8535,1.4838,0.4501,0.5073,0.5643,1.0981,26.8585,27.9036,150,0.0000
pupil_dec2,32,0,1.5000,4.0000,50,0.9800,0.7610,1.1279,0.4802,0.5434,0.2690,0.5910,3.5143,3.7023,150,0.0000
pupil_dec1,32,0,1.5000,4.0000,50,1.0000,0.7459,1.0921,0.4712,0.5349,0.2476,0.5460,14.5519,15.1669,150,0.0000
aruco_5x5_norefine,32,0,1.5000,4.0000,50,1.0000,1.6818,2.3790,0.0281,-0.0029,1.6815,2.4037,7.8961,8.0451,150,1.9800
aruco_5x5,32,0,1.5000,8.0000,50,1.0000,0.7836,1.2501,0.4889,0.5062,0.4010,0.8155,32.5643,33.7003,150,1.9600
cv_apriltag36h11,32,0,1.5000,8.0000,50,0.2600,0.8128,1.4516,0.4204,0.5107,0.5147,1.0840,32.1656,33.1585,150,0.0000
pupil_dec2,32,0,1.5000,8.0000,50,0.9200,0.7758,1.1520,0.4881,0.5416,0.3270,0.6597,3.8453,4.1355,150,0.0000
pupil_dec1,32,0,1.5000,8.0000,50,1.0000,0.7519,1.1164,0.4802,0.5302,0.2679,0.5474,16.2705,17.0510,150,0.0000
aruco_5x5_norefine,32,0,1.5000,8.0000,50,1.0000,1.6548,2.3714,-0.0519,0.0321,1.6543,2.3445,16.2697,17.3702,150,2.0400
aruco_5x5,32,30,0.0000,0.0000,50,1.0000,0.6123,0.7501,0.4274,0.4249,0.1156,0.2842,13.3773,14.0326,150,3.0000
cv_apriltag36h11,32,30,0.0000,0.0000,50,1.0000,0.6124,0.7505,0.4281,0.4246,0.1167,0.2852,13.6305,14.2082,150,0.0000
pupil_dec2,32,30,0.0000,0.0000,50,1.0000,0.7072,0.8016,0.4991,0.4974,0.0730,0.1639,2.9480,3.1177,150,0.0000
pupil_dec1,32,30,0.0000,0.0000,50,1.0000,0.7098,0.8086,0.4989,0.5003,0.0772,0.1795,8.6661,9.5186,150,0.0000
aruco_5x5_norefine,32,30,0.0000,0.0000,50,1.0000,0.6786,1.1012,-0.0300,0.0345,0.6783,1.0903,3.7932,3.9157,150,3.0000
aruco_5x5,32,30,0.0000,4.0000,50,1.0000,0.6083,0.7605,0.4257,0.4251,0.1059,0.2428,26.5169,27.4965,150,3.0000
cv_apriltag36h11,32,30,0.0000,4.0000,50,1.0000,0.6078,0.7516,0.4251,0.4249,0.1058,0.2438,26.4547,27.5067,150,0.0000
pupil_dec2,32,30,0.0000,4.0000,50,1.0000,0.7103,0.8062,0.5024,0.4977,0.0760,0.1703,3.4778,3.7091,150,0.0000
pupil_dec1,32,30,0.0000,4.0000,50,1.0000,0.7127,0.8229,0.5020,0.5015,0.0785,0.1718,14.3158,15.1611,150,0.0000
aruco_5x5_norefine,32,30,0.0000,4.0000,50,1.0000,0.6968,1.1311,-0.0350,0.0195,0.6968,1.1283,8.9526,9.1302,150,3.0000
aruco_5x5,32,30,0.0000,8.0000,50,1.0000,0.6071,0.7595,0.4273,0.4232,0.1062,0.2513,30.8403,31.9167,150,3.0200
cv_apriltag36h11,32,30,0.0000,8.0000,50,1.0000,0.6079,0.7666,0.4261,0.4248,0.1105,0.2524,30.6720,31.5499,150,0.0000
pupil_dec2,32,30,0.0000,8.0000,50,1.0000,0.7083,0.8265,0.5023,0.4944,0.0850,0.1861,3.6949,3.9831,150,0.0000
pupil_dec1,32,30,0.0000,8.0000,50,1.0000,0.7130,0.8023,0.5036,0.4996,0.0805,0.1693,15.3757,16.1656,150,0.0000
aruco_5x5_norefine,32,30,0.0000,8.0000,50,1.0000,0.7098,1.1649,0.0000,-0.0005,0.7098,1.1651,16.0676,16.6993,150,3.0000
aruco_5x5,32,30,0.8000,0.0000,50,1.0000,0.6857,0.9593,0.4739,0.4681,0.1801,0.4039,10.9516,11.5453,150,2.5400
cv_apriltag36h11,32,30,0.8000,0.0000,50,0.9400,0.6741,0.9604,0.4616,0.4629,0.1908,0.4098,11.1288,11.6344,150,0.0000
pupil_dec2,32,30,0.8000,0.0000,50,1.0000,0.7135,0.8420,0.4966,0.5093,0.0791,0.1550,2.8264,2.9340,150,0.0000
pupil_dec1,32,30,0.8000,0.0000,50,1.0000,0.7153,0.8456,0.5016,0.5074,0.0763,0.1585,7.7059,8.1631,150,0.0000
aruco_5x5_norefine,32,30,0.8000,0.0000,50,1.0000,0.8868,1.3655,0.0200,0.0095,0.8868,1.3731,2.7686,2.8501,150,3.0000
aruco_5x5,32,30,0.8000,4.0000,50,1.0000,0.6834,0.9658,0.4735,0.4683,0.1807,0.3725,26.4303,27.7135,150,2.8600
cv_apriltag36h11,32,30,0.8000,4.0000,50,0.9200,0.6810,0.9927,0.4635,0.4694,0.1978,0.4106,26.4106,27.4467,150,0.0000
pupil_dec2,32,30,0.8000,4.0000,50,1.0000,0.7146,0.8396,0.4950,0.5121,0.0874,0.1661,3.5307,3.7386,150,0.0000
pupil_dec1,32,30,0.8000,4.0000,50,1.0000,0.7133,0.8449,0.4978,0.5070,0.0870,0.1715,14.3195,15.2065,150,0.0000
aruco_5x5_norefine,32,30,0.8000,4.0000,50,1.0000,1.0255,1.6888,0.0200,0.0345,1.0254,1.7076,8.2346,8.4116,150,3.0000
aruco_5x5,32,30,0.8000,8.0000,50,1.0000,0.6826,0.9287,0.4690,0.4715,0.1878,0.3673,31.4783,32.6649,150,2.8600
cv_apriltag36h11,32,30,0.8000,8.0000,50,0.9000,0.6741,0.9579,0.4573,0.4619,0.2049,0.4242,31.3107,32.5869,150,0.0000
pupil_dec2,32,30,0.8000,8.0000,50,1.0000,0.7172,0.8806,0.4966,0.5108,0.1142,0.2251,3.7745,3.9932,150,0.0000
pupil_dec1,32,30,0.8000,8.0000,50,1.0000,0.7200,0.8395,0.5007,0.5111,0.1051,0.1938,15.8961,16.6116,150,0.0000
aruco_5x5_norefine,32,30,0.8000,8.0000,50,1.0000,1.2161,1.9054,0.0250,0.0495,1.2156,1.9417,15.9272,16.5244,150,3.0000
aruco_5x5,32,30,1.5000,0.0000,50,1.0000,0.7994,1.4447,0.4984,0.5074,0.4453,0.9112,9.5406,10.1041,150,1.9800
cv_apriltag36h11,32,30,1.5000,0.0000,50,0.1400,0.7386,1.3862,0.3828,0.5084,0.4844,0.9475,9.6621,10.2413,150,0.0000
pupil_dec2,32,30,1.5000,0.0000,50,0.9400,0.7903,1.2872,0.5031,0.5608,0.3195,0.6711,2.6331,2.8001,150,0.0000
pupil_dec1,32,30,1.5000,0.0000,50,0.9400,0.7645,1.1742,0.4811,0.5539,0.2752,0.6144,6.8578,7.4700,150,0.0000
aruco_5x5_norefine,32,30,1.5000,0.0000,50,1.0000,1.7458,2.4735,0.0650,0.0245,1.7453,2.4449,2.1418,2.2061,150,2.0000
aruco_5x5,32,30,1.5000,4.0000,50,1.0000,0.8065,1.4502,0.5074,0.5115,0.4467,0.8928,26.9677,28.1584,150,1.9600
cv_apriltag36h11,32,30,1.5000,4.0000,50,0.1000,0.8075,1.8613,0.3840,0.5093,0.5843,1.2676,26.8446,28.0195,150,0.0000
pupil_dec2,32,30,1.5000,4.0000,50,0.8200,0.7718,1.2645,0.4791,0.5612,0.3016,0.6309,3.5706,3.8256,150,0.0000
pupil_dec1,32,30,1.5000,4.0000,50,0.9600,0.7784,1.2455,0.4960,0.5526,0.3033,0.6390,14.3211,15.1818,150,0.0000
aruco_5x5_norefine,32,30,1.5000,4.0000,50,1.0000,1.7618,2.5405,0.0850,-0.0355,1.7605,2.5116,7.9409,8.2053,150,2.0200
aruco_5x5,32,30,1.5000,8.0000,50,1.0000,0.8221,1.4340,0.5095,0.5114,0.4709,0.8678,32.7213,33.9570,150,1.9400
cv_apriltag36h11,32,30,1.5000,8.0000,50,0.0600,0.8117,1.1569,0.4615,0.5005,0.4838,0.6572,32.4318,33.5993,150,0.0000
pupil_dec2,32,30,1.5000,8.0000,50,0.7600,0.8044,1.2925,0.4915,0.5711,0.3492,0.7652,3.8980,4.1709,150,0.0000
pupil_dec1,32,30,1.5000,8.0000,50,0.9200,0.7711,1.2296,0.4820,0.5505,0.3178,0.7114,16.3188,17.1585,150,0.0000
aruco_5x5_norefine,32,30,1.5000,8.0000,50,1.0000,1.7423,2.4546,0.0800,0.0495,1.7406,2.4917,16.2825,16.8798,150,2.0200
aruco_5x5,32,45,0.0000,0.0000,50,1.0000,0.6124,0.7856,0.4292,0.4229,0.1228,0.3083,13.4262,14.0121,150,3.0000
cv_apriltag36h11,32,45,0.0000,0.0000,50,0.9200,0.6095,0.7984,0.4269,0.4214,0.1255,0.3073,13.6413,14.2277,150,0.0000
pupil_dec2,32,45,0.0000,0.0000,50,0.9400,0.7176,0.8678,0.5049,0.5056,0.0964,0.2126,2.9453,3.1196,150,0.0000
pupil_dec1,32,45,0.0000,0.0000,50,1.0000,0.7113,0.8327,0.4990,0.5020,0.0833,0.1897,8.6365,9.5066,150,0.0000
aruco_5x5_norefine,32,45,0.0000,0.0000,50,1.0000,0.6904,1.1457,0.0010,0.0421,0.6893,1.1463,3.7840,3.9488,150,3.0000
aruco_5x5,32,45,0.0000,4.0000,50,1.0000,0.6148,0.7763,0.4273,0.4275,0.1204,0.2893,26.6347,27.6801,150,3.0000
cv_apriltag36h11,32,45,0.0000,4.0000,50,0.9600,0.6148,0.7786,0.4260,0.4283,0.1221,0.2925,26.6163,27.3929,150,0.0000
pupil_dec2,32,45,0.0000,4.0000,50,0.9600,0.7232,0.8882,0.5090,0.5080,0.1052,0.2213,3.5306,3.7745,150,0.0000
pupil_dec1,32,45,0.0000,4.0000,50,1.0000,0.7169,0.8217,0.5011,0.5067,0.0845,0.1918,14.2912,15.0920,150,0.0000
aruco_5x5_norefine,32,45,0.0000,4.0000,50,1.0000,0.7086,1.2685,-0.0040,0.0521,0.7072,1.2203,8.9818,9.3117,150,3.0000
aruco_5x5,32,45,0.0000,8.0000,50,1.0000,0.6167,0.8108,0.4295,0.4267,0.1344,0.3232,30.6752,31.9279,150,3.0000
cv_apriltag36h11,32,45,0.0000,8.0000,50,0.9200,0.6172,0.8179,0.4276,0.4287,0.1384,0.3333,30.5557,31.5784,150,0.0000
pupil_dec2,32,45,0.0000,8.0000,50,0.9800,0.7300,0.8749,0.5127,0.5128,0.1216,0.2589,3.7101,4.0376,150,0.0000
pupil_dec1,32,45,0.0000,8.0000,50,1.0000,0.7174,0.8398,0.5004,0.5074,0.0942,0.2075,15.3348,16.1687,150,0.0000
aruco_5x5_norefine,32,45,0.0000,8.0000,50,1.0000,0.7020,1.1855,-0.0190,0.0571,0.7000,1.2118,16.0630,16.4698,150,3.0000
aruco_5x5,32,45,0.8000,0.0000,50,1.0000,0.6763,1.0101,0.4674,0.4601,0.1959,0.4198,10.9018,11.5031,150,2.5400
cv_apriltag36h11,32,45,0.8000,0.0000,50,0.9200,0.6693,0.9848,0.4527,0.4562,0.2169,0.4570,11.0974,11.6674,150,0.0000
pupil_dec2,32,45,0.8000,0.0000,50,0.8400,0.7311,0.9435,0.5099,0.5170,0.1422,0.2708,2.8108,2.9295,150,0.0000
pupil_dec1,32,45,0.8000,0.0000,50,1.0000,0.7229,0.9269,0.5049,0.5131,0.1163,0.2390,7.7061,8.1452,150,0.0000
aruco_5x5_norefine,32,45,0.8000,0.0000,50,1.0000,0.9022,1.4709,0.0260,0.0471,0.9005,1.4663,2.7715,2.8720,150,3.0000
aruco_5x5,32,45,0.8000,4.0000,50,1.0000,0.6811,1.0123,0.4712,0.4625,0.2058,0.4191,26.6095,27.6681,150,2.8200
cv_apriltag36h11,32,45,0.8000,4.0000,50,0.8800,0.6700,1.0186,0.4559,0.4535,0.2279,0.4738,26.4309,27.4370,150,0.0000
pupil_dec2,32,45,0.8000,4.0000,50,0.8600,0.7421,1.0029,0.5160,0.5242,0.1747,0.3323,3.5513,3.7337,150,0.0000
pupil_dec1,32,45,0.8000,4.0000,50,1.0000,0.7232,0.9393,0.5056,0.5119,0.1250,0.2564,14.2591,14.9745,150,0.0000
aruco_5x5_norefine,32,45,0.8000,4.0000,50,1.0000,1.0929,1.9004,0.0060,0.0371,1.0927,1.8924,8.2840,8.5530,150,3.0000
aruco_5x5,32,45,0.8000,8.0000,50,1.0000,0.6845,0.9884,0.4712,0.4654,0.2098,0.4196,31.4649,32.8529,150,2.9600
cv_apriltag36h11,32,45,0.8000,8.0000,50,0.7200,0.6817,0.9940,0.4566,0.4659,0.2354,0.4538,31.2394,32.5420,150,0.0000
pupil_dec2,32,45,0.8000,8.0000,50,0.8600,0.7480,1.0405,0.5135,0.5328,0.1842,0.3600,3.8165,4.0593,150,0.0000
pupil_dec1,32,45,0.8000,8.0000,50,1.0000,0.7292,0.9594,0.5056,0.5181,0.1401,0.2672,15.8664,16.7831,150,0.0000
aruco_5x5_norefine,32,45,0.8000,8.0000,50,1.0000,1.2660,2.1768,0.0060,0.0071,1.2660,2.1769,16.0133,16.5021,150,3.0000
aruco_5x5,32,45,1.5000,0.0000,50,0.8400,0.8082,1.4109,0.4783,0.5243,0.4682,1.0029,9.5483,10.1955,150,1.9800
cv_apriltag36h11,32,45,1.5000,0.0000,50,0.0000,nan,nan,nan,nan,nan,nan,9.6775,10.2332,150,0.0000
pupil_dec2,32,45,1.5000,0.0000,50,0.6600,0.7995,1.6023,0.5018,0.5688,0.3529,0.8670,2.6315,2.7886,150,0.0000
pupil_dec1,32,45,1.5000,0.0000,50,0.7600,0.8074,1.5563,0.5031,0.5820,0.3412,0.8695,6.8550,7.4625,150,0.0000
aruco_5x5_norefine,32,45,1.5000,0.0000,50,0.7400,1.8558,2.6952,0.0417,0.0444,1.8559,2.6779,2.1293,2.2181,150,2.0000
aruco_5x5,32,45,1.5000,4.0000,50,0.8200,0.8183,1.4039,0.4834,0.5186,0.4796,1.0768,27.3591,28.4165,150,1.9800
cv_apriltag36h11,32,45,1.5000,4.0000,50,0.0000,nan,nan,nan,nan,nan,nan,27.1666,27.9546,150,0.0000
pupil_dec2,32,45,1.5000,4.0000,50,0.5600,0.7794,1.2818,0.4925,0.5550,0.3295,0.6970,3.5092,3.7539,150,0.0000
pupil_dec1,32,45,1.5000,4.0000,50,0.7400,0.8104,1.7016,0.5084,0.5736,0.3608,0.9526,14.6926,15.4673,150,0.0000
aruco_5x5_norefine,32,45,1.5000,4.0000,50,0.7200,1.8610,2.7354,-0.0073,0.0293,1.8607,2.7439,8.0312,8.3494,150,2.0200
aruco_5x5,32,45,1.5000,8.0000,50,0.7600,0.8361,1.4782,0.5138,0.5487,0.4666,0.9055,32.9304,34.3580,150,1.9200
cv_apriltag36h11,32,45,1.5000,8.0000,50,0.0000,nan,nan,nan,nan,nan,nan,32.7487,34.0976,150,0.0000
pupil_dec2,32,45,1.5000,8.0000,50,0.4400,0.8183,1.6465,0.4995,0.5751,0.4118,0.9461,3.8821,4.1861,150,0.0000
pupil_dec1,32,45,1.5000,8.0000,50,0.6400,0.9083,1.9103,0.5697,0.6286,0.4719,1.1763,16.5319,17.3062,150,0.0000
aruco_5x5_norefine,32,45,1.5000,8.0000,50,0.6200,1.7893,2.6803,0.0202,0.0500,1.7885,2.6440,16.4436,17.1338,150,2.0000
aruco_5x5,48,0,0.0000,0.0000,50,1.0000,0.5947,0.7015,0.4197,0.4170,0.0735,0.1523,13.4210,14.1219,150,3.0000
cv_apriltag36h11,48,0,0.0000,0.0000,50,1.0000,0.5971,0.7087,0.4207,0.4187,0.0789,0.1654,13.6527,14.3025,150,0.0000
pupil_dec2,48,0,0.0000,0.0000,50,1.0000,0.7049,0.7838,0.4982,0.4969,0.0555,0.1469,2.9632,3.1412,150,0.0000
pupil_dec1,48,0,0.0000,0.0000,50,1.0000,0.7039,0.7796,0.4978,0.4951,0.0600,0.1693,8.5910,9.4568,150,0.0000
aruco_5x5_norefine,48,0,0.0000,0.0000,50,1.0000,0.7027,1.1837,0.0081,0.0071,0.7027,1.1782,3.8389,4.0461,150,3.0000
aruco_5x5,48,0,0.0000,4.0000,50,1.0000,0.5986,0.6983,0.4242,0.4176,0.0733,0.1438,26.4693,27.5945,150,3.0000
cv_apriltag36h11,48,0,0.0000,4.0000,50,1.0000,0.5994,0.7016,0.4245,0.4181,0.0772,0.1523,26.4479,27.6363,150,0.0000
pupil_dec2,48,0,0.0000,4.0000,50,1.0000,0.7063,0.7763,0.4998,0.4959,0.0670,0.1664,3.5221,3.6960,150,0.0000
pupil_dec1,48,0,0.0000,4.0000,50,1.0000,0.7054,0.7768,0.4974,0.4972,0.0654,0.1713,14.2510,14.8967,150,0.0000
aruco_5x5_norefine,48,0,0.0000,4.0000,50,1.0000,0.6957,1.1734,-0.0019,0.0021,0.6957,1.1733,9.0598,9.3102,150,3.0000
aruco_5x5,48,0,0.0000,8.0000,50,1.0000,0.5997,0.6910,0.4211,0.4226,0.0735,0.1590,30.6649,31.8943,150,3.0000
cv_apriltag36h11,48,0,0.0000,8.0000,50,1.0000,0.6022,0.6904,0.4221,0.4244,0.0758,0.1651,30.6496,31.5562,150,0.0000
pupil_dec2,48,0,0.0000,8.0000,50,1.0000,0.7017,0.8006,0.4967,0.4926,0.0729,0.1720,3.7580,3.9761,150,0.0000
pupil_dec1,48,0,0.0000,8.0000,50,1.0000,0.7032,0.8038,0.4978,0.4933,0.0767,0.1710,15.3941,15.9357,150,0.0000
aruco_5x5_norefine,48,0,0.0000,8.0000,50,1.0000,0.7082,1.1733,0.0281,0.0471,0.7073,1.1434,16.2155,16.9028,150,3.0000
aruco_5x5,48,0,0.8000,0.0000,50,1.0000,0.6518,0.7833,0.4588,0.4571,0.0897,0.1909,10.8433,11.5547,150,2.5400
cv_apriltag36h11,48,0,0.8000,0.0000,50,1.0000,0.6542,0.8100,0.4591,0.4573,0.1041,0.2304,11.0412,11.6641,150,0.0000
pupil_dec2,48,0,0.8000,0.0000,50,1.0000,0.7054,0.7534,0.4992,0.4974,0.0374,0.0816,2.8400,2.9484,150,0.0000
pupil_dec1,48,0,0.8000,0.0000,50,1.0000,0.7022,0.7508,0.4957,0.4962,0.0365,0.0828,7.6765,8.2857,150,0.0000
aruco_5x5_norefine,48,0,0.8000,0.0000,50,1.0000,0.8663,1.4555,-0.0319,0.0721,0.8638,1.4249,2.8202,2.9617,150,3.0000
aruco_5x5,48,0,0.8000,4.0000,50,1.0000,0.6534,0.7573,0.4613,0.4565,0.0866,0.1822,26.6601,27.7310,150,2.8000
cv_apriltag36h11,48,0,0.8000,4.0000,50,1.0000,0.6543,0.7969,0.4588,0.4584,0.1007,0.2112,26.7205,27.7087,150,0.0000
pupil_dec2,48,0,0.8000,4.0000,50,1.0000,0.7049,0.7659,0.4965,0.4986,0.0515,0.1099,3.5648,3.7442,150,0.0000
pupil_dec1,48,0,0.8000,4.0000,50,1.0000,0.7031,0.7710,0.4950,0.4973,0.0537,0.1132,14.4947,15.1323,150,0.0000
aruco_5x5_norefine,48,0,0.8000,4.0000,50,1.0000,0.8535,1.4017,-0.0269,0.0021,0.8526,1.3926,8.4059,8.6644,150,3.0000
aruco_5x5,48,0,0.8000,8.0000,50,1.0000,0.6545,0.7889,0.4615,0.4547,0.1129,0.2264,31.3517,32.9773,150,2.8400
cv_apriltag36h11,48,0,0.8000,8.0000,50,1.0000,0.6563,0.8054,0.4621,0.4557,0.1194,0.2299,31.2893,32.4941,150,0.0000
pupil_dec2,48,0,0.8000,8.0000,50,1.0000,0.7020,0.8094,0.4938,0.4949,0.0819,0.1651,3.7514,3.9908,150,0.0000
pupil_dec1,48,0,0.8000,8.0000,50,1.0000,0.7034,0.8000,0.4957,0.4931,0.0894,0.1816,15.6599,16.4746,150,0.0000
aruco_5x5_norefine,48,0,0.8000,8.0000,50,1.0000,0.8746,1.4816,-0.0119,-0.0129,0.8746,1.4775,16.0826,16.6305,150,3.0000
aruco_5x5,48,0,1.5000,0.0000,50,1.0000,0.6944,0.8711,0.4820,0.4893,0.1304,0.2606,9.5087,10.0921,150,1.9800
cv_apriltag36h11,48,0,1.5000,0.0000,50,1.0000,0.7003,0.9471,0.4788,0.4895,0.1872,0.3764,9.6263,10.2005,150,0.0000
pupil_dec2,48,0,1.5000,0.0000,50,1.0000,0.7088,0.8044,0.4912,0.5078,0.0701,0.1426,2.6421,2.7896,150,0.0000
pupil_dec1,48,0,1.5000,0.0000,50,1.0000,0.7050,0.8220,0.4913,0.5019,0.0797,0.1589,6.8148,7.4504,150,0.0000
aruco_5x5_norefine,48,0,1.5000,0.0000,50,1.0000,1.1513,1.7902,-0.0069,-0.0579,1.1505,1.8104,2.1368,2.2190,150,2.0000
aruco_5x5,48,0,1.5000,4.0000,50,1.0000,0.6992,0.8723,0.4850,0.4903,0.1448,0.2710,26.9408,27.9890,150,1.9600
cv_apriltag36h11,48,0,1.5000,4.0000,50,1.0000,0.6987,0.9492,0.4721,0.4914,0.1892,0.3895,26.8408,27.8675,150,0.0000
pupil_dec2,48,0,1.5000,4.0000,50,1.0000,0.7085,0.8469,0.4906,0.5052,0.1009,0.1967,3.4786,3.7072,150,0.0000
pupil_dec1,48,0,1.5000,4.0000,50,1.0000,0.7041,0.8317,0.4897,0.4986,0.1025,0.2035,14.4618,15.2818,150,0.0000
aruco_5x5_norefine,48,0,1.5000,4.0000,50,1.0000,1.1927,1.7888,-0.0069,-0.0479,1.1923,1.7722,8.0369,8.2038,150,2.0000
aruco_5x5,48,0,1.5000,8.0000,50,1.0000,0.6977,0.8997,0.4794,0.4871,0.1740,0.3357,32.2619,33.4565,150,1.9800
cv_apriltag36h11,48,0,1.5000,8.0000,50,1.0000,0.6964,0.9587,0.4704,0.4883,0.1951,0.3942,32.0275,33.2731,150,0.0000
pupil_dec2,48,0,1.5000,8.0000,50,1.0000,0.7062,0.8841,0.4837,0.5008,0.1404,0.2812,3.8460,4.0334,150,0.0000
pupil_dec1,48,0,1.5000,8.0000,50,1.0000,0.7060,0.9023,0.4840,0.5009,0.1423,0.2894,16.2265,16.9275,150,0.0000
aruco_5x5_norefine,48,0,1.5000,8.0000,50,1.0000,1.1822,1.9436,0.0181,0.0171,1.1823,1.9685,16.2722,16.7244,150,2.0000
aruco_5x5,48,30,0.0000,0.0000,50,1.0000,0.6071,0.7350,0.4267,0.4235,0.0887,0.2276,13.2904,14.0289,150,3.0000
cv_apriltag36h11,48,30,0.0000,0.0000,50,1.0000,0.6075,0.7560,0.4274,0.4226,0.0951,0.2445,13.5752,14.2899,150,0.0000
pupil_dec2,48,30,0.0000,0.0000,50,1.0000,0.7047,0.7887,0.4944,0.4973,0.0757,0.1695,2.9377,3.1247,150,0.0000
pupil_dec1,48,30,0.0000,0.0000,50,1.0000,0.7068,0.7840,0.4985,0.4962,0.0737,0.1682,8.5882,9.5102,150,0.0000
aruco_5x5_norefine,48,30,0.0000,0.0000,50,1.0000,0.6868,1.2194,0.0011,0.0337,0.6862,1.2408,3.7991,4.0086,150,3.0000
aruco_5x5,48,30,0.0000,4.0000,50,1.0000,0.6040,0.7086,0.4210,0.4240,0.0869,0.2201,26.3907,27.5999,150,3.0000
cv_apriltag36h11,48,30,0.0000,4.0000,50,1.0000,0.6034,0.7605,0.4225,0.4206,0.0921,0.2521,26.3359,27.6266,150,0.0000
pupil_dec2,48,30,0.0000,4.0000,50,1.0000,0.7067,0.7983,0.4962,0.4982,0.0816,0.1727,3.5231,3.7524,150,0.0000
pupil_dec1,48,30,0.0000,4.0000,50,1.0000,0.7098,0.7995,0.5010,0.4976,0.0790,0.1826,14.3053,15.0008,150,0.0000
aruco_5x5_norefine,48,30,0.0000,4.0000,50,1.0000,0.6733,1.1854,0.0061,0.0237,0.6729,1.2032,9.0649,9.3706,150,3.0000
aruco_5x5,48,30,0.0000,8.0000,50,1.0000,0.6089,0.7552,0.4273,0.4239,0.0906,0.2586,30.6406,31.7573,150,3.0000
cv_apriltag36h11,48,30,0.0000,8.0000,50,1.0000,0.6066,0.7593,0.4259,0.4218,0.0950,0.2528,30.5765,31.4908,150,0.0000
pupil_dec2,48,30,0.0000,8.0000,50,1.0000,0.7068,0.8086,0.4957,0.4985,0.0854,0.1849,3.7481,3.9927,150,0.0000
pupil_dec1,48,30,0.0000,8.0000,50,1.0000,0.7032,0.8045,0.4924,0.4973,0.0830,0.1659,15.3983,16.0853,150,0.0000
aruco_5x5_norefine,48,30,0.0000,8.0000,50,1.0000,0.6764,1.2179,0.0011,-0.0063,0.6764,1.2122,16.1712,16.6129,150,3.0000
aruco_5x5,48,30,0.8000,0.0000,50,1.0000,0.6653,0.8506,0.4665,0.4629,0.1185,0.2721,10.8572,11.4546,150,2.5400
cv_apriltag36h11,48,30,0.8000,0.0000,50,1.0000,0.6679,0.8933,0.4652,0.4630,0.1366,0.3445,10.9852,11.6005,150,0.0000
pupil_dec2,48,30,0.8000,0.0000,50,1.0000,0.7036,0.7538,0.4991,0.4945,0.0418,0.1223,2.8197,2.9233,150,0.0000
pupil_dec1,48,30,0.8000,0.0000,50,1.0000,0.7050,0.7660,0.4980,0.4975,0.0455,0.1173,7.6048,8.1717,150,0.0000
aruco_5x5_norefine,48,30,0.8000,0.0000,50,1.0000,0.8651,1.3926,-0.0089,0.0187,0.8651,1.4048,2.7992,2.8868,150,3.0000
aruco_5x5,48,30,0.8000,4.0000,50,1.0000,0.6644,0.8274,0.4638,0.4642,0.1170,0.2830,26.6086,27.6807,150,2.8600
cv_apriltag36h11,48,30,0.8000,4.0000,50,1.0000,0.6675,0.8629,0.4625,0.4673,0.1273,0.3004,26.5859,27.4576,150,0.0000
pupil_dec2,48,30,0.8000,4.0000,50,1.0000,0.7084,0.7790,0.4985,0.5013,0.0567,0.1245,3.5614,3.7305,150,0.0000
pupil_dec1,48,30,0.8000,4.0000,50,1.0000,0.7064,0.7837,0.4976,0.4991,0.0604,0.1242,14.3953,15.0450,150,0.0000
aruco_5x5_norefine,48,30,0.8000,4.0000,50,1.0000,0.9018,1.4885,0.0361,0.0087,0.9007,1.4823,8.3973,8.6378,150,3.0000
aruco_5x5,48,30,0.8000,8.0000,50,1.0000,0.6656,0.8504,0.4657,0.4625,0.1285,0.2723,31.3372,32.7244,150,2.9200
cv_apriltag36h11,48,30,0.8000,8.0000,50,1.0000,0.6654,0.8595,0.4618,0.4638,0.1388,0.3005,31.1669,32.5835,150,0.0000
pupil_dec2,48,30,0.8000,8.0000,50,1.0000,0.7113,0.8195,0.5002,0.5012,0.0862,0.1594,3.8059,4.1172,150,0.0000
pupil_dec1,48,30,0.8000,8.0000,50,1.0000,0.7086,0.8275,0.4969,0.5004,0.0853,0.1638,15.7045,16.5266,150,0.0000
aruco_5x5_norefine,48,30,0.8000,8.0000,50,1.0000,0.9002,1.5331,-0.0189,0.0137,0.9000,1.5344,16.1793,17.1005,150,3.0000
aruco_5x5,48,30,1.5000,0.0000,50,1.0000,0.7220,1.0160,0.5055,0.4970,0.1902,0.3611,9.5767,10.0878,150,1.9800
cv_apriltag36h11,48,30,1.5000,0.0000,50,1.0000,0.7251,1.1314,0.4921,0.5022,0.2459,0.5145,9.6823,10.1801,150,0.0000
pupil_dec2,48,30,1.5000,0.0000,50,1.0000,0.7253,0.9057,0.5029,0.5179,0.1018,0.2083,2.6370,2.7993,150,0.0000
pupil_dec1,48,30,1.5000,0.0000,50,1.0000,0.7172,0.8952,0.5012,0.5080,0.1081,0.2152,6.8216,7.4416,150,0.0000
aruco_5x5_norefine,48,30,1.5000,0.0000,50,1.0000,1.3022,1.9790,0.0361,0.0587,1.3025,1.9686,2.1392,2.2079,150,2.0000
aruco_5x5,48,30,1.5000,4.0000,50,1.0000,0.7246,1.0005,0.5024,0.5024,0.1925,0.3782,27.0305,28.5548,150,2.0000
cv_apriltag36h11,48,30,1.5000,4.0000,50,1.0000,0.7343,1.1314,0.4972,0.5083,0.2505,0.5148,26.9758,28.1314,150,0.0000
pupil_dec2,48,30,1.5000,4.0000,50,1.0000,0.7236,0.9108,0.5001,0.5158,0.1218,0.2390,3.5149,3.7046,150,0.0000
pupil_dec1,48,30,1.5000,4.0000,50,1.0000,0.7184,0.9171,0.4999,0.5081,0.1268,0.2355,14.4727,15.0566,150,0.0000
aruco_5x5_norefine,48,30,1.5000,4.0000,50,1.0000,1.2802,1.9430,0.0511,0.0537,1.2787,1.9113,8.0937,8.3440,150,2.0000
aruco_5x5,48,30,1.5000,8.0000,50,1.0000,0.7288,1.0039,0.4997,0.5035,0.2128,0.4040,32.4183,33.6998,150,1.9400
cv_apriltag36h11,48,30,1.5000,8.0000,50,1.0000,0.7336,1.0887,0.4894,0.5075,0.2551,0.5008,32.2340,33.3972,150,0.0000
pupil_dec2,48,30,1.5000,8.0000,50,1.0000,0.7310,0.9763,0.5026,0.5165,0.1697,0.3391,3.8416,4.1419,150,0.0000
pupil_dec1,48,30,1.5000,8.0000,50,1.0000,0.7264,0.9850,0.4964,0.5130,0.1699,0.3472,16.2046,17.2873,150,0.0000
aruco_5x5_norefine,48,30,1.5000,8.0000,50,1.0000,1.2533,1.9345,-0.0039,0.0487,1.2539,1.9554,16.3591,16.7867,150,2.0200
aruco_5x5,48,45,0.0000,0.0000,50,1.0000,0.6079,0.7291,0.4241,0.4242,0.0982,0.2260,13.3120,13.9793,150,3.0000
cv_apriltag36h11,48,45,0.0000,0.0000,50,1.0000,0.6089,0.7316,0.4246,0.4241,0.1004,0.2477,13.5813,14.2383,150,0.0000
pupil_dec2,48,45,0.0000,0.0000,50,1.0000,0.7053,0.7910,0.4979,0.4956,0.0732,0.1615,2.9319,3.1208,150,0.0000
pupil_dec1,48,45,0.0000,0.0000,50,1.0000,0.7059,0.7908,0.4988,0.4964,0.0654,0.1658,8.6032,9.3711,150,0.0000
aruco_5x5_norefine,48,45,0.0000,0.0000,50,1.0000,0.7266,1.2028,-0.0168,0.0294,0.7266,1.1834,3.8201,3.9514,150,3.0000
aruco_5x5,48,45,0.0000,4.0000,50,1.0000,0.6060,0.7406,0.4252,0.4229,0.0931,0.1993,26.5597,27.6020,150,3.0000
cv_apriltag36h11,48,45,0.0000,4.0000,50,1.0000,0.6064,0.7372,0.4268,0.4210,0.0966,0.2090,26.5911,27.3685,150,0.0000
pupil_dec2,48,45,0.0000,4.0000,50,1.0000,0.7063,0.8041,0.4986,0.4963,0.0739,0.1594,3.5286,3.7519,150,0.0000
pupil_dec1,48,45,0.0000,4.0000,50,1.0000,0.7083,0.7963,0.5000,0.4986,0.0697,0.1525,14.3573,15.0216,150,0.0000
aruco_5x5_norefine,48,45,0.0000,4.0000,50,1.0000,0.7316,1.2093,-0.0268,0.0244,0.7320,1.1923,9.1614,9.3268,150,3.0000
aruco_5x5,48,45,0.0000,8.0000,50,1.0000,0.6044,0.7420,0.4212,0.4246,0.0990,0.2134,30.6895,31.6296,150,3.0000
cv_apriltag36h11,48,45,0.0000,8.0000,50,1.0000,0.6072,0.7400,0.4231,0.4249,0.1023,0.2338,30.6066,31.4497,150,0.0000
pupil_dec2,48,45,0.0000,8.0000,50,1.0000,0.7036,0.8203,0.4985,0.4919,0.0841,0.1764,3.7233,3.9514,150,0.0000
pupil_dec1,48,45,0.0000,8.0000,50,1.0000,0.7066,0.8130,0.5016,0.4940,0.0763,0.1550,15.2264,16.1154,150,0.0000
aruco_5x5_norefine,48,45,0.0000,8.0000,50,1.0000,0.7367,1.2051,0.0132,0.0694,0.7346,1.2164,16.3344,16.6794,150,3.0000
aruco_5x5,48,45,0.8000,0.0000,50,1.0000,0.6712,0.8859,0.4656,0.4683,0.1326,0.3103,10.8774,11.3824,150,2.5400
cv_apriltag36h11,48,45,0.8000,0.0000,50,1.0000,0.6750,0.9126,0.4657,0.4698,0.1473,0.3299,11.0961,11.5319,150,0.0000
pupil_dec2,48,45,0.8000,0.0000,50,1.0000,0.7140,0.7871,0.5044,0.5036,0.0516,0.1221,2.8121,2.9234,150,0.0000
pupil_dec1,48,45,0.8000,0.0000,50,1.0000,0.7122,0.7746,0.5003,0.5053,0.0480,0.1091,7.6708,8.0530,150,0.0000
aruco_5x5_norefine,48,45,0.8000,0.0000,50,1.0000,0.9180,1.4403,0.0082,0.0194,0.9173,1.4445,2.7859,2.8644,150,3.0000
aruco_5x5,48,45,0.8000,4.0000,50,1.0000,0.6715,0.8660,0.4689,0.4654,0.1374,0.3002,26.4369,27.5609,150,2.8400
cv_apriltag36h11,48,45,0.8000,4.0000,50,0.9800,0.6778,0.9013,0.4686,0.4719,0.1482,0.3247,26.4373,27.5311,150,0.0000
pupil_dec2,48,45,0.8000,4.0000,50,1.0000,0.7116,0.7857,0.5007,0.5029,0.0624,0.1330,3.5579,3.7469,150,0.0000
pupil_dec1,48,45,0.8000,4.0000,50,1.0000,0.7111,0.7931,0.5007,0.5024,0.0608,0.1234,14.2760,15.0777,150,0.0000
aruco_5x5_norefine,48,45,0.8000,4.0000,50,1.0000,0.9835,1.6510,0.0032,0.0344,0.9830,1.6343,8.4274,8.6320,150,3.0000
aruco_5x5,48,45,0.8000,8.0000,50,1.0000,0.6728,0.8666,0.4666,0.4680,0.1493,0.2880,31.1946,32.2417,150,2.9200
cv_apriltag36h11,48,45,0.8000,8.0000,50,1.0000,0.6766,0.8782,0.4668,0.4722,0.1560,0.3194,31.0672,32.0226,150,0.0000
pupil_dec2,48,45,0.8000,8.0000,50,1.0000,0.7151,0.8265,0.5067,0.5004,0.0844,0.1564,3.7922,4.1092,150,0.0000
pupil_dec1,48,45,0.8000,8.0000,50,1.0000,0.7125,0.8119,0.5012,0.5018,0.0816,0.1548,15.7776,16.4669,150,0.0000
aruco_5x5_norefine,48,45,0.8000,8.0000,50,1.0000,1.0490,1.8536,0.0332,0.0244,1.0483,1.8425,16.0738,16.3625,150,3.0000
aruco_5x5,48,45,1.5000,0.0000,50,1.0000,0.7443,1.1760,0.5143,0.5087,0.2612,0.5307,9.4634,10.0380,150,1.9800
cv_apriltag36h11,48,45,1.5000,0.0000,50,0.9400,0.7528,1.2976,0.4982,0.5143,0.3306,0.6938,9.6289,10.1871,150,0.0000
pupil_dec2,48,45,1.5000,0.0000,50,1.0000,0.7420,1.0651,0.5117,0.5279,0.1798,0.3914,2.6192,2.7739,150,0.0000
pupil_dec1,48,45,1.5000,0.0000,50,1.0000,0.7324,1.0349,0.5060,0.5203,0.1622,0.3679,6.8142,7.4444,150,0.0000
aruco_5x5_norefine,48,45,1.5000,0.0000,50,1.0000,1.4983,2.4001,0.0482,0.0494,1.4971,2.4077,2.1312,2.1845,150,2.0000
aruco_5x5,48,45,1.5000,4.0000,50,1.0000,0.7568,1.1494,0.5251,0.5165,0.2631,0.4985,27.2073,28.1273,150,1.9800
cv_apriltag36h11,48,45,1.5000,4.0000,50,0.9200,0.7494,1.2817,0.4951,0.5173,0.3336,0.6813,27.1594,27.9854,150,0.0000
pupil_dec2,48,45,1.5000,4.0000,50,1.0000,0.7462,1.0995,0.5158,0.5282,0.1930,0.4345,3.5372,3.7370,150,0.0000
pupil_dec1,48,45,1.5000,4.0000,50,1.0000,0.7357,1.0138,0.5101,0.5200,0.1759,0.3397,14.5141,15.1640,150,0.0000
aruco_5x5_norefine,48,45,1.5000,4.0000,50,1.0000,1.5078,2.4001,0.0382,0.0044,1.5081,2.3921,8.1221,8.2379,150,2.0000
aruco_5x5,48,45,1.5000,8.0000,50,1.0000,0.7635,1.1596,0.5217,0.5218,0.2812,0.5388,32.5564,33.5446,150,1.9400
cv_apriltag36h11,48,45,1.5000,8.0000,50,0.9200,0.7599,1.2645,0.4963,0.5256,0.3330,0.6582,32.2411,33.2442,150,0.0000
pupil_dec2,48,45,1.5000,8.0000,50,1.0000,0.7873,1.1774,0.5353,0.5545,0.2642,0.5311,3.8994,4.1422,150,0.0000
pupil_dec1,48,45,1.5000,8.0000,50,1.0000,0.7440,1.0662,0.5073,0.5228,0.2129,0.4296,16.3307,16.9899,150,0.0000
aruco_5x5_norefine,48,45,1.5000,8.0000,50,1.0000,1.4947,2.4368,0.1232,0.0344,1.4934,2.4381,16.3564,16.7402,150,2.0800
aruco_5x5,64,0,0.0000,0.0000,50,1.0000,0.5972,0.6769,0.4214,0.4202,0.0554,0.1245,13.3004,14.1027,150,3.0000
cv_apriltag36h11,64,0,0.0000,0.0000,50,1.0000,0.5965,0.6734,0.4214,0.4190,0.0590,0.1327,13.5374,14.1630,150,0.0000
pupil_dec2,64,0,0.0000,0.0000,50,1.0000,0.7042,0.8159,0.4970,0.4956,0.0730,0.1850,2.9357,3.1045,150,0.0000
pupil_dec1,64,0,0.0000,0.0000,50,1.0000,0.7043,0.8082,0.4958,0.4969,0.0697,0.1803,8.4718,9.4172,150,0.0000
aruco_5x5_norefine,64,0,0.0000,0.0000,50,1.0000,0.6432,1.1095,-0.0419,-0.0079,0.6419,1.0909,3.8447,4.0103,150,3.0000
aruco_5x5,64,0,0.0000,4.0000,50,1.0000,0.5993,0.6874,0.4237,0.4212,0.0548,0.1210,26.5252,27.6705,150,3.0000
cv_apriltag36h11,64,0,0.0000,4.0000,50,1.0000,0.5986,0.6883,0.4237,0.4198,0.0579,0.1280,26.4850,27.4870,150,0.0000
pupil_dec2,64,0,0.0000,4.0000,50,1.0000,0.7039,0.8240,0.4970,0.4953,0.0742,0.1712,3.5638,3.7145,150,0.0000
pupil_dec1,64,0,0.0000,4.0000,50,1.0000,0.7039,0.8124,0.4964,0.4959,0.0719,0.1848,14.2755,14.9362,150,0.0000
aruco_5x5_norefine,64,0,0.0000,4.0000,50,1.0000,0.6645,1.1560,-0.0319,-0.0029,0.6637,1.1796,9.1348,9.2664,150,3.0000
aruco_5x5,64,0,0.0000,8.0000,50,1.0000,0.5997,0.6956,0.4248,0.4201,0.0639,0.1350,30.6868,31.7231,150,3.0000
cv_apriltag36h11,64,0,0.0000,8.0000,50,1.0000,0.6000,0.6921,0.4251,0.4201,0.0663,0.1323,30.5627,31.7152,150,0.0000
pupil_dec2,64,0,0.0000,8.0000,50,1.0000,0.7036,0.8312,0.4965,0.4943,0.0863,0.1886,3.7129,3.9229,150,0.0000
pupil_dec1,64,0,0.0000,8.0000,50,1.0000,0.7063,0.8245,0.4971,0.4981,0.0833,0.1884,15.1655,16.1793,150,0.0000
aruco_5x5_norefine,64,0,0.0000,8.0000,50,1.0000,0.6539,1.1477,-0.0369,0.0071,0.6529,1.1323,16.2455,16.7980,150,3.0000
aruco_5x5,64,0,0.8000,0.0000,50,1.0000,0.6526,0.7307,0.4593,0.4597,0.0643,0.1494,10.8705,11.5340,150,2.5400
cv_apriltag36h11,64,0,0.8000,0.0000,50,1.0000,0.6530,0.7316,0.4594,0.4599,0.0666,0.1493,11.0802,11.7210,150,0.0000
pupil_dec2,64,0,0.8000,0.0000,50,1.0000,0.7012,0.7498,0.4955,0.4952,0.0428,0.1009,2.8267,2.9134,150,0.0000
pupil_dec1,64,0,0.8000,0.0000,50,1.0000,0.7034,0.7532,0.4974,0.4961,0.0400,0.0810,7.6473,8.2247,150,0.0000
aruco_5x5_norefine,64,0,0.8000,0.0000,50,1.0000,0.7369,1.2842,-0.0319,0.0521,0.7335,1.2709,2.8316,2.9416,150,3.0000
aruco_5x5,64,0,0.8000,4.0000,50,1.0000,0.6503,0.7396,0.4617,0.4529,0.0747,0.1469,26.3634,27.6023,150,2.7400
cv_apriltag36h11,64,0,0.8000,4.0000,50,1.0000,0.6505,0.7466,0.4620,0.4530,0.0747,0.1427,26.3970,27.4581,150,0.0000
pupil_dec2,64,0,0.8000,4.0000,50,1.0000,0.6982,0.7688,0.4928,0.4928,0.0547,0.1088,3.5135,3.7103,150,0.0000
pupil_dec1,64,0,0.8000,4.0000,50,1.0000,0.7004,0.7737,0.4971,0.4914,0.0555,0.1061,14.2424,15.1325,150,0.0000
aruco_5x5_norefine,64,0,0.8000,4.0000,50,1.0000,0.7212,1.3028,-0.0319,-0.0029,0.7212,1.3065,8.4646,8.6517,150,3.0000
aruco_5x5,64,0,0.8000,8.0000,50,1.0000,0.6565,0.7694,0.4638,0.4590,0.0921,0.1683,31.2633,32.4929,150,2.8600
cv_apriltag36h11,64,0,0.8000,8.0000,50,1.0000,0.6562,0.7630,0.4640,0.4583,0.0896,0.1741,31.0269,32.3189,150,0.0000
pupil_dec2,64,0,0.8000,8.0000,50,1.0000,0.6998,0.8168,0.4977,0.4884,0.0794,0.1656,3.7723,4.0016,150,0.0000
pupil_dec1,64,0,0.8000,8.0000,50,1.0000,0.7033,0.8024,0.5005,0.4900,0.0805,0.1586,15.5897,16.5447,150,0.0000
aruco_5x5_norefine,64,0,0.8000,8.0000,50,1.0000,0.7290,1.3491,-0.0019,0.0021,0.7290,1.3496,16.1196,16.3146,150,3.0000
aruco_5x5,64,0,1.5000,0.0000,50,1.0000,0.6853,0.7809,0.4803,0.4841,0.0816,0.1700,9.4948,10.1516,150,1.9800
cv_apriltag36h11,64,0,1.5000,0.0000,50,1.0000,0.6854,0.7854,0.4786,0.4851,0.0867,0.1853,9.6810,10.2577,150,0.0000
pupil_dec2,64,0,1.5000,0.0000,50,1.0000,0.6982,0.7484,0.4926,0.4935,0.0422,0.0874,2.6377,2.7888,150,0.0000
pupil_dec1,64,0,1.5000,0.0000,50,1.0000,0.7002,0.7609,0.4943,0.4945,0.0450,0.0985,6.8926,7.4164,150,0.0000
aruco_5x5_norefine,64,0,1.5000,0.0000,50,1.0000,0.9475,1.5979,-0.0319,0.0221,0.9464,1.5822,2.1548,2.2221,150,2.0000
aruco_5x5,64,0,1.5000,4.0000,50,1.0000,0.6905,0.8377,0.4874,0.4816,0.1048,0.2104,27.0839,28.1332,150,1.9600
cv_apriltag36h11,64,0,1.5000,4.0000,50,1.0000,0.6897,0.8273,0.4832,0.4845,0.1078,0.2104,26.9388,27.8713,150,0.0000
pupil_dec2,64,0,1.5000,4.0000,50,1.0000,0.7051,0.8064,0.4992,0.4942,0.0746,0.1478,3.4834,3.6942,150,0.0000
pupil_dec1,64,0,1.5000,4.0000,50,1.0000,0.7067,0.8096,0.5011,0.4944,0.0778,0.1465,14.3480,15.0803,150,0.0000
aruco_5x5_norefine,64,0,1.5000,4.0000,50,1.0000,0.9236,1.6610,-0.0069,0.0371,0.9223,1.6325,8.1704,8.3022,150,2.0000
aruco_5x5,64,0,1.5000,8.0000,50,1.0000,0.6943,0.8684,0.4767,0.4928,0.1377,0.2736,32.1517,33.4219,150,1.9600
cv_apriltag36h11,64,0,1.5000,8.0000,50,1.0000,0.6967,0.8650,0.4776,0.4949,0.1378,0.2624,31.8228,32.9348,150,0.0000
pupil_dec2,64,0,1.5000,8.0000,50,1.0000,0.7018,0.9100,0.4900,0.4926,0.1366,0.2632,3.8525,4.0687,150,0.0000
pupil_dec1,64,0,1.5000,8.0000,50,1.0000,0.7032,0.8820,0.4905,0.4948,0.1299,0.2474,16.1058,16.8420,150,0.0000
aruco_5x5_norefine,64,0,1.5000,8.0000,50,1.0000,0.9355,1.6569,-0.0169,-0.0279,0.9353,1.6534,16.3851,16.6860,150,2.0600
aruco_5x5,64,30,0.0000,0.0000,50,1.0000,0.6066,0.7086,0.4261,0.4270,0.0663,0.1656,13.4223,14.1136,150,3.0000
cv_apriltag36h11,64,30,0.0000,0.0000,50,1.0000,0.6059,0.7113,0.4245,0.4271,0.0715,0.1893,13.6159,14.2079,150,0.0000
pupil_dec2,64,30,0.0000,0.0000,50,1.0000,0.7055,0.8054,0.4946,0.4999,0.0732,0.1745,2.9521,3.1101,150,0.0000
pupil_dec1,64,30,0.0000,0.0000,50,1.0000,0.7047,0.8137,0.4903,0.5018,0.0813,0.1679,8.5931,9.4177,150,0.0000
aruco_5x5_norefine,64,30,0.0000,0.0000,50,1.0000,0.6635,1.1065,0.0156,0.0265,0.6639,1.1131,3.8594,4.0084,150,3.0000
aruco_5x5,64,30,0.0000,4.0000,50,1.0000,0.6072,0.6911,0.4261,0.4279,0.0690,0.1766,26.5238,27.4621,150,3.0000
cv_apriltag36h11,64,30,0.0000,4.0000,50,1.0000,0.6072,0.6953,0.4269,0.4271,0.0701,0.1783,26.4774,27.3536,150,0.0000
pupil_dec2,64,30,0.0000,4.0000,50,1.0000,0.7037,0.8057,0.4916,0.4994,0.0783,0.1805,3.5430,3.7160,150,0.0000
pupil_dec1,64,30,0.0000,4.0000,50,1.0000,0.7037,0.7996,0.4907,0.5003,0.0793,0.1647,13.9993,15.0273,150,0.0000
aruco_5x5_norefine,64,30,0.0000,4.0000,50,1.0000,0.6419,1.0675,0.0256,0.0265,0.6422,1.0766,9.1767,9.4479,150,3.0000
aruco_5x5,64,30,0.0000,8.0000,50,1.0000,0.6050,0.7015,0.4273,0.4228,0.0735,0.1810,30.8758,31.9596,150,3.0000
cv_apriltag36h11,64,30,0.0000,8.0000,50,1.0000,0.6040,0.7026,0.4265,0.4222,0.0764,0.1916,30.6141,31.5622,150,0.0000
pupil_dec2,64,30,0.0000,8.0000,50,1.0000,0.7021,0.8295,0.4898,0.4987,0.0893,0.1788,3.7076,4.0126,150,0.0000
pupil_dec1,64,30,0.0000,8.0000,50,1.0000,0.7048,0.8259,0.4900,0.5008,0.0917,0.1855,15.3035,16.0691,150,0.0000
aruco_5x5_norefine,64,30,0.0000,8.0000,50,1.0000,0.6748,1.1283,0.0156,0.0065,0.6750,1.1342,16.3434,17.1471,150,3.0000
aruco_5x5,64,30,0.8000,0.0000,50,1.0000,0.6639,0.7641,0.4652,0.4684,0.0747,0.1765,10.8364,11.5147,150,2.5400
cv_apriltag36h11,64,30,0.8000,0.0000,50,1.0000,0.6657,0.7761,0.4663,0.4695,0.0832,0.1771,11.0317,11.5131,150,0.0000
pupil_dec2,64,30,0.8000,0.0000,50,1.0000,0.7043,0.7659,0.4941,0.5004,0.0439,0.1114,2.8184,2.9190,150,0.0000
pupil_dec1,64,30,0.8000,0.0000,50,1.0000,0.7022,0.7541,0.4930,0.4979,0.0471,0.1218,7.5561,8.1787,150,0.0000
aruco_5x5_norefine,64,30,0.8000,0.0000,50,1.0000,0.7640,1.3827,0.0256,0.0565,0.7638,1.4097,2.8182,2.9209,150,3.0000
aruco_5x5,64,30,0.8000,4.0000,50,1.0000,0.6650,0.7603,0.4683,0.4664,0.0814,0.1828,26.3107,27.5720,150,2.8000
cv_apriltag36h11,64,30,0.8000,4.0000,50,1.0000,0.6661,0.7703,0.4694,0.4672,0.0835,0.1962,26.1558,27.4251,150,0.0000
pupil_dec2,64,30,0.8000,4.0000,50,1.0000,0.7044,0.7793,0.4962,0.4972,0.0610,0.1297,3.5284,3.7580,150,0.0000
pupil_dec1,64,30,0.8000,4.0000,50,1.0000,0.7044,0.7745,0.4960,0.4969,0.0616,0.1321,14.0526,14.9661,150,0.0000
aruco_5x5_norefine,64,30,0.8000,4.0000,50,1.0000,0.7788,1.4336,0.0406,0.0815,0.7756,1.4208,8.4642,8.8949,150,3.0000
aruco_5x5,64,30,0.8000,8.0000,50,1.0000,0.6648,0.8230,0.4631,0.4689,0.1037,0.2068,31.3224,32.3482,150,2.8800
cv_apriltag36h11,64,30,0.8000,8.0000,50,1.0000,0.6679,0.8206,0.4640,0.4723,0.1047,0.2152,31.1299,32.0563,150,0.0000
pupil_dec2,64,30,0.8000,8.0000,50,1.0000,0.7031,0.7999,0.4922,0.4974,0.0838,0.1639,3.7858,4.0075,150,0.0000
pupil_dec1,64,30,0.8000,8.0000,50,1.0000,0.7057,0.8224,0.4925,0.5007,0.0856,0.1794,15.6413,16.1774,150,0.0000
aruco_5x5_norefine,64,30,0.8000,8.0000,50,1.0000,0.7580,1.4012,0.0156,-0.0035,0.7581,1.4081,16.1751,16.7838,150,3.0000
aruco_5x5,64,30,1.5000,0.0000,50,1.0000,0.7041,0.8540,0.4908,0.4983,0.1007,0.2096,9.4775,10.1152,150,1.9800
cv_apriltag36h11,64,30,1.5000,0.0000,50,1.0000,0.7081,0.8651,0.4920,0.5015,0.1155,0.2207,9.6326,10.2058,150,0.0000
pupil_dec2,64,30,1.5000,0.0000,50,1.0000,0.7092,0.7791,0.5011,0.5003,0.0466,0.0995,2.6116,2.7808,150,0.0000
pupil_dec1,64,30,1.5000,0.0000,50,1.0000,0.7061,0.7833,0.4959,0.5006,0.0573,0.1134,6.8538,7.3129,150,0.0000
aruco_5x5_norefine,64,30,1.5000,0.0000,50,1.0000,0.9724,1.6527,0.0106,0.0615,0.9708,1.6970,2.1378,2.2191,150,2.0000
aruco_5x5,64,30,1.5000,4.0000,50,1.0000,0.7065,0.8457,0.4899,0.5006,0.1101,0.2230,27.2328,28.3749,150,1.9800
cv_apriltag36h11,64,30,1.5000,4.0000,50,1.0000,0.7095,0.8751,0.4916,0.5022,0.1219,0.2545,26.9701,28.0741,150,0.0000
pupil_dec2,64,30,1.5000,4.0000,50,1.0000,0.7100,0.8243,0.4975,0.5025,0.0798,0.1531,3.5037,3.7073,150,0.0000
pupil_dec1,64,30,1.5000,4.0000,50,1.0000,0.7118,0.8190,0.4974,0.5040,0.0874,0.1846,14.4834,15.2212,150,0.0000
aruco_5x5_norefine,64,30,1.5000,4.0000,50,1.0000,1.0038,1.6881,0.0806,0.0615,0.9989,1.7460,8.1829,8.5157,150,1.9800
aruco_5x5,64,30,1.5000,8.0000,50,1.0000,0.7004,0.9210,0.4824,0.4939,0.1576,0.2809,32.5591,33.5660,150,2.0000
cv_apriltag36h11,64,30,1.5000,8.0000,50,1.0000,0.7054,0.9057,0.4826,0.4997,0.1553,0.3021,32.1897,33.2120,150,0.0000
pupil_dec2,64,30,1.5000,8.0000,50,1.0000,0.7094,0.8789,0.4929,0.4996,0.1316,0.2394,3.8641,4.1098,150,0.0000
pupil_dec1,64,30,1.5000,8.0000,50,1.0000,0.7110,0.8903,0.4952,0.4979,0.1391,0.2690,16.2564,16.8082,150,0.0000
aruco_5x5_norefine,64,30,1.5000,8.0000,50,1.0000,0.9923,1.7540,-0.0194,0.0365,0.9924,1.7609,16.4682,17.1824,150,2.0400
aruco_5x5,64,45,0.0000,0.0000,50,1.0000,0.6048,0.7123,0.4265,0.4204,0.0812,0.1729,13.4083,14.1364,150,3.0000
cv_apriltag36h11,64,45,0.0000,0.0000,50,1.0000,0.6038,0.7185,0.4256,0.4198,0.0861,0.1716,13.6454,14.2675,150,0.0000
pupil_dec2,64,45,0.0000,0.0000,50,1.0000,0.7006,0.7893,0.4951,0.4922,0.0732,0.1694,2.9618,3.1170,150,0.0000
pupil_dec1,64,45,0.0000,0.0000,50,1.0000,0.7034,0.8054,0.4977,0.4942,0.0672,0.1520,8.5986,9.3232,150,0.0000
aruco_5x5_norefine,64,45,0.0000,0.0000,50,1.0000,0.6847,1.1071,0.0240,-0.0185,0.6847,1.1343,3.8827,4.0973,150,3.0000
aruco_5x5,64,45,0.0000,4.0000,50,1.0000,0.6063,0.7028,0.4294,0.4209,0.0779,0.1632,26.5288,27.5885,150,3.0000
cv_apriltag36h11,64,45,0.0000,4.0000,50,1.0000,0.6056,0.7131,0.4285,0.4206,0.0818,0.1675,26.4086,27.6745,150,0.0000
pupil_dec2,64,45,0.0000,4.0000,50,1.0000,0.7010,0.8162,0.4959,0.4917,0.0772,0.1737,3.5169,3.6891,150,0.0000
pupil_dec1,64,45,0.0000,4.0000,50,1.0000,0.7044,0.7964,0.5000,0.4932,0.0684,0.1759,14.0596,14.9766,150,0.0000
aruco_5x5_norefine,64,45,0.0000,4.0000,50,1.0000,0.6800,1.1747,0.0140,-0.0135,0.6802,1.1769,9.2006,9.6451,150,3.0000
aruco_5x5,64,45,0.0000,8.0000,50,1.0000,0.6038,0.7125,0.4250,0.4227,0.0778,0.1477,30.8395,32.4407,150,3.0200
cv_apriltag36h11,64,45,0.0000,8.0000,50,1.0000,0.6029,0.7131,0.4250,0.4214,0.0802,0.1737,30.7698,31.9961,150,0.0000
pupil_dec2,64,45,0.0000,8.0000,50,1.0000,0.6993,0.8176,0.4955,0.4887,0.0888,0.1874,3.7040,3.9459,150,0.0000
pupil_dec1,64,45,0.0000,8.0000,50,1.0000,0.7055,0.8002,0.5011,0.4930,0.0787,0.1802,15.3390,16.3585,150,0.0000
aruco_5x5_norefine,64,45,0.0000,8.0000,50,1.0000,0.6752,1.0821,-0.0110,0.0065,0.6750,1.0901,16.4056,17.1465,150,3.0000
aruco_5x5,64,45,0.8000,0.0000,50,1.0000,0.6621,0.7974,0.4666,0.4616,0.0913,0.2188,10.8820,11.5367,150,2.5400
cv_apriltag36h11,64,45,0.8000,0.0000,50,1.0000,0.6639,0.8328,0.4681,0.4622,0.1064,0.2616,11.0656,11.7032,150,0.0000
pupil_dec2,64,45,0.8000,0.0000,50,1.0000,0.7080,0.7667,0.4989,0.5013,0.0394,0.0801,2.8209,2.9276,150,0.0000
pupil_dec1,64,45,0.8000,0.0000,50,1.0000,0.7075,0.7629,0.4999,0.4994,0.0424,0.1012,7.5728,8.1967,150,0.0000
aruco_5x5_norefine,64,45,0.8000,0.0000,50,1.0000,0.8270,1.4003,0.0340,0.0115,0.8273,1.3770,2.8328,2.9538,150,3.0000
aruco_5x5,64,45,0.8000,4.0000,50,1.0000,0.6652,0.7900,0.4675,0.4651,0.0934,0.1840,26.5502,27.5765,150,2.8800
cv_apriltag36h11,64,45,0.8000,4.0000,50,1.0000,0.6664,0.8107,0.4678,0.4663,0.1034,0.2019,26.4263,27.4799,150,0.0000
pupil_dec2,64,45,0.8000,4.0000,50,1.0000,0.7052,0.7724,0.4959,0.4995,0.0533,0.0989,3.5260,3.8117,150,0.0000
pupil_dec1,64,45,0.8000,4.0000,50,1.0000,0.7086,0.7859,0.5013,0.4989,0.0549,0.1083,14.1398,14.8968,150,0.0200
aruco_5x5_norefine,64,45,0.8000,4.0000,50,1.0000,0.8253,1.4524,-0.0110,0.0115,0.8247,1.4447,8.5120,8.8171,150,3.0000
aruco_5x5,64,45,0.8000,8.0000,50,1.0000,0.6629,0.7944,0.4700,0.4589,0.1098,0.2073,31.3992,32.7112,150,2.8600
cv_apriltag36h11,64,45,0.8000,8.0000,50,1.0000,0.6644,0.8116,0.4702,0.4610,0.1146,0.2139,31.2022,32.4071,150,0.0000
pupil_dec2,64,45,0.8000,8.0000,50,1.0000,0.7131,0.8585,0.5005,0.5040,0.0904,0.1949,3.7627,4.0000,150,0.0000
pupil_dec1,64,45,0.8000,8.0000,50,1.0000,0.7124,0.8261,0.5039,0.4993,0.0872,0.1779,15.7087,16.4988,150,0.0000
aruco_5x5_norefine,64,45,0.8000,8.0000,50,1.0000,0.8443,1.6405,0.0140,0.0365,0.8446,1.6466,16.2259,16.7008,150,3.0000
aruco_5x5,64,45,1.5000,0.0000,50,1.0000,0.7213,0.9761,0.5057,0.5051,0.1381,0.3017,9.4688,10.1049,150,1.9800
cv_apriltag36h11,64,45,1.5000,0.0000,50,1.0000,0.7202,1.0191,0.5033,0.5034,0.1746,0.3887,9.6099,10.2179,150,0.0000
pupil_dec2,64,45,1.5000,0.0000,50,1.0000,0.7288,0.8738,0.5140,0.5147,0.0769,0.1715,2.6242,2.7924,150,0.0000
pupil_dec1,64,45,1.5000,0.0000,50,1.0000,0.7231,0.8722,0.5099,0.5103,0.0832,0.1838,6.8425,7.4014,150,0.0000
aruco_5x5_norefine,64,45,1.5000,0.0000,50,1.0000,1.1563,1.9036,0.0890,0.0565,1.1558,1.9277,2.1397,2.2060,150,2.0000
aruco_5x5,64,45,1.5000,4.0000,50,1.0000,0.7227,0.9244,0.5011,0.5094,0.1441,0.2757,27.2806,28.2648,150,1.9800
cv_apriltag36h11,64,45,1.5000,4.0000,50,1.0000,0.7278,1.0313,0.5049,0.5122,0.1697,0.3539,27.0691,27.9330,150,0.0000
pupil_dec2,64,45,1.5000,4.0000,50,1.0000,0.7309,0.9026,0.5138,0.5154,0.1024,0.2001,3.5375,3.6854,150,0.0000
pupil_dec1,64,45,1.5000,4.0000,50,1.0000,0.7246,0.8764,0.5082,0.5114,0.1053,0.2173,14.4785,15.3851,150,0.0000
aruco_5x5_norefine,64,45,1.5000,4.0000,50,1.0000,1.1523,1.9750,0.0640,0.0415,1.1518,1.9908,8.1956,8.4692,150,2.0000
aruco_5x5,64,45,1.5000,8.0000,50,1.0000,0.7191,0.9355,0.5069,0.4884,0.1754,0.3472,32.5378,33.8937,150,1.9600
cv_apriltag36h11,64,45,1.5000,8.0000,50,1.0000,0.7256,1.0411,0.5064,0.4992,0.2015,0.3898,32.2606,33.2481,150,0.0000
pupil_dec2,64,45,1.5000,8.0000,50,1.0000,0.7275,0.9568,0.5147,0.4991,0.1535,0.3098,3.8153,4.0748,150,0.0000
pupil_dec1,64,45,1.5000,8.0000,50,1.0000,0.7273,0.9460,0.5155,0.4972,0.1602,0.3166,16.1793,16.8122,150,0.0000
aruco_5x5_norefine,64,45,1.5000,8.0000,50,1.0000,1.1493,2.0291,0.1390,0.1265,1.1380,2.0002,16.5134,17.2238,150,2.0000
aruco_5x5,96,0,0.0000,0.0000,50,1.0000,0.5974,0.6668,0.4219,0.4203,0.0436,0.1013,13.2255,14.0411,150,3.0000
cv_apriltag36h11,96,0,0.0000,0.0000,50,1.0000,0.5965,0.6585,0.4211,0.4197,0.0437,0.0996,13.4761,14.2159,150,0.0000
pupil_dec2,96,0,0.0000,0.0000,50,1.0000,0.7067,0.7959,0.4980,0.4988,0.0657,0.1474,2.9264,3.1019,150,0.0000
pupil_dec1,96,0,0.0000,0.0000,50,1.0000,0.7066,0.7843,0.4957,0.5012,0.0604,0.1257,8.5277,9.3330,150,0.0000
aruco_5x5_norefine,96,0,0.0000,0.0000,50,1.0000,0.6736,1.1085,-0.0269,0.0071,0.6731,1.1138,3.8387,4.1525,150,3.0000
aruco_5x5,96,0,0.0000,4.0000,50,1.0000,0.5978,0.6738,0.4212,0.4214,0.0482,0.1023,26.4197,27.5437,150,3.0000
cv_apriltag36h11,96,0,0.0000,4.0000,50,1.0000,0.5975,0.6622,0.4210,0.4211,0.0492,0.1108,26.3673,27.3511,150,0.0000
pupil_dec2,96,0,0.0000,4.0000,50,1.0000,0.7066,0.7928,0.4991,0.4972,0.0682,0.1493,3.4493,3.6670,150,0.0000
pupil_dec1,96,0,0.0000,4.0000,50,1.0000,0.7055,0.7861,0.4957,0.4993,0.0643,0.1341,14.0355,14.8020,150,0.0000
aruco_5x5_norefine,96,0,0.0000,4.0000,50,1.0000,0.6754,1.1085,-0.0319,-0.0029,0.6747,1.1078,9.1963,9.6955,150,3.0000
aruco_5x5,96,0,0.0000,8.0000,50,1.0000,0.5990,0.6680,0.4243,0.4195,0.0535,0.1025,30.4016,31.8126,150,3.0000
cv_apriltag36h11,96,0,0.0000,8.0000,50,1.0000,0.5983,0.6645,0.4239,0.4189,0.0535,0.0983,30.1945,31.5766,150,0.0000
pupil_dec2,96,0,0.0000,8.0000,50,1.0000,0.7052,0.8164,0.4951,0.4984,0.0774,0.1677,3.6673,3.8785,150,0.0000
pupil_dec1,96,0,0.0000,8.0000,50,1.0000,0.7077,0.8164,0.4987,0.4986,0.0756,0.1601,15.0770,16.0829,150,0.0000
aruco_5x5_norefine,96,0,0.0000,8.0000,50,1.0000,0.6648,1.0614,-0.0169,0.0021,0.6646,1.0620,16.3808,16.8578,150,3.0000
aruco_5x5,96,0,0.8000,0.0000,50,1.0000,0.6498,0.7147,0.4576,0.4586,0.0455,0.0947,10.7397,11.3952,150,2.5400
cv_apriltag36h11,96,0,0.8000,0.0000,50,1.0000,0.6496,0.7086,0.4576,0.4583,0.0454,0.1046,10.9738,11.5911,150,0.0000
pupil_dec2,96,0,0.8000,0.0000,50,1.0000,0.7039,0.7618,0.4976,0.4966,0.0425,0.0908,2.7966,2.8923,150,0.0000
pupil_dec1,96,0,0.8000,0.0000,50,1.0000,0.7024,0.7528,0.4965,0.4952,0.0429,0.1069,7.5704,8.1447,150,0.0000
aruco_5x5_norefine,96,0,0.8000,0.0000,50,1.0000,0.7401,1.3503,-0.0369,-0.0079,0.7391,1.3235,2.8901,3.0131,150,3.0000
aruco_5x5,96,0,0.8000,4.0000,50,1.0000,0.6507,0.7248,0.4589,0.4579,0.0608,0.1135,25.9930,27.3443,150,2.8400
cv_apriltag36h11,96,0,0.8000,4.0000,50,1.0000,0.6505,0.7256,0.4587,0.4578,0.0611,0.1153,25.8943,27.2085,150,0.0000
pupil_dec2,96,0,0.8000,4.0000,50,1.0000,0.7062,0.7745,0.5011,0.4954,0.0557,0.1276,3.4841,3.6455,150,0.0000
pupil_dec1,96,0,0.8000,4.0000,50,1.0000,0.7041,0.7699,0.4975,0.4959,0.0553,0.1330,13.9239,14.9387,150,0.0000
aruco_5x5_norefine,96,0,0.8000,4.0000,50,1.0000,0.7526,1.3578,-0.0219,-0.0229,0.7524,1.3531,8.5494,8.8853,150,3.0000
aruco_5x5,96,0,0.8000,8.0000,50,1.0000,0.6515,0.7509,0.4579,0.4589,0.0744,0.1412,31.0718,32.3273,150,2.9400
cv_apriltag36h11,96,0,0.8000,8.0000,50,1.0000,0.6511,0.7485,0.4573,0.4592,0.0751,0.1450,30.8954,31.7929,150,0.0000
pupil_dec2,96,0,0.8000,8.0000,50,1.0000,0.6982,0.8108,0.4883,0.4945,0.0853,0.1742,3.7316,3.9954,150,0.0000
pupil_dec1,96,0,0.8000,8.0000,50,1.0000,0.6979,0.8031,0.4904,0.4919,0.0847,0.1757,15.3941,16.1378,150,0.0000
aruco_5x5_norefine,96,0,0.8000,8.0000,50,1.0000,0.7738,1.3955,-0.0519,-0.0079,0.7724,1.4015,16.2630,17.0782,150,3.0000
aruco_5x5,96,0,1.5000,0.0000,50,1.0000,0.6815,0.7788,0.4787,0.4814,0.0627,0.1308,9.3360,10.1147,150,1.9800
cv_apriltag36h11,96,0,1.5000,0.0000,50,1.0000,0.6814,0.7787,0.4786,0.4813,0.0626,0.1308,9.5013,10.1669,150,0.0000
pupil_dec2,96,0,1.5000,0.0000,50,1.0000,0.6998,0.7379,0.4949,0.4942,0.0327,0.0737,2.6206,2.7691,150,0.0000
pupil_dec1,96,0,1.5000,0.0000,50,1.0000,0.7019,0.7548,0.4944,0.4965,0.0440,0.0994,6.8215,7.2611,150,0.0000
aruco_5x5_norefine,96,0,1.5000,0.0000,50,1.0000,0.9030,1.4795,-0.0019,0.0121,0.9031,1.4708,2.1778,2.2567,150,2.0000
aruco_5x5,96,0,1.5000,4.0000,50,1.0000,0.6826,0.7881,0.4832,0.4776,0.0753,0.1719,26.4213,27.6048,150,2.0000
cv_apriltag36h11,96,0,1.5000,4.0000,50,1.0000,0.6826,0.7881,0.4828,0.4779,0.0764,0.1584,26.1881,27.4071,150,0.0000
pupil_dec2,96,0,1.5000,4.0000,50,1.0000,0.7015,0.7804,0.4966,0.4922,0.0702,0.1353,3.4655,3.7244,150,0.0000
pupil_dec1,96,0,1.5000,4.0000,50,1.0000,0.6996,0.7966,0.4939,0.4918,0.0722,0.1418,14.1065,14.8068,150,0.0000
aruco_5x5_norefine,96,0,1.5000,4.0000,50,1.0000,0.9171,1.6644,0.0131,0.0271,0.9166,1.6924,8.2189,8.7626,150,2.0000
aruco_5x5,96,0,1.5000,8.0000,50,1.0000,0.6825,0.8217,0.4791,0.4788,0.1080,0.1961,31.9049,33.1240,150,1.9400
cv_apriltag36h11,96,0,1.5000,8.0000,50,1.0000,0.6831,0.8248,0.4797,0.4788,0.1092,0.2039,31.4756,32.4000,150,0.0000
pupil_dec2,96,0,1.5000,8.0000,50,1.0000,0.6992,0.8543,0.4930,0.4872,0.1200,0.2362,3.7870,4.0349,150,0.0000
pupil_dec1,96,0,1.5000,8.0000,50,1.0000,0.7012,0.8630,0.4874,0.4931,0.1306,0.2507,15.6349,16.4310,150,0.0000
aruco_5x5_norefine,96,0,1.5000,8.0000,50,1.0000,0.9139,1.8224,0.0131,0.0621,0.9122,1.7819,16.4643,17.1786,150,2.0200
aruco_5x5,96,30,0.0000,0.0000,50,1.0000,0.5997,0.6495,0.4234,0.4190,0.0536,0.1723,13.2148,13.9150,150,3.0000
cv_apriltag36h11,96,30,0.0000,0.0000,50,1.0000,0.5996,0.6490,0.4232,0.4190,0.0542,0.1912,13.4720,14.1239,150,0.0000
pupil_dec2,96,30,0.0000,0.0000,50,1.0000,0.7115,0.8157,0.5021,0.5002,0.0722,0.1606,2.9318,3.0991,150,0.0000
pupil_dec1,96,30,0.0000,0.0000,50,1.0000,0.7101,0.8214,0.5029,0.4971,0.0715,0.1718,8.5028,9.3835,150,0.0000
aruco_5x5_norefine,96,30,0.0000,0.0000,50,1.0000,0.6891,1.1789,0.0191,0.0274,0.6883,1.1642,3.8421,4.1247,150,3.0000
aruco_5x5,96,30,0.0000,4.0000,50,1.0000,0.5979,0.6645,0.4223,0.4179,0.0548,0.1312,26.1986,27.2667,150,3.0000
cv_apriltag36h11,96,30,0.0000,4.0000,50,1.0000,0.5972,0.6565,0.4219,0.4173,0.0559,0.1516,26.1265,27.1251,150,0.0000
pupil_dec2,96,30,0.0000,4.0000,50,1.0000,0.7133,0.7982,0.5038,0.5008,0.0758,0.1567,3.4553,3.6799,150,0.0000
pupil_dec1,96,30,0.0000,4.0000,50,1.0000,0.7103,0.8140,0.5043,0.4958,0.0762,0.1789,13.9521,14.6878,150,0.0000
aruco_5x5_norefine,96,30,0.0000,4.0000,50,1.0000,0.6933,1.1789,0.0091,0.0324,0.6921,1.1652,9.1646,9.5518,150,3.0000
aruco_5x5,96,30,0.0000,8.0000,50,1.0000,0.6018,0.6843,0.4262,0.4198,0.0614,0.1536,30.2925,31.7061,150,3.0000
cv_apriltag36h11,96,30,0.0000,8.0000,50,1.0000,0.6020,0.6841,0.4265,0.4199,0.0616,0.1841,30.0362,31.2047,150,0.0000
pupil_dec2,96,30,0.0000,8.0000,50,1.0000,0.7127,0.8299,0.5034,0.4992,0.0858,0.1664,3.6979,3.9522,150,0.0000
pupil_dec1,96,30,0.0000,8.0000,50,1.0000,0.7134,0.8110,0.5068,0.4969,0.0819,0.1658,15.0410,15.8372,150,0.0000
aruco_5x5_norefine,96,30,0.0000,8.0000,50,1.0000,0.7140,1.1910,0.0241,0.0074,0.7150,1.1874,16.3778,17.1938,150,3.0000
aruco_5x5,96,30,0.8000,0.0000,50,1.0000,0.6541,0.7077,0.4611,0.4581,0.0575,0.1606,10.6549,11.3233,150,2.5400
cv_apriltag36h11,96,30,0.8000,0.0000,50,1.0000,0.6541,0.7077,0.4614,0.4578,0.0575,0.1604,10.8984,11.5179,150,0.0000
pupil_dec2,96,30,0.8000,0.0000,50,1.0000,0.7067,0.7743,0.4975,0.5003,0.0458,0.1249,2.7941,2.9018,150,0.0000
pupil_dec1,96,30,0.8000,0.0000,50,1.0000,0.7023,0.7761,0.4954,0.4961,0.0458,0.1225,7.5343,8.1725,150,0.0000
aruco_5x5_norefine,96,30,0.8000,0.0000,50,1.0000,0.7813,1.3540,0.0291,0.0424,0.7797,1.3369,2.8648,3.0118,150,3.0000
aruco_5x5,96,30,0.8000,4.0000,50,1.0000,0.6541,0.7257,0.4595,0.4599,0.0655,0.1463,26.1262,27.3138,150,2.8400
cv_apriltag36h11,96,30,0.8000,4.0000,50,1.0000,0.6542,0.7257,0.4600,0.4593,0.0657,0.1309,26.0026,27.2509,150,0.0000
pupil_dec2,96,30,0.8000,4.0000,50,1.0000,0.7093,0.7928,0.5005,0.5003,0.0570,0.1168,3.4793,3.6799,150,0.0000
pupil_dec1,96,30,0.8000,4.0000,50,1.0000,0.7053,0.7860,0.4957,0.4990,0.0581,0.1287,13.9737,14.9104,150,0.0000
aruco_5x5_norefine,96,30,0.8000,4.0000,50,1.0000,0.7656,1.3076,0.0541,0.0424,0.7627,1.3051,8.5302,8.7946,150,3.0000
aruco_5x5,96,30,0.8000,8.0000,50,1.0000,0.6503,0.7528,0.4582,0.4553,0.0817,0.1909,31.2581,32.6875,150,2.9000
cv_apriltag36h11,96,30,0.8000,8.0000,50,1.0000,0.6501,0.7528,0.4585,0.4549,0.0814,0.1903,31.0949,32.4714,150,0.0000
pupil_dec2,96,30,0.8000,8.0000,50,1.0000,0.7124,0.8420,0.4997,0.5025,0.0885,0.1761,3.7227,3.9433,150,0.0000
pupil_dec1,96,30,0.8000,8.0000,50,1.0000,0.7072,0.8291,0.4976,0.4977,0.0903,0.1874,15.4569,16.1806,150,0.0000
aruco_5x5_norefine,96,30,0.8000,8.0000,50,1.0000,0.7681,1.4170,0.0541,0.0274,0.7663,1.4223,16.3644,17.1417,150,3.0000
aruco_5x5,96,30,1.5000,0.0000,50,1.0000,0.6871,0.7678,0.4847,0.4802,0.0701,0.1579,9.4436,10.0763,150,1.9800
cv_apriltag36h11,96,30,1.5000,0.0000,50,1.0000,0.6870,0.7651,0.4846,0.4800,0.0703,0.1581,9.5001,10.1621,150,0.0000
pupil_dec2,96,30,1.5000,0.0000,50,1.0000,0.7010,0.7541,0.4952,0.4948,0.0395,0.1059,2.6142,2.7674,150,0.0000
pupil_dec1,96,30,1.5000,0.0000,50,1.0000,0.6974,0.7696,0.4912,0.4932,0.0474,0.1327,6.7830,7.2357,150,0.0000
aruco_5x5_norefine,96,30,1.5000,0.0000,50,1.0000,0.9341,1.8163,0.0441,0.0374,0.9322,1.8126,2.1790,2.2653,150,2.0000
aruco_5x5,96,30,1.5000,4.0000,50,1.0000,0.6853,0.7834,0.4846,0.4776,0.0894,0.2137,26.7645,28.1665,150,1.9400
cv_apriltag36h11,96,30,1.5000,4.0000,50,1.0000,0.6866,0.7899,0.4860,0.4780,0.0902,0.2037,26.5113,27.5502,150,0.0000
pupil_dec2,96,30,1.5000,4.0000,50,1.0000,0.7015,0.7921,0.4919,0.4966,0.0740,0.1445,3.4876,3.6845,150,0.0000
pupil_dec1,96,30,1.5000,4.0000,50,1.0000,0.6990,0.8009,0.4894,0.4943,0.0836,0.1645,14.1092,14.9084,150,0.0000
aruco_5x5_norefine,96,30,1.5000,4.0000,50,1.0000,0.9846,1.7144,0.0691,-0.0026,0.9813,1.7326,8.2687,8.6874,150,1.9800
aruco_5x5,96,30,1.5000,8.0000,50,1.0000,0.6900,0.8234,0.4879,0.4794,0.1120,0.2248,32.3539,33.5057,150,1.9400
cv_apriltag36h11,96,30,1.5000,8.0000,50,1.0000,0.6902,0.8286,0.4883,0.4793,0.1110,0.2131,31.9002,33.2741,150,0.0000
pupil_dec2,96,30,1.5000,8.0000,50,1.0000,0.7049,0.8651,0.4984,0.4866,0.1319,0.2487,3.7876,4.0437,150,0.0000
pupil_dec1,96,30,1.5000,8.0000,50,1.0000,0.7024,0.8744,0.4974,0.4843,0.1360,0.2450,15.9393,16.7105,150,0.0000
aruco_5x5_norefine,96,30,1.5000,8.0000,50,1.0000,0.9013,1.7955,0.0541,0.1074,0.8969,1.7011,20.4284,21.2367,150,2.0400
aruco_5x5,96,45,0.0000,0.0000,50,1.0000,0.6028,0.6813,0.4236,0.4257,0.0535,0.1315,13.3281,14.1998,150,3.0000
cv_apriltag36h11,96,45,0.0000,0.0000,50,1.0000,0.6057,0.6857,0.4260,0.4273,0.0548,0.1295,13.6307,14.1741,150,0.0000
pupil_dec2,96,45,0.0000,0.0000,50,1.0000,0.7034,0.7982,0.4920,0.4995,0.0711,0.1570,2.9370,3.1216,150,0.0000
pupil_dec1,96,45,0.0000,0.0000,50,1.0000,0.7064,0.8043,0.4936,0.5019,0.0726,0.1636,8.5808,9.3574,150,0.0000
aruco_5x5_norefine,96,45,0.0000,0.0000,50,1.0000,0.7051,1.1275,-0.0245,0.0636,0.7018,1.1620,3.9043,4.1328,150,3.0000
aruco_5x5,96,45,0.0000,4.0000,50,1.0000,0.6037,0.6748,0.4262,0.4242,0.0541,0.1292,26.3954,27.9087,150,3.0000
cv_apriltag36h11,96,45,0.0000,4.0000,50,1.0000,0.6058,0.6837,0.4272,0.4264,0.0552,0.1288,26.2780,27.2453,150,0.0000
pupil_dec2,96,45,0.0000,4.0000,50,1.0000,0.7038,0.8013,0.4937,0.4985,0.0730,0.1546,3.5126,3.7092,150,0.0000
pupil_dec1,96,45,0.0000,4.0000,50,1.0000,0.7046,0.8172,0.4943,0.4982,0.0768,0.1751,13.9519,14.8464,150,0.0000
aruco_5x5_norefine,96,45,0.0000,4.0000,50,1.0000,0.7037,1.1275,-0.0145,0.0636,0.7006,1.1646,9.2760,10.0075,150,3.0000
aruco_5x5,96,45,0.0000,8.0000,50,1.0000,0.6043,0.6749,0.4247,0.4262,0.0575,0.1306,30.6280,32.2559,150,3.0000
cv_apriltag36h11,96,45,0.0000,8.0000,50,1.0000,0.6061,0.6878,0.4260,0.4275,0.0574,0.1318,30.1785,31.5341,150,0.0000
pupil_dec2,96,45,0.0000,8.0000,50,1.0000,0.7002,0.8045,0.4877,0.4982,0.0808,0.1684,3.7074,4.0245,150,0.0000
pupil_dec1,96,45,0.0000,8.0000,50,1.0000,0.7019,0.8138,0.4903,0.4978,0.0841,0.1857,14.9608,16.0326,150,0.0000
aruco_5x5_norefine,96,45,0.0000,8.0000,50,1.0000,0.7036,1.1298,-0.0195,0.0486,0.7020,1.1627,16.4724,17.1834,150,3.0000
aruco_5x5,96,45,0.8000,0.0000,50,1.0000,0.6569,0.7360,0.4615,0.4642,0.0536,0.1377,10.7620,11.4836,150,2.5400
cv_apriltag36h11,96,45,0.8000,0.0000,50,1.0000,0.6601,0.7419,0.4637,0.4665,0.0560,0.1404,10.9672,11.5834,150,0.0000
pupil_dec2,96,45,0.8000,0.0000,50,1.0000,0.7067,0.7614,0.4987,0.4993,0.0432,0.1054,2.7961,2.8822,150,0.0000
pupil_dec1,96,45,0.8000,0.0000,50,1.0000,0.7017,0.7497,0.4933,0.4975,0.0455,0.0986,7.5704,8.1765,150,0.0000
aruco_5x5_norefine,96,45,0.8000,0.0000,50,1.0000,0.8050,1.4136,0.0255,0.0386,0.8022,1.4170,2.8648,2.9818,150,3.0000
aruco_5x5,96,45,0.8000,4.0000,50,1.0000,0.6585,0.7316,0.4622,0.4649,0.0639,0.1458,26.1300,27.4662,150,2.8800
cv_apriltag36h11,96,45,0.8000,4.0000,50,1.0000,0.6608,0.7331,0.4643,0.4660,0.0658,0.1635,25.9466,27.0428,150,0.0000
pupil_dec2,96,45,0.8000,4.0000,50,1.0000,0.7068,0.7720,0.4974,0.5003,0.0552,0.1062,3.5327,3.7054,150,0.0000
pupil_dec1,96,45,0.8000,4.0000,50,1.0000,0.7040,0.7737,0.4952,0.4980,0.0589,0.1405,14.0833,14.8257,150,0.0000
aruco_5x5_norefine,96,45,0.8000,4.0000,50,1.0000,0.8073,1.4688,0.0505,0.0536,0.8021,1.4498,8.5853,8.8993,150,3.0000
aruco_5x5,96,45,0.8000,8.0000,50,1.0000,0.6511,0.7573,0.4591,0.4567,0.0794,0.1602,31.2100,32.4928,150,2.9400
cv_apriltag36h11,96,45,0.8000,8.0000,50,1.0000,0.6534,0.7581,0.4605,0.4585,0.0791,0.1559,30.9431,31.9187,150,0.0000
pupil_dec2,96,45,0.8000,8.0000,50,1.0000,0.7069,0.8163,0.4990,0.4959,0.0855,0.1712,3.7648,4.0580,150,0.0000
pupil_dec1,96,45,0.8000,8.0000,50,1.0000,0.7010,0.8148,0.4917,0.4945,0.0870,0.1744,15.4838,16.1189,150,0.0000
aruco_5x5_norefine,96,45,0.8000,8.0000,50,1.0000,0.7659,1.4035,0.0005,0.0336,0.7640,1.4004,16.3968,17.0492,150,3.0000
aruco_5x5,96,45,1.5000,0.0000,50,1.0000,0.6902,0.7758,0.4824,0.4885,0.0716,0.1810,9.4249,10.0516,150,1.9800
cv_apriltag36h11,96,45,1.5000,0.0000,50,1.0000,0.6986,0.7880,0.4888,0.4943,0.0733,0.1749,9.5382,10.2194,150,0.0000
pupil_dec2,96,45,1.5000,0.0000,50,1.0000,0.7052,0.7670,0.4987,0.4974,0.0404,0.0928,2.6174,2.7516,150,0.0000
pupil_dec1,96,45,1.5000,0.0000,50,1.0000,0.7049,0.7707,0.4957,0.4993,0.0492,0.1176,6.7539,7.3321,150,0.0000
aruco_5x5_norefine,96,45,1.5000,0.0000,50,1.0000,0.9860,1.6866,0.0655,-0.0014,0.9857,1.6841,2.1648,2.2543,150,2.0000
aruco_5x5,96,45,1.5000,4.0000,50,1.0000,0.6934,0.8038,0.4885,0.4868,0.0873,0.1670,26.7974,27.9933,150,2.0000
cv_apriltag36h11,96,45,1.5000,4.0000,50,1.0000,0.6972,0.8195,0.4910,0.4902,0.0892,0.1625,26.6410,27.8773,150,0.0000
pupil_dec2,96,45,1.5000,4.0000,50,1.0000,0.7014,0.7999,0.4938,0.4946,0.0735,0.1431,3.4907,3.7142,150,0.0000
pupil_dec1,96,45,1.5000,4.0000,50,1.0000,0.6999,0.8031,0.4917,0.4939,0.0834,0.1587,14.1746,15.0170,150,0.0000
aruco_5x5_norefine,96,45,1.5000,4.0000,50,1.0000,1.0071,1.8873,0.1005,0.0736,0.9994,1.9055,8.3143,8.7092,150,2.0000
aruco_5x5,96,45,1.5000,8.0000,50,1.0000,0.6929,0.8312,0.4848,0.4834,0.1175,0.2311,32.5170,33.5934,150,1.9600
cv_apriltag36h11,96,45,1.5000,8.0000,50,1.0000,0.6991,0.8370,0.4884,0.4878,0.1252,0.2255,32.0127,33.2145,150,0.0000
pupil_dec2,96,45,1.5000,8.0000,50,1.0000,0.7123,0.8660,0.4979,0.4976,0.1277,0.2517,3.8043,4.0385,150,0.0000
pupil_dec1,96,45,1.5000,8.0000,50,1.0000,0.7155,0.8766,0.5005,0.5001,0.1278,0.2582,15.9106,16.7437,150,0.0000
aruco_5x5_norefine,96,45,1.5000,8.0000,50,1.0000,1.0666,2.0810,0.0555,0.0886,1.0612,2.0970,20.8128,21.4918,150,2.0600
aruco_5x5,128,0,0.0000,0.0000,50,1.0000,0.5979,0.6489,0.4223,0.4198,0.0401,0.0801,12.8926,13.5945,150,3.0000
cv_apriltag36h11,128,0,0.0000,0.0000,50,1.0000,0.5970,0.6614,0.4217,0.4195,0.0402,0.0850,13.1637,13.8335,150,0.0000
pupil_dec2,128,0,0.0000,0.0000,50,1.0000,0.7076,0.8433,0.4993,0.4980,0.0743,0.1797,2.8525,3.0344,150,0.0000
pupil_dec1,128,0,0.0000,0.0000,50,1.0000,0.7128,0.8117,0.5060,0.4979,0.0717,0.1630,8.2723,9.1547,150,0.0000
aruco_5x5_norefine,128,0,0.0000,0.0000,50,1.0000,0.6647,1.1597,0.0031,0.0071,0.6646,1.1625,3.7896,3.9861,150,3.0000
aruco_5x5,128,0,0.0000,4.0000,50,1.0000,0.5981,0.6573,0.4227,0.4203,0.0436,0.0774,26.1174,27.5519,150,3.0000
cv_apriltag36h11,128,0,0.0000,4.0000,50,1.0000,0.5971,0.6579,0.4221,0.4189,0.0443,0.0783,25.7302,26.5087,150,0.0000
pupil_dec2,128,0,0.0000,4.0000,50,1.0000,0.7076,0.8238,0.4987,0.4974,0.0774,0.1871,3.3759,3.6075,150,0.0000
pupil_dec1,128,0,0.0000,4.0000,50,1.0000,0.7120,0.8108,0.5060,0.4963,0.0765,0.1657,13.6755,14.4946,150,0.0000
aruco_5x5_norefine,128,0,0.0000,4.0000,50,1.0000,0.6680,1.1546,0.0131,0.0071,0.6678,1.1508,9.1147,9.4120,150,3.0000
aruco_5x5,128,0,0.0000,8.0000,50,1.0000,0.5996,0.6597,0.4250,0.4199,0.0483,0.0858,30.3858,31.8153,150,3.0000
cv_apriltag36h11,128,0,0.0000,8.0000,50,1.0000,0.5990,0.6606,0.4249,0.4191,0.0477,0.0857,29.6408,31.0083,150,0.0000
pupil_dec2,128,0,0.0000,8.0000,50,1.0000,0.7093,0.8146,0.5014,0.4969,0.0845,0.1835,3.5808,3.8364,150,0.0000
pupil_dec1,128,0,0.0000,8.0000,50,1.0000,0.7106,0.8143,0.5040,0.4961,0.0840,0.1875,14.6264,15.3165,150,0.0000
aruco_5x5_norefine,128,0,0.0000,8.0000,50,1.0000,0.6688,1.1933,0.0131,0.0171,0.6684,1.1847,16.3230,17.2769,150,3.0000
aruco_5x5,128,0,0.8000,0.0000,50,1.0000,0.6513,0.7082,0.4594,0.4582,0.0397,0.0777,10.5254,11.2189,150,2.5400
cv_apriltag36h11,128,0,0.8000,0.0000,50,1.0000,0.6508,0.7076,0.4593,0.4574,0.0404,0.0782,10.7023,11.2598,150,0.0000
pupil_dec2,128,0,0.8000,0.0000,50,1.0000,0.7067,0.7840,0.4989,0.4993,0.0474,0.1214,2.7405,2.8760,150,0.0000
pupil_dec1,128,0,0.8000,0.0000,50,1.0000,0.7046,0.7641,0.4992,0.4955,0.0453,0.1225,7.3961,7.8702,150,0.0000
aruco_5x5_norefine,128,0,0.8000,0.0000,50,1.0000,0.7573,1.3510,0.0181,-0.0279,0.7581,1.3637,2.8364,3.0226,150,3.0000
aruco_5x5,128,0,0.8000,4.0000,50,1.0000,0.6517,0.7090,0.4598,0.4586,0.0522,0.0971,25.7337,26.9450,150,2.8600
cv_apriltag36h11,128,0,0.8000,4.0000,50,1.0000,0.6515,0.7158,0.4592,0.4589,0.0526,0.0971,25.2709,26.2503,150,0.0000
pupil_dec2,128,0,0.8000,4.0000,50,1.0000,0.7067,0.7983,0.5021,0.4954,0.0591,0.1292,3.3656,3.5699,150,0.0000
pupil_dec1,128,0,0.8000,4.0000,50,1.0000,0.7077,0.7836,0.5010,0.4971,0.0595,0.1434,13.5785,14.1936,150,0.0000
aruco_5x5_norefine,128,0,0.8000,4.0000,50,1.0000,0.7680,1.3473,0.0581,-0.0429,0.7664,1.3388,8.5006,9.1217,150,3.0000
aruco_5x5,128,0,0.8000,8.0000,50,1.0000,0.6509,0.7356,0.4567,0.4593,0.0667,0.1169,30.8120,31.9631,150,2.9000
cv_apriltag36h11,128,0,0.8000,8.0000,50,1.0000,0.6503,0.7362,0.4566,0.4586,0.0663,0.1183,30.0583,31.4057,150,0.0000
pupil_dec2,128,0,0.8000,8.0000,50,1.0000,0.7064,0.8301,0.4965,0.4979,0.0858,0.1692,3.6369,3.9036,150,0.0000
pupil_dec1,128,0,0.8000,8.0000,50,1.0000,0.7077,0.8219,0.4987,0.4970,0.0885,0.1803,15.0333,15.8606,150,0.0000
aruco_5x5_norefine,128,0,0.8000,8.0000,50,1.0000,0.7571,1.3797,-0.0019,-0.0029,0.7572,1.3764,16.2403,17.0622,150,3.0000
aruco_5x5,128,0,1.5000,0.0000,50,1.0000,0.6843,0.7389,0.4831,0.4809,0.0509,0.1158,9.0645,9.8290,150,1.9800
cv_apriltag36h11,128,0,1.5000,0.0000,50,1.0000,0.6847,0.7364,0.4831,0.4813,0.0505,0.1049,9.1727,9.8532,150,0.0000
pupil_dec2,128,0,1.5000,0.0000,50,1.0000,0.6975,0.7486,0.4948,0.4905,0.0374,0.0895,2.5708,2.6991,150,0.0000
pupil_dec1,128,0,1.5000,0.0000,50,1.0000,0.7026,0.7576,0.4964,0.4954,0.0453,0.0968,6.5818,7.1008,150,0.0000
aruco_5x5_norefine,128,0,1.5000,0.0000,50,1.0000,0.9164,1.5832,0.0431,-0.0329,0.9143,1.6092,2.1788,2.2948,150,2.0000
aruco_5x5,128,0,1.5000,4.0000,50,1.0000,0.6858,0.7701,0.4826,0.4836,0.0649,0.1479,26.1274,27.8408,150,1.9600
cv_apriltag36h11,128,0,1.5000,4.0000,50,1.0000,0.6859,0.7700,0.4824,0.4840,0.0647,0.1481,25.7996,27.1416,150,0.0000
pupil_dec2,128,0,1.5000,4.0000,50,1.0000,0.6983,0.8024,0.4933,0.4909,0.0720,0.1403,3.3753,3.6051,150,0.0000
pupil_dec1,128,0,1.5000,4.0000,50,1.0000,0.6990,0.8033,0.4918,0.4931,0.0755,0.1676,13.7002,14.3719,150,0.0000
aruco_5x5_norefine,128,0,1.5000,4.0000,50,1.0000,0.8944,1.7030,0.0681,-0.0179,0.8921,1.6713,8.2762,8.8470,150,2.0000
aruco_5x5,128,0,1.5000,8.0000,50,1.0000,0.6883,0.8173,0.4819,0.4864,0.0887,0.1659,32.1779,34.3626,150,1.9600
cv_apriltag36h11,128,0,1.5000,8.0000,50,1.0000,0.6885,0.8171,0.4819,0.4867,0.0882,0.1643,30.9755,32.7283,150,0.0000
pupil_dec2,128,0,1.5000,8.0000,50,1.0000,0.7021,0.8704,0.4945,0.4870,0.1265,0.2499,3.7063,3.9646,150,0.0000
pupil_dec1,128,0,1.5000,8.0000,50,1.0000,0.7115,0.8673,0.5008,0.4948,0.1285,0.2699,15.3508,16.3695,150,0.0000
aruco_5x5_norefine,128,0,1.5000,8.0000,50,1.0000,0.9429,1.7745,-0.1019,-0.0479,0.9400,1.7644,21.1487,22.6082,150,2.0000
aruco_5x5,128,30,0.0000,0.0000,50,1.0000,0.6008,0.6540,0.4251,0.4217,0.0450,0.1156,13.0266,13.6605,150,3.0000
cv_apriltag36h11,128,30,0.0000,0.0000,50,1.0000,0.6001,0.6549,0.4248,0.4210,0.0450,0.1162,13.2643,13.8738,150,0.0000
pupil_dec2,128,30,0.0000,0.0000,50,1.0000,0.7144,0.8328,0.5052,0.5016,0.0722,0.1589,2.8791,3.0740,150,0.0000
pupil_dec1,128,30,0.0000,0.0000,50,1.0000,0.7169,0.8302,0.5056,0.5043,0.0761,0.1644,8.3504,9.2827,150,0.0000
aruco_5x5_norefine,128,30,0.0000,0.0000,50,1.0000,0.7014,1.1767,-0.0108,0.0159,0.7015,1.1670,3.8243,4.1418,150,3.0000
aruco_5x5,128,30,0.0000,4.0000,50,1.0000,0.6027,0.6592,0.4264,0.4231,0.0461,0.1131,26.0088,27.3717,150,3.0000
cv_apriltag36h11,128,30,0.0000,4.0000,50,1.0000,0.6029,0.6585,0.4266,0.4231,0.0478,0.1187,25.6399,26.5507,150,0.0000
pupil_dec2,128,30,0.0000,4.0000,50,1.0000,0.7155,0.8275,0.5064,0.5014,0.0748,0.1739,3.4135,3.6513,150,0.0000
pupil_dec1,128,30,0.0000,4.0000,50,1.0000,0.7153,0.8248,0.5052,0.5029,0.0766,0.1558,13.6259,14.4846,150,0.0000
aruco_5x5_norefine,128,30,0.0000,4.0000,50,1.0000,0.6910,1.1773,-0.0008,0.0209,0.6912,1.1664,9.1910,9.8441,150,3.0000
aruco_5x5,128,30,0.0000,8.0000,50,1.0000,0.6026,0.6647,0.4275,0.4218,0.0498,0.0916,30.2076,31.5606,150,3.0000
cv_apriltag36h11,128,30,0.0000,8.0000,50,1.0000,0.6021,0.6627,0.4266,0.4220,0.0500,0.0935,29.5580,30.9094,150,0.0000
pupil_dec2,128,30,0.0000,8.0000,50,1.0000,0.7118,0.8172,0.5012,0.5014,0.0812,0.1699,3.6091,3.8326,150,0.0000
pupil_dec1,128,30,0.0000,8.0000,50,1.0000,0.7196,0.8349,0.5069,0.5063,0.0863,0.1805,14.7479,15.5400,150,0.0000
aruco_5x5_norefine,128,30,0.0000,8.0000,50,1.0000,0.7126,1.2045,0.0192,0.0009,0.7118,1.1995,16.3628,17.2791,150,3.0000
aruco_5x5,128,30,0.8000,0.0000,50,1.0000,0.6545,0.7119,0.4628,0.4598,0.0445,0.1228,10.5446,11.2258,150,2.5400
cv_apriltag36h11,128,30,0.8000,0.0000,50,1.0000,0.6546,0.7115,0.4631,0.4597,0.0448,0.1230,10.7350,11.2173,150,0.0000
pupil_dec2,128,30,0.8000,0.0000,50,1.0000,0.7083,0.7852,0.4999,0.5003,0.0475,0.1133,2.7478,2.8546,150,0.0000
pupil_dec1,128,30,0.8000,0.0000,50,1.0000,0.7054,0.7719,0.4979,0.4982,0.0446,0.1057,7.4124,7.9489,150,0.0000
aruco_5x5_norefine,128,30,0.8000,0.0000,50,1.0000,0.7780,1.2756,0.0142,0.0409,0.7784,1.3059,2.8396,2.9811,150,3.0000
aruco_5x5,128,30,0.8000,4.0000,50,1.0000,0.6550,0.7302,0.4640,0.4594,0.0544,0.1173,25.6644,27.1239,150,2.8600
cv_apriltag36h11,128,30,0.8000,4.0000,50,1.0000,0.6549,0.7295,0.4638,0.4595,0.0538,0.1142,25.3917,26.4024,150,0.0000
pupil_dec2,128,30,0.8000,4.0000,50,1.0000,0.7095,0.7867,0.5007,0.5006,0.0589,0.1243,3.3903,3.5713,150,0.0000
pupil_dec1,128,30,0.8000,4.0000,50,1.0000,0.7082,0.7870,0.4994,0.4999,0.0576,0.1195,13.5517,14.5082,150,0.0000
aruco_5x5_norefine,128,30,0.8000,4.0000,50,1.0000,0.7797,1.3216,0.0242,-0.0191,0.7789,1.3323,8.5422,8.7582,150,3.0000
aruco_5x5,128,30,0.8000,8.0000,50,1.0000,0.6555,0.7480,0.4635,0.4595,0.0704,0.1378,30.5766,32.0695,150,2.8600
cv_apriltag36h11,128,30,0.8000,8.0000,50,1.0000,0.6557,0.7462,0.4632,0.4600,0.0700,0.1388,30.0537,31.1777,150,0.0000
pupil_dec2,128,30,0.8000,8.0000,50,1.0000,0.7078,0.8273,0.4971,0.4989,0.0883,0.1724,3.6743,3.8712,150,0.0000
pupil_dec1,128,30,0.8000,8.0000,50,1.0000,0.7057,0.8249,0.4973,0.4955,0.0907,0.1710,14.9163,15.9826,150,0.0000
aruco_5x5_norefine,128,30,0.8000,8.0000,50,1.0000,0.7835,1.3582,0.0592,0.0209,0.7809,1.3385,16.2694,16.7532,150,3.0000
aruco_5x5,128,30,1.5000,0.0000,50,1.0000,0.6882,0.7603,0.4851,0.4844,0.0571,0.1426,9.1431,9.8690,150,1.9800
cv_apriltag36h11,128,30,1.5000,0.0000,50,1.0000,0.6882,0.7603,0.4850,0.4845,0.0573,0.1429,9.2911,9.9500,150,0.0000
pupil_dec2,128,30,1.5000,0.0000,50,1.0000,0.7001,0.7532,0.4938,0.4950,0.0390,0.0903,2.6031,2.7304,150,0.0000
pupil_dec1,128,30,1.5000,0.0000,50,1.0000,0.6987,0.7589,0.4935,0.4931,0.0476,0.1006,6.6531,7.2326,150,0.0000
aruco_5x5_norefine,128,30,1.5000,0.0000,50,1.0000,0.9687,1.5899,0.0992,0.0509,0.9617,1.6613,2.1822,2.2877,150,2.0000
aruco_5x5,128,30,1.5000,4.0000,50,1.0000,0.6884,0.7803,0.4835,0.4860,0.0724,0.1487,26.2157,27.4759,150,1.9800
cv_apriltag36h11,128,30,1.5000,4.0000,50,1.0000,0.6879,0.7844,0.4834,0.4852,0.0730,0.1486,25.7958,27.0237,150,0.0000
pupil_dec2,128,30,1.5000,4.0000,50,1.0000,0.7012,0.7964,0.4958,0.4913,0.0802,0.1526,3.3989,3.6453,150,0.0000
pupil_dec1,128,30,1.5000,4.0000,50,1.0000,0.7028,0.7999,0.4966,0.4934,0.0749,0.1465,13.8361,14.5899,150,0.0000
aruco_5x5_norefine,128,30,1.5000,4.0000,50,1.0000,0.9336,1.5840,0.0642,0.0059,0.9323,1.6163,8.3027,8.8118,150,2.0000
aruco_5x5,128,30,1.5000,8.0000,50,1.0000,0.6836,0.8148,0.4760,0.4844,0.0951,0.1936,31.6320,32.9480,150,1.9000
cv_apriltag36h11,128,30,1.5000,8.0000,50,1.0000,0.6837,0.8147,0.4757,0.4848,0.0952,0.2020,30.9700,32.1930,150,0.0000
pupil_dec2,128,30,1.5000,8.0000,50,1.0000,0.7047,0.8732,0.4860,0.5003,0.1267,0.2388,3.6602,3.9805,150,0.0000
pupil_dec1,128,30,1.5000,8.0000,50,1.0000,0.7064,0.9029,0.4846,0.5029,0.1312,0.2636,15.4024,16.5469,150,0.0000
aruco_5x5_norefine,128,30,1.5000,8.0000,50,1.0000,0.9403,1.7940,0.1242,0.0909,0.9309,1.6693,21.3939,22.1426,150,1.9600
aruco_5x5,128,45,0.0000,0.0000,50,1.0000,0.6017,0.6661,0.4267,0.4207,0.0454,0.0959,13.0838,13.6779,150,3.0000
cv_apriltag36h11,128,45,0.0000,0.0000,50,1.0000,0.6011,0.6676,0.4267,0.4200,0.0459,0.1183,13.2553,13.9008,150,0.0000
pupil_dec2,128,45,0.0000,0.0000,50,1.0000,0.7086,0.7986,0.5004,0.4988,0.0633,0.1547,2.9120,3.0742,150,0.0000
pupil_dec1,128,45,0.0000,0.0000,50,1.0000,0.7113,0.8021,0.5018,0.5013,0.0633,0.1424,8.3866,9.2916,150,0.0000
aruco_5x5_norefine,128,45,0.0000,0.0000,50,1.0000,0.6601,1.1570,0.0424,0.0157,0.6586,1.1553,3.8283,4.1205,150,3.0000
aruco_5x5,128,45,0.0000,4.0000,50,1.0000,0.6015,0.6623,0.4265,0.4207,0.0488,0.1097,26.1010,27.4052,150,3.0000
cv_apriltag36h11,128,45,0.0000,4.0000,50,1.0000,0.6012,0.6611,0.4256,0.4210,0.0492,0.1004,25.8132,26.7127,150,0.0000
pupil_dec2,128,45,0.0000,4.0000,50,1.0000,0.7080,0.8188,0.4985,0.4997,0.0700,0.1591,3.4416,3.6648,150,0.0000
pupil_dec1,128,45,0.0000,4.0000,50,1.0000,0.7124,0.8088,0.5023,0.5025,0.0660,0.1429,13.7566,14.6177,150,0.0000
aruco_5x5_norefine,128,45,0.0000,4.0000,50,1.0000,0.6616,1.1794,0.0474,0.0257,0.6593,1.1658,9.2283,9.8471,150,3.0000
aruco_5x5,128,45,0.0000,8.0000,50,1.0000,0.6020,0.6733,0.4259,0.4217,0.0538,0.1138,30.3673,31.5109,150,3.0000
cv_apriltag36h11,128,45,0.0000,8.0000,50,1.0000,0.6020,0.6766,0.4258,0.4219,0.0538,0.1135,29.7628,31.0070,150,0.0000
pupil_dec2,128,45,0.0000,8.0000,50,1.0000,0.7074,0.8297,0.4992,0.4973,0.0812,0.1728,3.6560,3.9108,150,0.0000
pupil_dec1,128,45,0.0000,8.0000,50,1.0000,0.7121,0.8262,0.5030,0.5005,0.0764,0.1567,14.7921,15.8440,150,0.0000
aruco_5x5_norefine,128,45,0.0000,8.0000,50,1.0000,0.6652,1.1794,0.0724,-0.0043,0.6622,1.1548,16.4026,17.1408,150,3.0000
aruco_5x5,128,45,0.8000,0.0000,50,1.0000,0.6556,0.7178,0.4653,0.4579,0.0477,0.1168,10.5708,11.2720,150,2.5400
cv_apriltag36h11,128,45,0.8000,0.0000,50,1.0000,0.6552,0.7180,0.4650,0.4577,0.0474,0.1212,10.7847,11.3236,150,0.0000
pupil_dec2,128,45,0.8000,0.0000,50,1.0000,0.7061,0.7580,0.4990,0.4985,0.0384,0.0884,2.7842,2.8828,150,0.0000
pupil_dec1,128,45,0.8000,0.0000,50,1.0000,0.7045,0.7709,0.4972,0.4980,0.0412,0.0960,7.4730,7.9357,150,0.0000
aruco_5x5_norefine,128,45,0.8000,0.0000,50,1.0000,0.7320,1.2705,0.0674,0.0257,0.7292,1.3322,2.8510,3.0187,150,3.0000
aruco_5x5,128,45,0.8000,4.0000,50,1.0000,0.6556,0.7208,0.4629,0.4601,0.0613,0.1352,25.8485,26.9567,150,2.7600
cv_apriltag36h11,128,45,0.8000,4.0000,50,1.0000,0.6554,0.7260,0.4627,0.4600,0.0608,0.1434,25.6543,26.6344,150,0.0000
pupil_dec2,128,45,0.8000,4.0000,50,1.0000,0.7043,0.7629,0.4954,0.4985,0.0517,0.1058,3.4780,3.6216,150,0.0000
pupil_dec1,128,45,0.8000,4.0000,50,1.0000,0.7060,0.7703,0.4959,0.5011,0.0494,0.1015,13.8244,14.5909,150,0.0000
aruco_5x5_norefine,128,45,0.8000,4.0000,50,1.0000,0.7817,1.4031,0.0624,-0.0193,0.7796,1.4207,8.6079,8.9223,150,3.0000
aruco_5x5,128,45,0.8000,8.0000,50,1.0000,0.6517,0.7383,0.4565,0.4607,0.0718,0.1400,30.7782,32.1460,150,2.8200
cv_apriltag36h11,128,45,0.8000,8.0000,50,1.0000,0.6519,0.7397,0.4566,0.4608,0.0714,0.1410,30.2776,31.3114,150,0.0000
pupil_dec2,128,45,0.8000,8.0000,50,1.0000,0.7015,0.8069,0.4945,0.4923,0.0865,0.1688,3.7630,3.9697,150,0.0000
pupil_dec1,128,45,0.8000,8.0000,50,1.0000,0.7013,0.8039,0.4935,0.4934,0.0857,0.1607,14.9947,16.2402,150,0.0000
aruco_5x5_norefine,128,45,0.8000,8.0000,50,1.0000,0.7349,1.4098,0.0074,0.0407,0.7325,1.4142,20.2437,20.9817,150,3.0000
aruco_5x5,128,45,1.5000,0.0000,50,1.0000,0.6888,0.7522,0.4866,0.4831,0.0584,0.1335,9.2214,9.8227,150,1.9800
cv_apriltag36h11,128,45,1.5000,0.0000,50,1.0000,0.6883,0.7489,0.4865,0.4827,0.0574,0.1311,9.3801,10.0806,150,0.0000
pupil_dec2,128,45,1.5000,0.0000,50,1.0000,0.7006,0.7452,0.4944,0.4950,0.0358,0.0795,2.6085,2.7367,150,0.0000
pupil_dec1,128,45,1.5000,0.0000,50,1.0000,0.7014,0.7596,0.4947,0.4956,0.0436,0.0957,6.7118,7.2605,150,0.0000
aruco_5x5_norefine,128,45,1.5000,0.0000,50,1.0000,0.9758,1.8794,0.0424,0.0307,0.9740,1.8327,2.1780,2.3061,150,2.0000
aruco_5x5,128,45,1.5000,4.0000,50,1.0000,0.6888,0.7773,0.4866,0.4837,0.0730,0.1440,26.3185,27.8550,150,2.0000
cv_apriltag36h11,128,45,1.5000,4.0000,50,1.0000,0.6908,0.7794,0.4882,0.4848,0.0725,0.1455,26.0069,27.2944,150,0.0000
pupil_dec2,128,45,1.5000,4.0000,50,1.0000,0.6999,0.7970,0.4925,0.4940,0.0711,0.1348,3.4283,3.6139,150,0.0000
pupil_dec1,128,45,1.5000,4.0000,50,1.0000,0.7049,0.8148,0.4960,0.4971,0.0754,0.1513,13.8623,14.7123,150,0.0000
aruco_5x5_norefine,128,45,1.5000,4.0000,50,1.0000,0.9276,1.7522,0.0574,0.0307,0.9248,1.7785,8.3377,8.5578,150,2.0000
aruco_5x5,128,45,1.5000,8.0000,50,1.0000,0.6980,0.8304,0.4864,0.4921,0.1084,0.1969,31.6525,33.0436,150,2.0000
cv_apriltag36h11,128,45,1.5000,8.0000,50,1.0000,0.6988,0.8360,0.4865,0.4933,0.1082,0.1950,31.0297,32.1750,150,0.0000
pupil_dec2,128,45,1.5000,8.0000,50,1.0000,0.7079,0.8780,0.4903,0.5004,0.1276,0.2565,3.7107,3.9975,150,0.0000
pupil_dec1,128,45,1.5000,8.0000,50,1.0000,0.7156,0.8970,0.4966,0.5028,0.1371,0.2934,15.4986,16.3417,150,0.0000
aruco_5x5_norefine,128,45,1.5000,8.0000,50,1.0000,1.0564,2.1007,0.0574,0.0207,1.0565,2.0599,21.7272,22.5280,150,2.0000
