detector,label,side_px,n_conditions,n_cond_detected,n_cond_common,detection_rate,detection_rate_min,time_median_ms,time_p95_ms,corner_err_mean_px,corner_err_p95_px,corner_bias_x_px,corner_bias_y_px,corner_err_debiased_mean_px,corner_err_debiased_p95_px,corner_err_mean_px_common,corner_err_debiased_mean_px_common,other_detections_per_frame
aruco_5x5,"OpenCV ArUco, DICT_5X5_50 (pinned)",24,27,27,9,0.7800,0.0200,26.4086,27.6427,0.7222,1.1304,0.4440,0.4726,0.3206,0.6389,0.6383,0.1630,2.5785
aruco_5x5,"OpenCV ArUco, DICT_5X5_50 (pinned)",32,27,27,18,0.9785,0.7600,26.6095,27.7135,0.6965,1.0358,0.4626,0.4680,0.2453,0.5172,0.6429,0.1477,2.5756
aruco_5x5,"OpenCV ArUco, DICT_5X5_50 (pinned)",48,27,27,27,1.0000,1.0000,26.6086,27.6807,0.6642,0.8565,0.4631,0.4621,0.1370,0.2853,0.6642,0.1370,2.5756
aruco_5x5,"OpenCV ArUco, DICT_5X5_50 (pinned)",64,27,27,27,1.0000,1.0000,26.5288,27.6023,0.6562,0.7852,0.4606,0.4599,0.0946,0.1970,0.6562,0.0946,2.5719
aruco_5x5,"OpenCV ArUco, DICT_5X5_50 (pinned)",96,27,27,27,1.0000,1.0000,26.3954,27.5437,0.6469,0.7338,0.4557,0.4541,0.0687,0.1526,0.6469,0.0687,2.5807
aruco_5x5,"OpenCV ArUco, DICT_5X5_50 (pinned)",128,27,27,27,1.0000,1.0000,26.1010,27.4052,0.6475,0.7225,0.4567,0.4551,0.0592,0.1235,0.6475,0.0592,2.5711
cv_apriltag36h11,"OpenCV ArUco detector, DICT_APRILTAG_36h11",24,27,17,9,0.3037,0.0000,26.4820,27.5783,0.6373,0.8863,0.4238,0.4404,0.2001,0.3795,0.6295,0.1657,0.0000
cv_apriltag36h11,"OpenCV ArUco detector, DICT_APRILTAG_36h11",32,27,24,18,0.6793,0.0000,26.6163,27.5200,0.6817,1.0184,0.4359,0.4595,0.2486,0.5127,0.6410,0.1577,0.0000
cv_apriltag36h11,"OpenCV ArUco detector, DICT_APRILTAG_36h11",48,27,27,27,0.9911,0.9200,26.5911,27.6363,0.6661,0.9021,0.4585,0.4637,0.1597,0.3421,0.6661,0.1597,0.0000
cv_apriltag36h11,"OpenCV ArUco detector, DICT_APRILTAG_36h11",64,27,27,27,1.0000,1.0000,26.4774,27.4870,0.6573,0.7995,0.4607,0.4611,0.1017,0.2135,0.6573,0.1017,0.0000
cv_apriltag36h11,"OpenCV ArUco detector, DICT_APRILTAG_36h11",96,27,27,27,1.0000,1.0000,26.1881,27.2509,0.6481,0.7353,0.4566,0.4549,0.0696,0.1542,0.6481,0.0696,0.0000
cv_apriltag36h11,"OpenCV ArUco detector, DICT_APRILTAG_36h11",128,27,27,27,1.0000,1.0000,25.7302,26.6344,0.6474,0.7237,0.4566,0.4550,0.0592,0.1247,0.6474,0.0592,0.0000
pupil_dec2,"AprilTag 3 (pupil-apriltags), decimate 2",24,27,24,9,0.5244,0.0000,3.5229,3.7515,0.7570,1.2162,0.4968,0.5344,0.2386,0.6179,0.7210,0.1231,0.0000
pupil_dec2,"AprilTag 3 (pupil-apriltags), decimate 2",32,27,27,18,0.9074,0.4400,3.5306,3.7428,0.7391,1.0077,0.4979,0.5236,0.1736,0.3738,0.7168,0.0991,0.0000
pupil_dec2,"AprilTag 3 (pupil-apriltags), decimate 2",48,27,27,27,1.0000,1.0000,3.5286,3.7370,0.7149,0.8490,0.5003,0.5049,0.0950,0.2018,0.7149,0.0950,0.0000
pupil_dec2,"AprilTag 3 (pupil-apriltags), decimate 2",64,27,27,27,1.0000,1.0000,3.5260,3.7103,0.7067,0.8183,0.4975,0.4979,0.0780,0.1643,0.7067,0.0780,0.0000
pupil_dec2,"AprilTag 3 (pupil-apriltags), decimate 2",96,27,27,27,1.0000,1.0000,3.4841,3.6845,0.7054,0.7991,0.4969,0.4969,0.0718,0.1501,0.7054,0.0718,0.0000
pupil_dec2,"AprilTag 3 (pupil-apriltags), decimate 2",128,27,27,27,1.0000,1.0000,3.3989,3.6139,0.7059,0.8078,0.4974,0.4970,0.0725,0.1542,0.7059,0.0725,0.0000
pupil_dec1,"AprilTag 3 (pupil-apriltags), decimate 1",24,27,24,9,0.7733,0.0000,14.4366,15.2528,0.7452,1.0249,0.4909,0.5313,0.1934,0.4144,0.7142,0.1014,0.0000
pupil_dec1,"AprilTag 3 (pupil-apriltags), decimate 1",32,27,27,18,0.9615,0.6400,14.3211,15.1669,0.7386,1.0073,0.4988,0.5238,0.1625,0.3679,0.7145,0.0872,0.0000
pupil_dec1,"AprilTag 3 (pupil-apriltags), decimate 1",48,27,27,27,1.0000,1.0000,14.3953,15.0566,0.7114,0.8406,0.4982,0.5019,0.0923,0.1948,0.7114,0.0923,0.0000
pupil_dec1,"AprilTag 3 (pupil-apriltags), decimate 1",64,27,27,27,1.0000,1.0000,14.2424,15.0273,0.7075,0.8141,0.4981,0.4981,0.0789,0.1675,0.7075,0.0789,0.0007
pupil_dec1,"AprilTag 3 (pupil-apriltags), decimate 1",96,27,27,27,1.0000,1.0000,14.0355,14.8464,0.7042,0.8012,0.4955,0.4963,0.0743,0.1592,0.7042,0.0743,0.0000
pupil_dec1,"AprilTag 3 (pupil-apriltags), decimate 1",128,27,27,27,1.0000,1.0000,13.7002,14.5082,0.7080,0.8083,0.4990,0.4982,0.0740,0.1572,0.7080,0.0740,0.0000
aruco_5x5_norefine,"OpenCV ArUco, DICT_5X5_50, default (no refine)",24,27,27,9,0.7763,0.0200,8.0346,8.2792,1.1290,1.7647,-0.0107,0.0280,1.1279,1.7425,0.8185,0.8178,2.6674
aruco_5x5_norefine,"OpenCV ArUco, DICT_5X5_50, default (no refine)",32,27,27,18,0.9659,0.6200,8.2390,8.4929,1.1716,1.7965,0.0153,0.0243,1.1709,1.7951,0.8794,0.8788,2.6696
aruco_5x5_norefine,"OpenCV ArUco, DICT_5X5_50, default (no refine)",48,27,27,27,1.0000,1.0000,8.4059,8.6378,0.9782,1.5957,0.0108,0.0212,0.9777,1.5928,0.9782,0.9777,2.6704
aruco_5x5_norefine,"OpenCV ArUco, DICT_5X5_50, default (no refine)",64,27,27,27,1.0000,1.0000,8.4646,8.8171,0.8222,1.4313,0.0124,0.0256,0.8211,1.4353,0.8222,0.8211,2.6696
aruco_5x5_norefine,"OpenCV ArUco, DICT_5X5_50, default (no refine)",96,27,27,27,1.0000,1.0000,8.5494,8.8853,0.8073,1.4306,0.0161,0.0316,0.8053,1.4288,0.8073,0.8053,2.6704
aruco_5x5_norefine,"OpenCV ArUco, DICT_5X5_50, default (no refine)",128,27,27,27,1.0000,1.0000,8.5422,8.9223,0.7971,1.4244,0.0356,0.0094,0.7953,1.4219,0.7971,0.7953,2.6652
