impl,n,seconds,us_per_frame
scalar-loop,1,9.915699956764001e-05,99.15699956764001
numpy-vec,1,9.104700075113215e-05,91.04700075113215
numpy+2threads-LR,1,0.00015109699961612932,151.09699961612932
numba-njit,1,6.400005077011883e-07,0.6400005077011883
cupy+transfer,1,0.0015110669992282055,1511.0669992282055
cupy-resident,1,0.0013986104986543069,1398.6104986543069
torch-cuda+transfer,1,0.0008848030010994989,884.8030010994989
torch-cuda-resident,1,0.0008073270000750199,807.3270000750199
torch-cpu,1,0.00026239350154355634,262.39350154355634
scalar-loop,10,0.0008931829997891327,89.31829997891327
numpy-vec,10,9.695149856270291e-05,9.695149856270291
numpy+2threads-LR,10,0.00015235250066325534,15.235250066325534
numba-njit,10,2.5000008463393897e-06,0.25000008463393897
cupy+transfer,10,0.0015024969998194138,150.24969998194138
cupy-resident,10,0.0013894405001337873,138.94405001337873
torch-cuda+transfer,10,0.0008979529993666802,89.79529993666802
torch-cuda-resident,10,0.0008233619992097374,82.33619992097374
torch-cpu,10,0.00028268950154597405,28.268950154597405
scalar-loop,100,0.008879676001015469,88.79676001015469
numpy-vec,100,0.00013438199857773725,1.3438199857773725
numpy+2threads-LR,100,0.00015528200128755998,1.5528200128755998
numba-njit,100,2.0760999177582562e-05,0.20760999177582562
cupy+transfer,100,0.001486167000621208,14.86167000621208
cupy-resident,100,0.0013797709998470964,13.797709998470964
torch-cuda+transfer,100,0.0008823080006550299,8.823080006550299
torch-cuda-resident,100,0.0008137770000757882,8.137770000757882
torch-cpu,100,0.00032019999889598694,3.2019999889598694
scalar-loop,1000,0.08693151350053085,86.93151350053085
numpy-vec,1000,0.00046746699990762863,0.46746699990762863
numpy+2threads-LR,1000,0.0003739255007531028,0.3739255007531028
numba-njit,1000,0.00020193299860693514,0.20193299860693514
cupy+transfer,1000,0.0015224674989440246,1.5224674989440246
cupy-resident,1000,0.0013903005001338897,1.3903005001338897
torch-cuda+transfer,1000,0.0009481689994572662,0.9481689994572662
torch-cuda-resident,1000,0.0008121219998429297,0.8121219998429297
torch-cpu,1000,0.0006462199999077711,0.6462199999077711
scalar-loop,10000,0.8755556119995163,87.55556119995163
numpy-vec,10000,0.005067955000413349,0.5067955000413349
numpy+2threads-LR,10000,0.0023126595006033313,0.23126595006033313
numba-njit,10000,0.0020124945003772154,0.20124945003772154
cupy+transfer,10000,0.0020652554994740058,0.20652554994740058
cupy-resident,10000,0.001811357000406133,0.1811357000406133
torch-cuda+transfer,10000,0.0011376769998605596,0.11376769998605596
torch-cuda-resident,10000,0.0008309269996971125,0.08309269996971125
torch-cpu,10000,0.005526311502762837,0.5526311502762837
numpy-vec,100000,0.05334802099969238,0.5334802099969238
numpy+2threads-LR,100000,0.03262737600016408,0.32627376000164077
numba-njit,100000,0.020009480500448262,0.20009480500448262
cupy+transfer,100000,0.015797717500390718,0.15797717500390718
cupy-resident,100000,0.013945710499683628,0.13945710499683628
torch-cuda+transfer,100000,0.003411555500861141,0.03411555500861141
torch-cuda-resident,100000,0.0016893199990590801,0.0168931999905908
torch-cpu,100000,0.01848279200203251,0.1848279200203251
aruco-serial,1,0.011860594033350935,11860.594033350935
aruco-pnp-3threads,1,0.012290074250025403,12290.074250025404
aruco-frames-2threads,1,0.006172226666664452,6172.226666664452
