frame,time_s,root_x,root_y,root_z,sh_y,sh_z,sh_twist,elbow_y,elbow_z,l_sh_y,l_sh_z,l_sh_twist,l_elbow_y,l_elbow_z
0,0.0,-0.0,180.0,-0.0,0.0,0.0,0.0,-90.0,0.0,0.0,0.0,0.0,0.0,0.0
1,0.0333,-0.0,-179.34557629230318,-0.0,1.570616898472389,0.0,0.0,-90.0,0.0,0.0,0.0,0.0,0.0,0.0
2,0.0667,-0.0,-178.6916010939264,-0.0,3.1401573745766296,0.0,0.0,-90.0,0.0,0.0,0.0,0.0,0.0,0.0
3,0.1,-0.0,-178.0385226068039,-0.0,4.707545743670696,0.0,0.0,-90.0,0.0,0.0,0.0,0.0,0.0,0.0
4,0.1333,-0.0,-177.3867884183087,-0.0,6.271707796059207,0.0,0.0,-90.0,0.0,0.0,0.0,0.0,0.0,0.0
5,0.1667,-0.0,-176.7368451944987,-0.0,7.831571533203094,0.0,0.0,-90.0,0.0,0.0,0.0,0.0,0.0,0.0
6,0.2,-0.0,-176.08913837399422,-0.0,9.386067902413853,0.0,0.0,-90.0,0.0,0.0,0.0,0.0,0.0,0.0
7,0.2333,-0.0,-175.44411186269633,-0.0,10.934131529528848,0.0,0.0,-90.0,0.0,0.0,0.0,0.0,0.0,0.0
8,0.2667,-0.0,-174.80220772955602,-0.0,12.47470144906556,0.0,0.0,-90.0,0.0,0.0,0.0,0.0,0.0,0.0
9,0.3,-0.0,-174.16386590360236,-0.0,14.006721831354323,0.0,0.0,-90.0,0.0,0.0,0.0,0.0,0.0,0.0
10,0.3333,-0.0,-173.52952387243698,-0.0,15.529142706151244,0.0,0.0,-90.0,0.0,0.0,0.0,0.0,0.0,0.0
11,0.3667,-0.0,-172.89961638240197,-0.0,17.040920682235356,0.0,0.0,-90.0,0.0,0.0,0.0,0.0,0.0,0.0
12,0.4,-0.0,-172.27457514062633,-0.0,18.541019662496844,0.0,0.0,-90.0,0.0,0.0,0.0,0.0,0.0,0.0
13,0.4333,-0.0,-171.65482851915573,-0.0,20.028411554026256,0.0,0.0,-90.0,0.0,0.0,0.0,0.0,0.0,0.0
14,0.4667,-0.0,-171.0408012613675,-0.0,21.502076972718015,0.0,0.0,-90.0,0.0,0.0,0.0,0.0,0.0,0.0
15,0.5,-0.0,-170.4329141908728,-0.0,22.961005941905388,0.0,0.0,-90.0,0.0,0.0,0.0,0.0,0.0,0.0
16,0.5333,-0.0,-169.83158392310497,-0.0,24.40419858454801,0.0,0.0,-90.0,0.0,0.0,0.0,0.0,0.0,0.0
17,0.5667,-0.0,-169.23722257979261,-0.0,25.830665808497706,0.0,0.0,-90.0,0.0,0.0,0.0,0.0,0.0,0.0
18,0.6,-0.0,-168.6502375065113,-0.0,27.239429984372805,0.0,0.0,-90.0,0.0,0.0,0.0,0.0,0.0,0.0
19,0.6333,-0.0,-168.0710309935098,-0.0,28.629525615576505,0.0,0.0,-90.0,0.0,0.0,0.0,0.0,0.0,0.0
20,0.6667,-0.0,-167.5,-0.0,29.999999999999996,0.0,0.0,-90.0,0.0,0.0,0.0,0.0,0.0,0.0
21,0.7,-0.0,-166.93753588210132,-0.0,31.349913882956926,0.0,0.0,-90.0,0.0,0.0,0.0,0.0,0.0,0.0
22,0.7333,-0.0,-166.38402412462432,-0.0,32.67834210090162,0.0,0.0,-90.0,0.0,0.0,0.0,0.0,0.0,0.0
23,0.7667,-0.0,-165.83984407687922,-0.0,33.98437421548997,0.0,0.0,-90.0,0.0,0.0,0.0,0.0,0.0,0.0
24,0.8,-0.0,-165.30536869268815,-0.0,35.26711513754839,0.0,0.0,-90.0,0.0,0.0,0.0,0.0,0.0,0.0
25,0.8333,-0.0,-164.78096427478198,-0.0,36.52568574052324,0.0,0.0,-90.0,0.0,0.0,0.0,0.0,0.0,0.0
26,0.8667,-0.0,-164.26699022375408,-0.0,37.75922346299025,0.0,0.0,-90.0,0.0,0.0,0.0,0.0,0.0,0.0
27,0.9,-0.0,-163.76379879174544,-0.0,38.96688289981102,0.0,0.0,-90.0,0.0,0.0,0.0,0.0,0.0,0.0
28,0.9333,-0.0,-163.27173484102855,-0.0,40.14783638153149,0.0,0.0,-90.0,0.0,0.0,0.0,0.0,0.0,0.0
29,0.9667,-0.0,-162.79113560765614,-0.0,41.30127454162523,0.0,0.0,-90.0,0.0,0.0,0.0,0.0,0.0,0.0
30,1.0,-0.0,-162.32233047033628,-0.0,42.426406871192846,0.0,0.0,-90.0,0.0,0.0,0.0,0.0,0.0,0.0
31,1.0333,-0.0,-161.8656407246928,-0.0,43.52246226073726,0.0,0.0,-90.0,0.0,0.0,0.0,0.0,0.0,0.0
32,1.0667,-0.0,-161.42137936306517,-0.0,44.58868952864365,0.0,0.0,-90.0,0.0,0.0,0.0,0.0,0.0,0.0
33,1.1,-0.0,-160.98985085999925,-0.0,45.624357936001864,0.0,0.0,-90.0,0.0,0.0,0.0,0.0,0.0,0.0
34,1.1333,-0.0,-160.5713509635757,-0.0,46.62875768741825,0.0,0.0,-90.0,0.0,0.0,0.0,0.0,0.0,0.0
35,1.1667,-0.0,-160.16616649271913,-0.0,47.60120041747411,0.0,0.0,-90.0,0.0,0.0,0.0,0.0,0.0,0.0
36,1.2,-0.0,-159.77457514062633,-0.0,48.54101966249685,0.0,0.0,-90.0,0.0,0.0,0.0,0.0,0.0,0.0
37,1.2333,-0.0,-159.39684528444957,-0.0,49.44757131732094,0.0,0.0,-90.0,0.0,0.0,0.0,0.0,0.0,0.0
38,1.2667,-0.0,-159.0332358013644,-0.0,50.320234076725434,0.0,0.0,-90.0,0.0,0.0,0.0,0.0,0.0,0.0
39,1.3,-0.0,-158.68399589114767,-0.0,51.15840986124553,0.0,0.0,-90.0,0.0,0.0,0.0,0.0,0.0,0.0
40,1.3333,-0.0,-158.34936490538905,-0.0,51.96152422706631,0.0,0.0,-90.0,0.0,0.0,0.0,0.0,0.0,0.0
41,1.3667,-0.0,-158.02957218345085,-0.0,52.729026759717925,0.0,0.0,-90.0,0.0,0.0,0.0,0.0,0.0,0.0
42,1.4,-0.0,-157.72483689529082,-0.0,53.460391451302065,0.0,0.0,-90.0,0.0,0.0,0.0,0.0,0.0,0.0
43,1.4333,-0.0,-157.43536789125346,-0.0,54.15511706099163,0.0,0.0,-90.0,0.0,0.0,0.0,0.0,0.0,0.0
44,1.4667,-0.0,-157.16136355893497,-0.0,54.812727458556054,0.0,0.0,-90.0,0.0,0.0,0.0,0.0,0.0,0.0
45,1.5,-0.0,-156.90301168721783,-0.0,55.43277195067721,0.0,0.0,-90.0,0.0,0.0,0.0,0.0,0.0,0.0
46,1.5333,-0.0,-156.66048933756997,-0.0,56.01482558983211,0.0,0.0,-90.0,0.0,0.0,0.0,0.0,0.0,0.0
47,1.5667,-0.0,-156.43396272269553,-0.0,56.558489465530705,0.0,0.0,-90.0,0.0,0.0,0.0,0.0,0.0,0.0
48,1.6,-0.0,-156.2235870926212,-0.0,57.06339097770921,0.0,0.0,-90.0,0.0,0.0,0.0,0.0,0.0,0.0
49,1.6333,-0.0,-156.02950662829517,-0.0,57.52918409209158,0.0,0.0,-90.0,0.0,0.0,0.0,0.0,0.0,0.0
50,1.6667,-0.0,-155.85185434277332,-0.0,57.9555495773441,0.0,0.0,-90.0,0.0,0.0,0.0,0.0,0.0,0.0
51,1.7,-0.0,-155.69075199005806,-0.0,58.34219522386059,0.0,0.0,-90.0,0.0,0.0,0.0,0.0,0.0,0.0
52,1.7333,-0.0,-155.54630998165487,-0.0,58.68885604402834,0.0,0.0,-90.0,0.0,0.0,0.0,0.0,0.0,0.0
53,1.7667,-0.0,-155.41862731090112,-0.0,58.99529445383727,0.0,0.0,-90.0,0.0,0.0,0.0,0.0,0.0,0.0
54,1.8,-0.0,-155.30779148512158,-0.0,59.261300435708264,0.0,0.0,-90.0,0.0,0.0,0.0,0.0,0.0,0.0
55,1.8333,-0.0,-155.21387846565472,-0.0,59.48669168242862,0.0,0.0,-90.0,0.0,0.0,0.0,0.0,0.0,0.0
56,1.8667,-0.0,-155.13695261579318,-0.0,59.6713137220964,0.0,0.0,-90.0,0.0,0.0,0.0,0.0,0.0,0.0
57,1.9,-0.0,-155.07706665667183,-0.0,59.81504002398768,0.0,0.0,-90.0,0.0,0.0,0.0,0.0,0.0,0.0
58,1.9333,-0.0,-155.03426163113568,-0.0,59.91777208527443,0.0,0.0,-90.0,0.0,0.0,0.0,0.0,0.0,0.0
59,1.9667,-0.0,-155.0085668756111,-0.0,59.97943949853344,0.0,0.0,-90.0,0.0,0.0,0.0,0.0,0.0,0.0
60,2.0,-0.0,-155.0,-0.0,60.0,0.0,0.0,-90.0,0.0,0.0,0.0,0.0,0.0,0.0
61,2.0333,-0.0,-155.0085668756111,-0.0,59.97943949853344,0.0,0.0,-90.0,0.0,0.0,0.0,0.0,0.0,0.0
62,2.0667,-0.0,-155.03426163113568,-0.0,59.91777208527443,0.0,0.0,-90.0,0.0,0.0,0.0,0.0,0.0,0.0
63,2.1,-0.0,-155.07706665667183,-0.0,59.81504002398768,0.0,0.0,-90.0,0.0,0.0,0.0,0.0,0.0,0.0
64,2.1333,-0.0,-155.13695261579318,-0.0,59.67131372209641,0.0,0.0,-90.0,0.0,0.0,0.0,0.0,0.0,0.0
65,2.1667,-0.0,-155.21387846565472,-0.0,59.48669168242863,0.0,0.0,-90.0,0.0,0.0,0.0,0.0,0.0,0.0
66,2.2,-0.0,-155.30779148512158,-0.0,59.26130043570826,0.0,0.0,-90.0,0.0,0.0,0.0,0.0,0.0,0.0
67,2.2333,-0.0,-155.41862731090112,-0.0,58.995294453837275,0.0,0.0,-90.0,0.0,0.0,0.0,0.0,0.0,0.0
68,2.2667,-0.0,-155.54630998165487,-0.0,58.68885604402834,0.0,0.0,-90.0,0.0,0.0,0.0,0.0,0.0,0.0
69,2.3,-0.0,-155.69075199005806,-0.0,58.3421952238606,0.0,0.0,-90.0,0.0,0.0,0.0,0.0,0.0,0.0
70,2.3333,-0.0,-155.85185434277332,-0.0,57.9555495773441,0.0,0.0,-90.0,0.0,0.0,0.0,0.0,0.0,0.0
71,2.3667,-0.0,-156.02950662829517,-0.0,57.52918409209158,0.0,0.0,-90.0,0.0,0.0,0.0,0.0,0.0,0.0
72,2.4,-0.0,-156.2235870926212,-0.0,57.06339097770922,0.0,0.0,-90.0,0.0,0.0,0.0,0.0,0.0,0.0
73,2.4333,-0.0,-156.43396272269553,-0.0,56.558489465530705,0.0,0.0,-90.0,0.0,0.0,0.0,0.0,0.0,0.0
74,2.4667,-0.0,-156.66048933756997,-0.0,56.01482558983211,0.0,0.0,-90.0,0.0,0.0,0.0,0.0,0.0,0.0
75,2.5,-0.0,-156.90301168721783,-0.0,55.43277195067721,0.0,0.0,-90.0,0.0,0.0,0.0,0.0,0.0,0.0
76,2.5333,-0.0,-157.16136355893497,-0.0,54.81272745855606,0.0,0.0,-90.0,0.0,0.0,0.0,0.0,0.0,0.0
77,2.5667,-0.0,-157.43536789125346,-0.0,54.15511706099163,0.0,0.0,-90.0,0.0,0.0,0.0,0.0,0.0,0.0
78,2.6,-0.0,-157.72483689529076,-0.0,53.46039145130207,0.0,0.0,-90.0,0.0,0.0,0.0,0.0,0.0,0.0
79,2.6333,-0.0,-158.02957218345085,-0.0,52.729026759717925,0.0,0.0,-90.0,0.0,0.0,0.0,0.0,0.0,0.0
80,2.6667,-0.0,-158.34936490538905,-0.0,51.96152422706632,0.0,0.0,-90.0,0.0,0.0,0.0,0.0,0.0,0.0
81,2.7,-0.0,-158.68399589114767,-0.0,51.15840986124554,0.0,0.0,-90.0,0.0,0.0,0.0,0.0,0.0,0.0
82,2.7333,-0.0,-159.0332358013644,-0.0,50.320234076725434,0.0,0.0,-90.0,0.0,0.0,0.0,0.0,0.0,0.0
83,2.7667,-0.0,-159.39684528444957,-0.0,49.44757131732095,0.0,0.0,-90.0,0.0,0.0,0.0,0.0,0.0,0.0
84,2.8,-0.0,-159.77457514062633,-0.0,48.54101966249685,0.0,0.0,-90.0,0.0,0.0,0.0,0.0,0.0,0.0
85,2.8333,-0.0,-160.16616649271913,-0.0,47.60120041747411,0.0,0.0,-90.0,0.0,0.0,0.0,0.0,0.0,0.0
86,2.8667,-0.0,-160.5713509635757,-0.0,46.62875768741826,0.0,0.0,-90.0,0.0,0.0,0.0,0.0,0.0,0.0
87,2.9,-0.0,-160.98985085999925,-0.0,45.624357936001864,0.0,0.0,-90.0,0.0,0.0,0.0,0.0,0.0,0.0
88,2.9333,-0.0,-161.42137936306517,-0.0,44.58868952864367,0.0,0.0,-90.0,0.0,0.0,0.0,0.0,0.0,0.0
89,2.9667,-0.0,-161.8656407246928,-0.0,43.52246226073725,0.0,0.0,-90.0,0.0,0.0,0.0,0.0,0.0,0.0
90,3.0,-0.0,-162.32233047033628,-0.0,42.42640687119285,0.0,0.0,-90.0,0.0,0.0,0.0,0.0,0.0,0.0
91,3.0333,-0.0,-162.79113560765614,-0.0,41.301274541625254,0.0,0.0,-90.0,0.0,0.0,0.0,0.0,0.0,0.0
92,3.0667,-0.0,-163.27173484102855,-0.0,40.147836381531484,0.0,0.0,-90.0,0.0,0.0,0.0,0.0,0.0,0.0
93,3.1,-0.0,-163.76379879174544,-0.0,38.966882899811026,0.0,0.0,-90.0,0.0,0.0,0.0,0.0,0.0,0.0
94,3.1333,-0.0,-164.26699022375408,-0.0,37.75922346299024,0.0,0.0,-90.0,0.0,0.0,0.0,0.0,0.0,0.0
95,3.1667,-0.0,-164.78096427478198,-0.0,36.52568574052325,0.0,0.0,-90.0,0.0,0.0,0.0,0.0,0.0,0.0
96,3.2,-0.0,-165.30536869268815,-0.0,35.267115137548394,0.0,0.0,-90.0,0.0,0.0,0.0,0.0,0.0,0.0
97,3.2333,-0.0,-165.83984407687922,-0.0,33.98437421548997,0.0,0.0,-90.0,0.0,0.0,0.0,0.0,0.0,0.0
98,3.2667,-0.0,-166.38402412462432,-0.0,32.67834210090164,0.0,0.0,-90.0,0.0,0.0,0.0,0.0,0.0,0.0
99,3.3,-0.0,-166.93753588210132,-0.0,31.349913882956933,0.0,0.0,-90.0,0.0,0.0,0.0,0.0,0.0,0.0
100,3.3333,-0.0,-167.5,-0.0,29.999999999999996,0.0,0.0,-90.0,0.0,0.0,0.0,0.0,0.0,0.0
101,3.3667,-0.0,-168.0710309935098,-0.0,28.62952561557652,0.0,0.0,-90.0,0.0,0.0,0.0,0.0,0.0,0.0
102,3.4,-0.0,-168.6502375065113,-0.0,27.239429984372812,0.0,0.0,-90.0,0.0,0.0,0.0,0.0,0.0,0.0
103,3.4333,-0.0,-169.23722257979261,-0.0,25.83066580849773,0.0,0.0,-90.0,0.0,0.0,0.0,0.0,0.0,0.0
104,3.4667,-0.0,-169.83158392310497,-0.0,24.404198584548002,0.0,0.0,-90.0,0.0,0.0,0.0,0.0,0.0,0.0
105,3.5,-0.0,-170.4329141908728,-0.0,22.961005941905395,0.0,0.0,-90.0,0.0,0.0,0.0,0.0,0.0,0.0
106,3.5333,-0.0,-171.0408012613675,-0.0,21.50207697271804,0.0,0.0,-90.0,0.0,0.0,0.0,0.0,0.0,0.0
107,3.5667,-0.0,-171.65482851915573,-0.0,20.028411554026246,0.0,0.0,-90.0,0.0,0.0,0.0,0.0,0.0,0.0
108,3.6,-0.0,-172.27457514062633,-0.0,18.54101966249685,0.0,0.0,-90.0,0.0,0.0,0.0,0.0,0.0,0.0
109,3.6333,-0.0,-172.89961638240197,-0.0,17.040920682235356,0.0,0.0,-90.0,0.0,0.0,0.0,0.0,0.0,0.0
110,3.6667,-0.0,-173.52952387243698,-0.0,15.52914270615126,0.0,0.0,-90.0,0.0,0.0,0.0,0.0,0.0,0.0
111,3.7,-0.0,-174.16386590360236,-0.0,14.006721831354332,0.0,0.0,-90.0,0.0,0.0,0.0,0.0,0.0,0.0
112,3.7333,-0.0,-174.80220772955602,-0.0,12.47470144906556,0.0,0.0,-90.0,0.0,0.0,0.0,0.0,0.0,0.0
113,3.7667,-0.0,-175.44411186269633,-0.0,10.934131529528862,0.0,0.0,-90.0,0.0,0.0,0.0,0.0,0.0,0.0
114,3.8,-0.0,-176.08913837399422,-0.0,9.386067902413858,0.0,0.0,-90.0,0.0,0.0,0.0,0.0,0.0,0.0
115,3.8333,-0.0,-176.7368451944987,-0.0,7.831571533203094,0.0,0.0,-90.0,0.0,0.0,0.0,0.0,0.0,0.0
116,3.8667,-0.0,-177.3867884183087,-0.0,6.271707796059224,0.0,0.0,-90.0,0.0,0.0,0.0,0.0,0.0,0.0
117,3.9,-0.0,-178.0385226068039,-0.0,4.707545743670704,0.0,0.0,-90.0,0.0,0.0,0.0,0.0,0.0,0.0
118,3.9333,-0.0,-178.69160109392635,-0.0,3.140157374576655,0.0,0.0,-90.0,0.0,0.0,0.0,0.0,0.0,0.0
119,3.9667,-0.0,-179.34557629230318,-0.0,1.5706168984723787,0.0,0.0,-90.0,0.0,0.0,0.0,0.0,0.0,0.0
120,4.0,-0.0,180.0,-0.0,7.34788079488412e-15,0.0,0.0,-90.0,0.0,0.0,0.0,0.0,0.0,0.0
121,4.0333,-0.0,179.34557629230318,-0.0,-1.5706168984723639,0.0,0.0,-90.0,0.0,0.0,0.0,0.0,0.0,0.0
122,4.0667,-0.0,178.6916010939264,-0.0,-3.140157374576614,0.0,0.0,-90.0,0.0,0.0,0.0,0.0,0.0,0.0
123,4.1,-0.0,178.0385226068039,-0.0,-4.7075457436706625,0.0,0.0,-90.0,0.0,0.0,0.0,0.0,0.0,0.0
124,4.1333,-0.0,177.38678841830867,-0.0,-6.27170779605921,0.0,0.0,-90.0,0.0,0.0,0.0,0.0,0.0,0.0
125,4.1667,-0.0,176.7368451944987,-0.0,-7.831571533203106,0.0,0.0,-90.0,0.0,0.0,0.0,0.0,0.0,0.0
126,4.2,-0.0,176.08913837399425,-0.0,-9.386067902413844,0.0,0.0,-90.0,0.0,0.0,0.0,0.0,0.0,0.0
127,4.2333,-0.0,175.4441118626963,-0.0,-10.934131529528848,0.0,0.0,-90.0,0.0,0.0,0.0,0.0,0.0,0.0
128,4.2667,-0.0,174.80220772955602,-0.0,-12.474701449065543,0.0,0.0,-90.0,0.0,0.0,0.0,0.0,0.0,0.0
129,4.3,-0.0,174.16386590360236,-0.0,-14.006721831354318,0.0,0.0,-90.0,0.0,0.0,0.0,0.0,0.0,0.0
130,4.3333,-0.0,173.52952387243698,-0.0,-15.529142706151221,0.0,0.0,-90.0,0.0,0.0,0.0,0.0,0.0,0.0
131,4.3667,-0.0,172.89961638240194,-0.0,-17.040920682235342,0.0,0.0,-90.0,0.0,0.0,0.0,0.0,0.0,0.0
132,4.4,-0.0,172.2745751406263,-0.0,-18.541019662496865,0.0,0.0,-90.0,0.0,0.0,0.0,0.0,0.0,0.0
133,4.4333,-0.0,171.65482851915573,-0.0,-20.028411554026256,0.0,0.0,-90.0,0.0,0.0,0.0,0.0,0.0,0.0
134,4.4667,-0.0,171.04080126136748,-0.0,-21.502076972718026,0.0,0.0,-90.0,0.0,0.0,0.0,0.0,0.0,0.0
135,4.5,-0.0,170.43291419087276,-0.0,-22.96100594190538,0.0,0.0,-90.0,0.0,0.0,0.0,0.0,0.0,0.0
136,4.5333,-0.0,169.831583923105,-0.0,-24.404198584547988,0.0,0.0,-90.0,0.0,0.0,0.0,0.0,0.0,0.0
137,4.5667,-0.0,169.23722257979261,-0.0,-25.83066580849769,0.0,0.0,-90.0,0.0,0.0,0.0,0.0,0.0,0.0
138,4.6,-0.0,168.65023750651133,-0.0,-27.239429984372777,0.0,0.0,-90.0,0.0,0.0,0.0,0.0,0.0,0.0
139,4.6333,-0.0,168.0710309935098,-0.0,-28.629525615576505,0.0,0.0,-90.0,0.0,0.0,0.0,0.0,0.0,0.0
140,4.6667,-0.0,167.5,-0.0,-30.000000000000007,0.0,0.0,-90.0,0.0,0.0,0.0,0.0,0.0,0.0
141,4.7,-0.0,166.9375358821013,-0.0,-31.349913882956923,0.0,0.0,-90.0,0.0,0.0,0.0,0.0,0.0,0.0
142,4.7333,-0.0,166.38402412462432,-0.0,-32.678342100901624,0.0,0.0,-90.0,0.0,0.0,0.0,0.0,0.0,0.0
143,4.7667,-0.0,165.8398440768792,-0.0,-33.98437421548996,0.0,0.0,-90.0,0.0,0.0,0.0,0.0,0.0,0.0
144,4.8,-0.0,165.30536869268818,-0.0,-35.26711513754838,0.0,0.0,-90.0,0.0,0.0,0.0,0.0,0.0,0.0
145,4.8333,-0.0,164.78096427478198,-0.0,-36.52568574052322,0.0,0.0,-90.0,0.0,0.0,0.0,0.0,0.0,0.0
146,4.8667,-0.0,164.26699022375408,-0.0,-37.75922346299023,0.0,0.0,-90.0,0.0,0.0,0.0,0.0,0.0,0.0
147,4.9,-0.0,163.7637987917454,-0.0,-38.96688289981103,0.0,0.0,-90.0,0.0,0.0,0.0,0.0,0.0,0.0
148,4.9333,-0.0,163.27173484102855,-0.0,-40.14783638153149,0.0,0.0,-90.0,0.0,0.0,0.0,0.0,0.0,0.0
149,4.9667,-0.0,162.79113560765614,-0.0,-41.30127454162525,0.0,0.0,-90.0,0.0,0.0,0.0,0.0,0.0,0.0
150,5.0,-0.0,162.3223304703363,-0.0,-42.426406871192846,0.0,0.0,-90.0,0.0,0.0,0.0,0.0,0.0,0.0
151,5.0333,-0.0,161.8656407246928,-0.0,-43.522462260737235,0.0,0.0,-90.0,0.0,0.0,0.0,0.0,0.0,0.0
152,5.0667,-0.0,161.42137936306514,-0.0,-44.58868952864364,0.0,0.0,-90.0,0.0,0.0,0.0,0.0,0.0,0.0
153,5.1,-0.0,160.98985085999925,-0.0,-45.624357936001836,0.0,0.0,-90.0,0.0,0.0,0.0,0.0,0.0,0.0
154,5.1333,-0.0,160.57135096357572,-0.0,-46.628757687418265,0.0,0.0,-90.0,0.0,0.0,0.0,0.0,0.0,0.0
155,5.1667,-0.0,160.16616649271913,-0.0,-47.6012004174741,0.0,0.0,-90.0,0.0,0.0,0.0,0.0,0.0,0.0
156,5.2,-0.0,159.77457514062633,-0.0,-48.54101966249684,0.0,0.0,-90.0,0.0,0.0,0.0,0.0,0.0,0.0
157,5.2333,-0.0,159.3968452844496,-0.0,-49.44757131732094,0.0,0.0,-90.0,0.0,0.0,0.0,0.0,0.0,0.0
158,5.2667,-0.0,159.0332358013644,-0.0,-50.32023407672544,0.0,0.0,-90.0,0.0,0.0,0.0,0.0,0.0,0.0
159,5.3,-0.0,158.6839958911477,-0.0,-51.15840986124552,0.0,0.0,-90.0,0.0,0.0,0.0,0.0,0.0,0.0
160,5.3333,-0.0,158.34936490538905,-0.0,-51.961524227066306,0.0,0.0,-90.0,0.0,0.0,0.0,0.0,0.0,0.0
161,5.3667,-0.0,158.02957218345085,-0.0,-52.72902675971792,0.0,0.0,-90.0,0.0,0.0,0.0,0.0,0.0,0.0
162,5.4,-0.0,157.72483689529082,-0.0,-53.460391451302065,0.0,0.0,-90.0,0.0,0.0,0.0,0.0,0.0,0.0
163,5.4333,-0.0,157.4353678912535,-0.0,-54.155117060991635,0.0,0.0,-90.0,0.0,0.0,0.0,0.0,0.0,0.0
164,5.4667,-0.0,157.16136355893497,-0.0,-54.81272745855606,0.0,0.0,-90.0,0.0,0.0,0.0,0.0,0.0,0.0
165,5.5,-0.0,156.90301168721783,-0.0,-55.43277195067719,0.0,0.0,-90.0,0.0,0.0,0.0,0.0,0.0,0.0
166,5.5333,-0.0,156.66048933756997,-0.0,-56.0148255898321,0.0,0.0,-90.0,0.0,0.0,0.0,0.0,0.0,0.0
167,5.5667,-0.0,156.43396272269555,-0.0,-56.5584894655307,0.0,0.0,-90.0,0.0,0.0,0.0,0.0,0.0,0.0
168,5.6,-0.0,156.22358709262116,-0.0,-57.06339097770921,0.0,0.0,-90.0,0.0,0.0,0.0,0.0,0.0,0.0
169,5.6333,-0.0,156.02950662829517,-0.0,-57.52918409209158,0.0,0.0,-90.0,0.0,0.0,0.0,0.0,0.0,0.0
170,5.6667,-0.0,155.8518543427733,-0.0,-57.9555495773441,0.0,0.0,-90.0,0.0,0.0,0.0,0.0,0.0,0.0
171,5.7,-0.0,155.6907519900581,-0.0,-58.3421952238606,0.0,0.0,-90.0,0.0,0.0,0.0,0.0,0.0,0.0
172,5.7333,-0.0,155.54630998165487,-0.0,-58.688856044028334,0.0,0.0,-90.0,0.0,0.0,0.0,0.0,0.0,0.0
173,5.7667,-0.0,155.41862731090114,-0.0,-58.99529445383727,0.0,0.0,-90.0,0.0,0.0,0.0,0.0,0.0,0.0
174,5.8,-0.0,155.30779148512156,-0.0,-59.26130043570826,0.0,0.0,-90.0,0.0,0.0,0.0,0.0,0.0,0.0
175,5.8333,-0.0,155.21387846565474,-0.0,-59.48669168242862,0.0,0.0,-90.0,0.0,0.0,0.0,0.0,0.0,0.0
176,5.8667,-0.0,155.13695261579318,-0.0,-59.6713137220964,0.0,0.0,-90.0,0.0,0.0,0.0,0.0,0.0,0.0
177,5.9,-0.0,155.0770666566718,-0.0,-59.81504002398768,0.0,0.0,-90.0,0.0,0.0,0.0,0.0,0.0,0.0
178,5.9333,-0.0,155.03426163113565,-0.0,-59.917772085274436,0.0,0.0,-90.0,0.0,0.0,0.0,0.0,0.0,0.0
179,5.9667,-0.0,155.00856687561108,-0.0,-59.97943949853344,0.0,0.0,-90.0,0.0,0.0,0.0,0.0,0.0,0.0
180,6.0,-0.0,155.0,-0.0,-60.0,0.0,0.0,-90.0,0.0,0.0,0.0,0.0,0.0,0.0
181,6.0333,-0.0,155.00856687561108,-0.0,-59.97943949853344,0.0,0.0,-90.0,0.0,0.0,0.0,0.0,0.0,0.0
182,6.0667,-0.0,155.03426163113565,-0.0,-59.917772085274436,0.0,0.0,-90.0,0.0,0.0,0.0,0.0,0.0,0.0
183,6.1,-0.0,155.0770666566718,-0.0,-59.815040023987684,0.0,0.0,-90.0,0.0,0.0,0.0,0.0,0.0,0.0
184,6.1333,-0.0,155.13695261579318,-0.0,-59.6713137220964,0.0,0.0,-90.0,0.0,0.0,0.0,0.0,0.0,0.0
185,6.1667,-0.0,155.21387846565474,-0.0,-59.48669168242863,0.0,0.0,-90.0,0.0,0.0,0.0,0.0,0.0,0.0
186,6.2,-0.0,155.30779148512156,-0.0,-59.261300435708264,0.0,0.0,-90.0,0.0,0.0,0.0,0.0,0.0,0.0
187,6.2333,-0.0,155.41862731090114,-0.0,-58.995294453837275,0.0,0.0,-90.0,0.0,0.0,0.0,0.0,0.0,0.0
188,6.2667,-0.0,155.54630998165487,-0.0,-58.688856044028334,0.0,0.0,-90.0,0.0,0.0,0.0,0.0,0.0,0.0
189,6.3,-0.0,155.6907519900581,-0.0,-58.34219522386061,0.0,0.0,-90.0,0.0,0.0,0.0,0.0,0.0,0.0
190,6.3333,-0.0,155.8518543427733,-0.0,-57.95554957734411,0.0,0.0,-90.0,0.0,0.0,0.0,0.0,0.0,0.0
191,6.3667,-0.0,156.02950662829517,-0.0,-57.52918409209159,0.0,0.0,-90.0,0.0,0.0,0.0,0.0,0.0,0.0
192,6.4,-0.0,156.22358709262116,-0.0,-57.06339097770922,0.0,0.0,-90.0,0.0,0.0,0.0,0.0,0.0,0.0
193,6.4333,-0.0,156.43396272269553,-0.0,-56.558489465530705,0.0,0.0,-90.0,0.0,0.0,0.0,0.0,0.0,0.0
194,6.4667,-0.0,156.66048933756997,-0.0,-56.01482558983211,0.0,0.0,-90.0,0.0,0.0,0.0,0.0,0.0,0.0
195,6.5,-0.0,156.90301168721783,-0.0,-55.4327719506772,0.0,0.0,-90.0,0.0,0.0,0.0,0.0,0.0,0.0
196,6.5333,-0.0,157.16136355893497,-0.0,-54.81272745855607,0.0,0.0,-90.0,0.0,0.0,0.0,0.0,0.0,0.0
197,6.5667,-0.0,157.4353678912535,-0.0,-54.15511706099164,0.0,0.0,-90.0,0.0,0.0,0.0,0.0,0.0,0.0
198,6.6,-0.0,157.7248368952908,-0.0,-53.46039145130208,0.0,0.0,-90.0,0.0,0.0,0.0,0.0,0.0,0.0
199,6.6333,-0.0,158.02957218345085,-0.0,-52.729026759717925,0.0,0.0,-90.0,0.0,0.0,0.0,0.0,0.0,0.0
200,6.6667,-0.0,158.34936490538902,-0.0,-51.96152422706631,0.0,0.0,-90.0,0.0,0.0,0.0,0.0,0.0,0.0
201,6.7,-0.0,158.6839958911477,-0.0,-51.158409861245524,0.0,0.0,-90.0,0.0,0.0,0.0,0.0,0.0,0.0
202,6.7333,-0.0,159.03323580136438,-0.0,-50.320234076725455,0.0,0.0,-90.0,0.0,0.0,0.0,0.0,0.0,0.0
203,6.7667,-0.0,159.3968452844496,-0.0,-49.44757131732095,0.0,0.0,-90.0,0.0,0.0,0.0,0.0,0.0,0.0
204,6.8,-0.0,159.77457514062633,-0.0,-48.54101966249685,0.0,0.0,-90.0,0.0,0.0,0.0,0.0,0.0,0.0
205,6.8333,-0.0,160.16616649271913,-0.0,-47.60120041747411,0.0,0.0,-90.0,0.0,0.0,0.0,0.0,0.0,0.0
206,6.8667,-0.0,160.57135096357572,-0.0,-46.62875768741828,0.0,0.0,-90.0,0.0,0.0,0.0,0.0,0.0,0.0
207,6.9,-0.0,160.98985085999922,-0.0,-45.62435793600185,0.0,0.0,-90.0,0.0,0.0,0.0,0.0,0.0,0.0
208,6.9333,-0.0,161.42137936306514,-0.0,-44.58868952864364,0.0,0.0,-90.0,0.0,0.0,0.0,0.0,0.0,0.0
209,6.9667,-0.0,161.8656407246928,-0.0,-43.52246226073727,0.0,0.0,-90.0,0.0,0.0,0.0,0.0,0.0,0.0
210,7.0,-0.0,162.3223304703363,-0.0,-42.42640687119286,0.0,0.0,-90.0,0.0,0.0,0.0,0.0,0.0,0.0
211,7.0333,-0.0,162.79113560765614,-0.0,-41.30127454162524,0.0,0.0,-90.0,0.0,0.0,0.0,0.0,0.0,0.0
212,7.0667,-0.0,163.27173484102852,-0.0,-40.147836381531526,0.0,0.0,-90.0,0.0,0.0,0.0,0.0,0.0,0.0
213,7.1,-0.0,163.7637987917454,-0.0,-38.966882899811054,0.0,0.0,-90.0,0.0,0.0,0.0,0.0,0.0,0.0
214,7.1333,-0.0,164.26699022375408,-0.0,-37.75922346299023,0.0,0.0,-90.0,0.0,0.0,0.0,0.0,0.0,0.0
215,7.1667,-0.0,164.78096427478198,-0.0,-36.52568574052325,0.0,0.0,-90.0,0.0,0.0,0.0,0.0,0.0,0.0
216,7.2,-0.0,165.30536869268818,-0.0,-35.2671151375484,0.0,0.0,-90.0,0.0,0.0,0.0,0.0,0.0,0.0
217,7.2333,-0.0,165.8398440768792,-0.0,-33.98437421548998,0.0,0.0,-90.0,0.0,0.0,0.0,0.0,0.0,0.0
218,7.2667,-0.0,166.38402412462432,-0.0,-32.67834210090162,0.0,0.0,-90.0,0.0,0.0,0.0,0.0,0.0,0.0
219,7.3,-0.0,166.93753588210126,-0.0,-31.34991388295697,0.0,0.0,-90.0,0.0,0.0,0.0,0.0,0.0,0.0
220,7.3333,-0.0,167.5,-0.0,-30.00000000000003,0.0,0.0,-90.0,0.0,0.0,0.0,0.0,0.0,0.0
221,7.3667,-0.0,168.0710309935098,-0.0,-28.629525615576526,0.0,0.0,-90.0,0.0,0.0,0.0,0.0,0.0,0.0
222,7.4,-0.0,168.65023750651133,-0.0,-27.23942998437282,0.0,0.0,-90.0,0.0,0.0,0.0,0.0,0.0,0.0
223,7.4333,-0.0,169.23722257979261,-0.0,-25.830665808497713,0.0,0.0,-90.0,0.0,0.0,0.0,0.0,0.0,0.0
224,7.4667,-0.0,169.831583923105,-0.0,-24.40419858454801,0.0,0.0,-90.0,0.0,0.0,0.0,0.0,0.0,0.0
225,7.5,-0.0,170.43291419087274,-0.0,-22.961005941905423,0.0,0.0,-90.0,0.0,0.0,0.0,0.0,0.0,0.0
226,7.5333,-0.0,171.04080126136748,-0.0,-21.502076972718047,0.0,0.0,-90.0,0.0,0.0,0.0,0.0,0.0,0.0
227,7.5667,-0.0,171.65482851915573,-0.0,-20.028411554026277,0.0,0.0,-90.0,0.0,0.0,0.0,0.0,0.0,0.0
228,7.6,-0.0,172.2745751406263,-0.0,-18.541019662496858,0.0,0.0,-90.0,0.0,0.0,0.0,0.0,0.0,0.0
229,7.6333,-0.0,172.89961638240194,-0.0,-17.040920682235363,0.0,0.0,-90.0,0.0,0.0,0.0,0.0,0.0,0.0
230,7.6667,-0.0,173.52952387243698,-0.0,-15.52914270615124,0.0,0.0,-90.0,0.0,0.0,0.0,0.0,0.0,0.0
231,7.7,-0.0,174.16386590360236,-0.0,-14.006721831354312,0.0,0.0,-90.0,0.0,0.0,0.0,0.0,0.0,0.0
232,7.7333,-0.0,174.80220772955602,-0.0,-12.474701449065591,0.0,0.0,-90.0,0.0,0.0,0.0,0.0,0.0,0.0
233,7.7667,-0.0,175.4441118626963,-0.0,-10.93413152952887,0.0,0.0,-90.0,0.0,0.0,0.0,0.0,0.0,0.0
234,7.8,-0.0,176.08913837399422,-0.0,-9.386067902413867,0.0,0.0,-90.0,0.0,0.0,0.0,0.0,0.0,0.0
235,7.8333,-0.0,176.7368451944987,-0.0,-7.8315715332031015,0.0,0.0,-90.0,0.0,0.0,0.0,0.0,0.0,0.0
236,7.8667,-0.0,177.38678841830864,-0.0,-6.271707796059259,0.0,0.0,-90.0,0.0,0.0,0.0,0.0,0.0,0.0
237,7.9,-0.0,178.0385226068039,-0.0,-4.707545743670685,0.0,0.0,-90.0,0.0,0.0,0.0,0.0,0.0,0.0
238,7.9333,-0.0,178.6916010939264,-0.0,-3.1401573745766087,0.0,0.0,-90.0,0.0,0.0,0.0,0.0,0.0,0.0
239,7.9667,-0.0,179.34557629230315,-0.0,-1.5706168984724127,0.0,0.0,-90.0,0.0,0.0,0.0,0.0,0.0,0.0
240,8.0,-0.0,180.0,-0.0,0.0,0.0,0.0,-90.0,0.0,0.0,0.0,0.0,0.0,0.0
241,8.0333,0.3926542246180986,180.0,-0.0,0.0,1.5706168984723836,0.0,-90.0,0.0,0.0,0.0,0.0,0.0,0.0
242,8.0667,0.7850393436441436,180.0,-0.0,0.0,3.140157374576619,0.0,-90.0,0.0,0.0,0.0,0.0,0.0,0.0
243,8.1,1.1768864359176803,180.0,-0.0,0.0,4.70754574367068,0.0,-90.0,0.0,0.0,0.0,0.0,0.0,0.0
244,8.1333,1.5679269490148044,180.0,-0.0,0.0,6.271707796059187,0.0,-90.0,0.0,0.0,0.0,0.0,0.0,0.0
245,8.1667,1.957892883300758,180.0,-0.0,0.0,7.831571533203068,0.0,-90.0,0.0,0.0,0.0,0.0,0.0,0.0
246,8.2,2.346516975603464,180.0,-0.0,0.0,9.386067902413819,0.0,-90.0,0.0,0.0,0.0,0.0,0.0,0.0
247,8.2333,2.7335328823822067,180.0,-0.0,0.0,10.934131529528809,0.0,-90.0,0.0,0.0,0.0,0.0,0.0,0.0
248,8.2667,3.1186753622664014,180.0,-0.0,0.0,12.474701449065599,0.0,-90.0,0.0,0.0,0.0,0.0,0.0,0.0
249,8.3,3.501680457838603,180.0,-0.0,0.0,14.006721831354357,0.0,-90.0,0.0,0.0,0.0,0.0,0.0,0.0
250,8.3333,3.882285676537805,180.0,-0.0,0.0,15.529142706151275,0.0,-90.0,0.0,0.0,0.0,0.0,0.0,0.0
251,8.3667,4.260230170558856,180.0,-0.0,0.0,17.040920682235374,0.0,-90.0,0.0,0.0,0.0,0.0,0.0,0.0
252,8.4,4.635254915624216,180.0,-0.0,0.0,18.54101966249686,0.0,-90.0,0.0,0.0,0.0,0.0,0.0,0.0
253,8.4333,5.00710288850658,180.0,-0.0,0.0,20.028411554026267,0.0,-90.0,0.0,0.0,0.0,0.0,0.0,0.0
254,8.4667,5.375519243179497,180.0,-0.0,0.0,21.50207697271802,0.0,-90.0,0.0,0.0,0.0,0.0,0.0,0.0
255,8.5,5.740251485476335,180.0,-0.0,0.0,22.961005941905388,0.0,-90.0,0.0,0.0,0.0,0.0,0.0,0.0
256,8.5333,6.101049646137,180.0,-0.0,0.0,24.40419858454801,0.0,-90.0,0.0,0.0,0.0,0.0,0.0,0.0
257,8.5667,6.457666452124414,180.0,-0.0,0.0,25.8306658084977,0.0,-90.0,0.0,0.0,0.0,0.0,0.0,0.0
258,8.6,6.809857496093201,180.0,-0.0,0.0,27.23942998437279,0.0,-90.0,0.0,0.0,0.0,0.0,0.0,0.0
259,8.6333,7.157381403894135,180.0,-0.0,0.0,28.629525615576483,0.0,-90.0,0.0,0.0,0.0,0.0,0.0,0.0
260,8.6667,7.5,180.0,-0.0,0.0,29.99999999999997,0.0,-90.0,0.0,0.0,0.0,0.0,0.0,0.0
261,8.7,7.837478470739228,180.0,-0.0,0.0,31.3499138829569,0.0,-90.0,0.0,0.0,0.0,0.0,0.0,0.0
262,8.7333,8.169585525225386,180.0,-0.0,0.0,32.67834210090159,0.0,-90.0,0.0,0.0,0.0,0.0,0.0,0.0
263,8.7667,8.496093553872498,180.0,-0.0,0.0,33.98437421549,0.0,-90.0,0.0,0.0,0.0,0.0,0.0,0.0
264,8.8,8.816778784387111,180.0,-0.0,0.0,35.267115137548416,0.0,-90.0,0.0,0.0,0.0,0.0,0.0,0.0
265,8.8333,9.131421435130818,180.0,-0.0,0.0,36.52568574052326,0.0,-90.0,0.0,0.0,0.0,0.0,0.0,0.0
266,8.8667,9.439805865747559,180.0,-0.0,0.0,37.75922346299026,0.0,-90.0,0.0,0.0,0.0,0.0,0.0,0.0
267,8.9,9.741720724952756,180.0,-0.0,0.0,38.96688289981103,0.0,-90.0,0.0,0.0,0.0,0.0,0.0,0.0
268,8.9333,10.036959095382883,180.0,-0.0,0.0,40.1478363815315,0.0,-90.0,0.0,0.0,0.0,0.0,0.0,0.0
269,8.9667,10.325318635406319,180.0,-0.0,0.0,41.30127454162524,0.0,-90.0,0.0,0.0,0.0,0.0,0.0,0.0
270,9.0,10.606601717798213,180.0,-0.0,0.0,42.426406871192846,0.0,-90.0,0.0,0.0,0.0,0.0,0.0,0.0
271,9.0333,10.880615565184314,180.0,-0.0,0.0,43.52246226073725,0.0,-90.0,0.0,0.0,0.0,0.0,0.0,0.0
272,9.0667,11.147172382160903,180.0,-0.0,0.0,44.58868952864365,0.0,-90.0,0.0,0.0,0.0,0.0,0.0,0.0
273,9.1,11.40608948400046,180.0,-0.0,0.0,45.62435793600184,0.0,-90.0,0.0,0.0,0.0,0.0,0.0,0.0
274,9.1333,11.657189421854554,180.0,-0.0,0.0,46.628757687418236,0.0,-90.0,0.0,0.0,0.0,0.0,0.0,0.0
275,9.1667,11.900300104368512,180.0,-0.0,0.0,47.60120041747409,0.0,-90.0,0.0,0.0,0.0,0.0,0.0,0.0
276,9.2,12.135254915624216,180.0,-0.0,0.0,48.54101966249683,0.0,-90.0,0.0,0.0,0.0,0.0,0.0,0.0
277,9.2333,12.36189282933023,180.0,-0.0,0.0,49.447571317320914,0.0,-90.0,0.0,0.0,0.0,0.0,0.0,0.0
278,9.2667,12.580058519181364,180.0,-0.0,0.0,50.32023407672546,0.0,-90.0,0.0,0.0,0.0,0.0,0.0,0.0
279,9.3,12.78960246531139,180.0,-0.0,0.0,51.15840986124555,0.0,-90.0,0.0,0.0,0.0,0.0,0.0,0.0
280,9.3333,12.99038105676658,180.0,-0.0,0.0,51.96152422706633,0.0,-90.0,0.0,0.0,0.0,0.0,0.0,0.0
281,9.3667,13.182256689929488,180.0,-0.0,0.0,52.72902675971793,0.0,-90.0,0.0,0.0,0.0,0.0,0.0,0.0
282,9.4,13.365097862825507,180.0,-0.0,0.0,53.46039145130207,0.0,-90.0,0.0,0.0,0.0,0.0,0.0,0.0
283,9.4333,13.53877926524791,180.0,-0.0,0.0,54.155117060991635,0.0,-90.0,0.0,0.0,0.0,0.0,0.0,0.0
284,9.4667,13.70318186463902,180.0,-0.0,0.0,54.812727458556054,0.0,-90.0,0.0,0.0,0.0,0.0,0.0,0.0
285,9.5,13.858192987669298,180.0,-0.0,0.0,55.43277195067721,0.0,-90.0,0.0,0.0,0.0,0.0,0.0,0.0
286,9.5333,14.003706397458018,180.0,-0.0,0.0,56.01482558983211,0.0,-90.0,0.0,0.0,0.0,0.0,0.0,0.0
287,9.5667,14.139622366382667,180.0,-0.0,0.0,56.5584894655307,0.0,-90.0,0.0,0.0,0.0,0.0,0.0,0.0
288,9.6,14.265847744427305,180.0,-0.0,0.0,57.06339097770921,0.0,-90.0,0.0,0.0,0.0,0.0,0.0,0.0
289,9.6333,14.382296023022889,180.0,-0.0,0.0,57.529184092091576,0.0,-90.0,0.0,0.0,0.0,0.0,0.0,0.0
290,9.6667,14.488887394336018,180.0,-0.0,0.0,57.955549577344094,0.0,-90.0,0.0,0.0,0.0,0.0,0.0,0.0
291,9.7,14.585548805965146,180.0,-0.0,0.0,58.342195223860585,0.0,-90.0,0.0,0.0,0.0,0.0,0.0,0.0
292,9.7333,14.672214011007071,180.0,-0.0,0.0,58.68885604402833,0.0,-90.0,0.0,0.0,0.0,0.0,0.0,0.0
293,9.7667,14.748823613459308,180.0,-0.0,0.0,58.99529445383728,0.0,-90.0,0.0,0.0,0.0,0.0,0.0,0.0
294,9.8,14.815325108927055,180.0,-0.0,0.0,59.261300435708264,0.0,-90.0,0.0,0.0,0.0,0.0,0.0,0.0
295,9.8333,14.871672920607153,180.0,-0.0,0.0,59.48669168242863,0.0,-90.0,0.0,0.0,0.0,0.0,0.0,0.0
296,9.8667,14.91782843052411,180.0,-0.0,0.0,59.67131372209641,0.0,-90.0,0.0,0.0,0.0,0.0,0.0,0.0
297,9.9,14.953760005996912,180.0,-0.0,0.0,59.81504002398768,0.0,-90.0,0.0,0.0,0.0,0.0,0.0,0.0
298,9.9333,14.979443021318616,180.0,-0.0,0.0,59.91777208527443,0.0,-90.0,0.0,0.0,0.0,0.0,0.0,0.0
299,9.9667,14.994859874633363,180.0,-0.0,0.0,59.97943949853344,0.0,-90.0,0.0,0.0,0.0,0.0,0.0,0.0
300,10.0,15.0,180.0,-0.0,0.0,60.0,0.0,-90.0,0.0,0.0,0.0,0.0,0.0,0.0
301,10.0333,14.994859874633363,180.0,-0.0,0.0,59.97943949853344,0.0,-90.0,0.0,0.0,0.0,0.0,0.0,0.0
302,10.0667,14.979443021318616,180.0,-0.0,0.0,59.91777208527443,0.0,-90.0,0.0,0.0,0.0,0.0,0.0,0.0
303,10.1,14.953760005996912,180.0,-0.0,0.0,59.81504002398768,0.0,-90.0,0.0,0.0,0.0,0.0,0.0,0.0
304,10.1333,14.91782843052411,180.0,-0.0,0.0,59.67131372209641,0.0,-90.0,0.0,0.0,0.0,0.0,0.0,0.0
305,10.1667,14.871672920607153,180.0,-0.0,0.0,59.48669168242863,0.0,-90.0,0.0,0.0,0.0,0.0,0.0,0.0
306,10.2,14.815325108927055,180.0,-0.0,0.0,59.26130043570827,0.0,-90.0,0.0,0.0,0.0,0.0,0.0,0.0
307,10.2333,14.748823613459308,180.0,-0.0,0.0,58.99529445383728,0.0,-90.0,0.0,0.0,0.0,0.0,0.0,0.0
308,10.2667,14.672214011007071,180.0,-0.0,0.0,58.68885604402833,0.0,-90.0,0.0,0.0,0.0,0.0,0.0,0.0
309,10.3,14.585548805965146,180.0,-0.0,0.0,58.342195223860585,0.0,-90.0,0.0,0.0,0.0,0.0,0.0,0.0
310,10.3333,14.488887394336018,180.0,-0.0,0.0,57.955549577344094,0.0,-90.0,0.0,0.0,0.0,0.0,0.0,0.0
311,10.3667,14.382296023022889,180.0,-0.0,0.0,57.529184092091576,0.0,-90.0,0.0,0.0,0.0,0.0,0.0,0.0
312,10.4,14.265847744427305,180.0,-0.0,0.0,57.06339097770921,0.0,-90.0,0.0,0.0,0.0,0.0,0.0,0.0
313,10.4333,14.139622366382667,180.0,-0.0,0.0,56.5584894655307,0.0,-90.0,0.0,0.0,0.0,0.0,0.0,0.0
314,10.4667,14.003706397458018,180.0,-0.0,0.0,56.01482558983211,0.0,-90.0,0.0,0.0,0.0,0.0,0.0,0.0
315,10.5,13.858192987669298,180.0,-0.0,0.0,55.43277195067721,0.0,-90.0,0.0,0.0,0.0,0.0,0.0,0.0
316,10.5333,13.70318186463902,180.0,-0.0,0.0,54.81272745855606,0.0,-90.0,0.0,0.0,0.0,0.0,0.0,0.0
317,10.5667,13.53877926524791,180.0,-0.0,0.0,54.15511706099164,0.0,-90.0,0.0,0.0,0.0,0.0,0.0,0.0
318,10.6,13.365097862825507,180.0,-0.0,0.0,53.46039145130209,0.0,-90.0,0.0,0.0,0.0,0.0,0.0,0.0
319,10.6333,13.182256689929488,180.0,-0.0,0.0,52.72902675971794,0.0,-90.0,0.0,0.0,0.0,0.0,0.0,0.0
320,10.6667,12.99038105676658,180.0,-0.0,0.0,51.961524227066334,0.0,-90.0,0.0,0.0,0.0,0.0,0.0,0.0
321,10.7,12.78960246531139,180.0,-0.0,0.0,51.15840986124555,0.0,-90.0,0.0,0.0,0.0,0.0,0.0,0.0
322,10.7333,12.580058519181364,180.0,-0.0,0.0,50.32023407672547,0.0,-90.0,0.0,0.0,0.0,0.0,0.0,0.0
323,10.7667,12.36189282933023,180.0,-0.0,0.0,49.447571317320914,0.0,-90.0,0.0,0.0,0.0,0.0,0.0,0.0
324,10.8,12.135254915624216,180.0,-0.0,0.0,48.541019662496836,0.0,-90.0,0.0,0.0,0.0,0.0,0.0,0.0
325,10.8333,11.900300104368512,180.0,-0.0,0.0,47.60120041747409,0.0,-90.0,0.0,0.0,0.0,0.0,0.0,0.0
326,10.8667,11.657189421854554,180.0,-0.0,0.0,46.62875768741825,0.0,-90.0,0.0,0.0,0.0,0.0,0.0,0.0
327,10.9,11.40608948400046,180.0,-0.0,0.0,45.62435793600184,0.0,-90.0,0.0,0.0,0.0,0.0,0.0,0.0
328,10.9333,11.147172382160903,180.0,-0.0,0.0,44.588689528643656,0.0,-90.0,0.0,0.0,0.0,0.0,0.0,0.0
329,10.9667,10.880615565184314,180.0,-0.0,0.0,43.52246226073725,0.0,-90.0,0.0,0.0,0.0,0.0,0.0,0.0
330,11.0,10.606601717798213,180.0,-0.0,0.0,42.42640687119285,0.0,-90.0,0.0,0.0,0.0,0.0,0.0,0.0
331,11.0333,10.325318635406319,180.0,-0.0,0.0,41.301274541625254,0.0,-90.0,0.0,0.0,0.0,0.0,0.0,0.0
332,11.0667,10.036959095382883,180.0,-0.0,0.0,40.1478363815315,0.0,-90.0,0.0,0.0,0.0,0.0,0.0,0.0
333,11.1,9.741720724952756,180.0,-0.0,0.0,38.96688289981105,0.0,-90.0,0.0,0.0,0.0,0.0,0.0,0.0
334,11.1333,9.439805865747559,180.0,-0.0,0.0,37.75922346299026,0.0,-90.0,0.0,0.0,0.0,0.0,0.0,0.0
335,11.1667,9.131421435130818,180.0,-0.0,0.0,36.52568574052327,0.0,-90.0,0.0,0.0,0.0,0.0,0.0,0.0
336,11.2,8.816778784387111,180.0,-0.0,0.0,35.267115137548416,0.0,-90.0,0.0,0.0,0.0,0.0,0.0,0.0
337,11.2333,8.496093553872498,180.0,-0.0,0.0,33.98437421549001,0.0,-90.0,0.0,0.0,0.0,0.0,0.0,0.0
338,11.2667,8.169585525225386,180.0,-0.0,0.0,32.67834210090159,0.0,-90.0,0.0,0.0,0.0,0.0,0.0,0.0
339,11.3,7.837478470739228,180.0,-0.0,0.0,31.349913882956916,0.0,-90.0,0.0,0.0,0.0,0.0,0.0,0.0
340,11.3333,7.5,180.0,-0.0,0.0,29.99999999999997,0.0,-90.0,0.0,0.0,0.0,0.0,0.0,0.0
341,11.3667,7.157381403894135,180.0,-0.0,0.0,28.629525615576494,0.0,-90.0,0.0,0.0,0.0,0.0,0.0,0.0
342,11.4,6.809857496093201,180.0,-0.0,0.0,27.239429984372787,0.0,-90.0,0.0,0.0,0.0,0.0,0.0,0.0
343,11.4333,6.457666452124414,180.0,-0.0,0.0,25.830665808497706,0.0,-90.0,0.0,0.0,0.0,0.0,0.0,0.0
344,11.4667,6.101049646137,180.0,-0.0,0.0,24.404198584548002,0.0,-90.0,0.0,0.0,0.0,0.0,0.0,0.0
345,11.5,5.740251485476335,180.0,-0.0,0.0,22.961005941905395,0.0,-90.0,0.0,0.0,0.0,0.0,0.0,0.0
346,11.5333,5.375519243179497,180.0,-0.0,0.0,21.50207697271804,0.0,-90.0,0.0,0.0,0.0,0.0,0.0,0.0
347,11.5667,5.00710288850658,180.0,-0.0,0.0,20.02841155402627,0.0,-90.0,0.0,0.0,0.0,0.0,0.0,0.0
348,11.6,4.635254915624216,180.0,-0.0,0.0,18.541019662496875,0.0,-90.0,0.0,0.0,0.0,0.0,0.0,0.0
349,11.6333,4.260230170558856,180.0,-0.0,0.0,17.04092068223538,0.0,-90.0,0.0,0.0,0.0,0.0,0.0,0.0
350,11.6667,3.8822856765378333,180.0,-0.0,0.0,15.529142706151287,0.0,-90.0,0.0,0.0,0.0,0.0,0.0,0.0
351,11.7,3.501680457838603,180.0,-0.0,0.0,14.006721831354357,0.0,-90.0,0.0,0.0,0.0,0.0,0.0,0.0
352,11.7333,3.1186753622664014,180.0,-0.0,0.0,12.474701449065611,0.0,-90.0,0.0,0.0,0.0,0.0,0.0,0.0
353,11.7667,2.7335328823822067,180.0,-0.0,0.0,10.934131529528809,0.0,-90.0,0.0,0.0,0.0,0.0,0.0,0.0
354,11.8,2.346516975603464,180.0,-0.0,0.0,9.386067902413831,0.0,-90.0,0.0,0.0,0.0,0.0,0.0,0.0
355,11.8333,1.957892883300758,180.0,-0.0,0.0,7.831571533203068,0.0,-90.0,0.0,0.0,0.0,0.0,0.0,0.0
356,11.8667,1.5679269490148044,180.0,-0.0,0.0,6.271707796059197,0.0,-90.0,0.0,0.0,0.0,0.0,0.0,0.0
357,11.9,1.1768864359176803,180.0,-0.0,0.0,4.707545743670678,0.0,-90.0,0.0,0.0,0.0,0.0,0.0,0.0
358,11.9333,0.7850393436441436,180.0,-0.0,0.0,3.1401573745766282,0.0,-90.0,0.0,0.0,0.0,0.0,0.0,0.0
359,11.9667,0.3926542246180986,180.0,-0.0,0.0,1.5706168984723787,0.0,-90.0,0.0,0.0,0.0,0.0,0.0,0.0
360,12.0,-0.0,180.0,-0.0,0.0,7.34788079488412e-15,0.0,-90.0,0.0,0.0,0.0,0.0,0.0,0.0
361,12.0333,-0.3926542246180986,180.0,-0.0,0.0,-1.5706168984723639,0.0,-90.0,0.0,0.0,0.0,0.0,0.0,0.0
362,12.0667,-0.7850393436441436,180.0,-0.0,0.0,-3.140157374576614,0.0,-90.0,0.0,0.0,0.0,0.0,0.0,0.0
363,12.1,-1.1768864359176519,180.0,-0.0,0.0,-4.7075457436706625,0.0,-90.0,0.0,0.0,0.0,0.0,0.0,0.0
364,12.1333,-1.5679269490148044,180.0,-0.0,0.0,-6.271707796059183,0.0,-90.0,0.0,0.0,0.0,0.0,0.0,0.0
365,12.1667,-1.957892883300758,180.0,-0.0,0.0,-7.831571533203053,0.0,-90.0,0.0,0.0,0.0,0.0,0.0,0.0
366,12.2,-2.346516975603464,180.0,-0.0,0.0,-9.386067902413819,0.0,-90.0,0.0,0.0,0.0,0.0,0.0,0.0
367,12.2333,-2.7335328823822067,180.0,-0.0,0.0,-10.934131529528797,0.0,-90.0,0.0,0.0,0.0,0.0,0.0,0.0
368,12.2667,-3.1186753622664014,180.0,-0.0,0.0,-12.474701449065595,0.0,-90.0,0.0,0.0,0.0,0.0,0.0,0.0
369,12.3,-3.5016804578385745,180.0,-0.0,0.0,-14.006721831354344,0.0,-90.0,0.0,0.0,0.0,0.0,0.0,0.0
370,12.3333,-3.882285676537805,180.0,-0.0,0.0,-15.529142706151271,0.0,-90.0,0.0,0.0,0.0,0.0,0.0,0.0
371,12.3667,-4.2602301705588275,180.0,-0.0,0.0,-17.040920682235367,0.0,-90.0,0.0,0.0,0.0,0.0,0.0,0.0
372,12.4,-4.635254915624216,180.0,-0.0,0.0,-18.541019662496865,0.0,-90.0,0.0,0.0,0.0,0.0,0.0,0.0
373,12.4333,-5.007102888506552,180.0,-0.0,0.0,-20.028411554026256,0.0,-90.0,0.0,0.0,0.0,0.0,0.0,0.0
374,12.4667,-5.375519243179497,180.0,-0.0,0.0,-21.502076972718026,0.0,-90.0,0.0,0.0,0.0,0.0,0.0,0.0
375,12.5,-5.740251485476335,180.0,-0.0,0.0,-22.96100594190538,0.0,-90.0,0.0,0.0,0.0,0.0,0.0,0.0
376,12.5333,-6.101049646137,180.0,-0.0,0.0,-24.404198584547988,0.0,-90.0,0.0,0.0,0.0,0.0,0.0,0.0
377,12.5667,-6.457666452124414,180.0,-0.0,0.0,-25.83066580849769,0.0,-90.0,0.0,0.0,0.0,0.0,0.0,0.0
378,12.6,-6.809857496093201,180.0,-0.0,0.0,-27.239429984372777,0.0,-90.0,0.0,0.0,0.0,0.0,0.0,0.0
379,12.6333,-7.157381403894107,180.0,-0.0,0.0,-28.62952561557648,0.0,-90.0,0.0,0.0,0.0,0.0,0.0,0.0
380,12.6667,-7.5,180.0,-0.0,0.0,-29.999999999999964,0.0,-90.0,0.0,0.0,0.0,0.0,0.0,0.0
381,12.7,-7.837478470739228,180.0,-0.0,0.0,-31.3499138829569,0.0,-90.0,0.0,0.0,0.0,0.0,0.0,0.0
382,12.7333,-8.169585525225386,180.0,-0.0,0.0,-32.67834210090158,0.0,-90.0,0.0,0.0,0.0,0.0,0.0,0.0
383,12.7667,-8.496093553872498,180.0,-0.0,0.0,-33.98437421548999,0.0,-90.0,0.0,0.0,0.0,0.0,0.0,0.0
384,12.8,-8.816778784387111,180.0,-0.0,0.0,-35.2671151375484,0.0,-90.0,0.0,0.0,0.0,0.0,0.0,0.0
385,12.8333,-9.131421435130818,180.0,-0.0,0.0,-36.52568574052326,0.0,-90.0,0.0,0.0,0.0,0.0,0.0,0.0
386,12.8667,-9.439805865747559,180.0,-0.0,0.0,-37.759223462990256,0.0,-90.0,0.0,0.0,0.0,0.0,0.0,0.0
387,12.9,-9.741720724952756,180.0,-0.0,0.0,-38.96688289981103,0.0,-90.0,0.0,0.0,0.0,0.0,0.0,0.0
388,12.9333,-10.036959095382883,180.0,-0.0,0.0,-40.14783638153149,0.0,-90.0,0.0,0.0,0.0,0.0,0.0,0.0
389,12.9667,-10.325318635406319,180.0,-0.0,0.0,-41.30127454162525,0.0,-90.0,0.0,0.0,0.0,0.0,0.0,0.0
390,13.0,-10.606601717798213,180.0,-0.0,0.0,-42.426406871192846,0.0,-90.0,0.0,0.0,0.0,0.0,0.0,0.0
391,13.0333,-10.880615565184314,180.0,-0.0,0.0,-43.522462260737235,0.0,-90.0,0.0,0.0,0.0,0.0,0.0,0.0
392,13.0667,-11.147172382160903,180.0,-0.0,0.0,-44.58868952864364,0.0,-90.0,0.0,0.0,0.0,0.0,0.0,0.0
393,13.1,-11.40608948400046,180.0,-0.0,0.0,-45.624357936001836,0.0,-90.0,0.0,0.0,0.0,0.0,0.0,0.0
394,13.1333,-11.657189421854554,180.0,-0.0,0.0,-46.628757687418236,0.0,-90.0,0.0,0.0,0.0,0.0,0.0,0.0
395,13.1667,-11.900300104368512,180.0,-0.0,0.0,-47.6012004174741,0.0,-90.0,0.0,0.0,0.0,0.0,0.0,0.0
396,13.2,-12.135254915624216,180.0,-0.0,0.0,-48.54101966249681,0.0,-90.0,0.0,0.0,0.0,0.0,0.0,0.0
397,13.2333,-12.36189282933023,180.0,-0.0,0.0,-49.44757131732091,0.0,-90.0,0.0,0.0,0.0,0.0,0.0,0.0
398,13.2667,-12.580058519181364,180.0,-0.0,0.0,-50.32023407672544,0.0,-90.0,0.0,0.0,0.0,0.0,0.0,0.0
399,13.3,-12.78960246531139,180.0,-0.0,0.0,-51.158409861245545,0.0,-90.0,0.0,0.0,0.0,0.0,0.0,0.0
400,13.3333,-12.99038105676658,180.0,-0.0,0.0,-51.96152422706633,0.0,-90.0,0.0,0.0,0.0,0.0,0.0,0.0
401,13.3667,-13.182256689929488,180.0,-0.0,0.0,-52.72902675971794,0.0,-90.0,0.0,0.0,0.0,0.0,0.0,0.0
402,13.4,-13.365097862825507,180.0,-0.0,0.0,-53.460391451302065,0.0,-90.0,0.0,0.0,0.0,0.0,0.0,0.0
403,13.4333,-13.53877926524791,180.0,-0.0,0.0,-54.155117060991635,0.0,-90.0,0.0,0.0,0.0,0.0,0.0,0.0
404,13.4667,-13.70318186463902,180.0,-0.0,0.0,-54.81272745855606,0.0,-90.0,0.0,0.0,0.0,0.0,0.0,0.0
405,13.5,-13.858192987669298,180.0,-0.0,0.0,-55.43277195067719,0.0,-90.0,0.0,0.0,0.0,0.0,0.0,0.0
406,13.5333,-14.003706397458018,180.0,-0.0,0.0,-56.0148255898321,0.0,-90.0,0.0,0.0,0.0,0.0,0.0,0.0
407,13.5667,-14.139622366382667,180.0,-0.0,0.0,-56.5584894655307,0.0,-90.0,0.0,0.0,0.0,0.0,0.0,0.0
408,13.6,-14.265847744427305,180.0,-0.0,0.0,-57.06339097770921,0.0,-90.0,0.0,0.0,0.0,0.0,0.0,0.0
409,13.6333,-14.382296023022889,180.0,-0.0,0.0,-57.52918409209157,0.0,-90.0,0.0,0.0,0.0,0.0,0.0,0.0
410,13.6667,-14.488887394336018,180.0,-0.0,0.0,-57.95554957734409,0.0,-90.0,0.0,0.0,0.0,0.0,0.0,0.0
411,13.7,-14.585548805965146,180.0,-0.0,0.0,-58.342195223860585,0.0,-90.0,0.0,0.0,0.0,0.0,0.0,0.0
412,13.7333,-14.672214011007071,180.0,-0.0,0.0,-58.688856044028334,0.0,-90.0,0.0,0.0,0.0,0.0,0.0,0.0
413,13.7667,-14.748823613459308,180.0,-0.0,0.0,-58.99529445383728,0.0,-90.0,0.0,0.0,0.0,0.0,0.0,0.0
414,13.8,-14.815325108927055,180.0,-0.0,0.0,-59.26130043570827,0.0,-90.0,0.0,0.0,0.0,0.0,0.0,0.0
415,13.8333,-14.871672920607153,180.0,-0.0,0.0,-59.48669168242862,0.0,-90.0,0.0,0.0,0.0,0.0,0.0,0.0
416,13.8667,-14.91782843052411,180.0,-0.0,0.0,-59.67131372209641,0.0,-90.0,0.0,0.0,0.0,0.0,0.0,0.0
417,13.9,-14.953760005996912,180.0,-0.0,0.0,-59.81504002398768,0.0,-90.0,0.0,0.0,0.0,0.0,0.0,0.0
418,13.9333,-14.979443021318616,180.0,-0.0,0.0,-59.917772085274436,0.0,-90.0,0.0,0.0,0.0,0.0,0.0,0.0
419,13.9667,-14.994859874633363,180.0,-0.0,0.0,-59.97943949853344,0.0,-90.0,0.0,0.0,0.0,0.0,0.0,0.0
420,14.0,-15.0,180.0,-0.0,0.0,-60.0,0.0,-90.0,0.0,0.0,0.0,0.0,0.0,0.0
421,14.0333,-14.994859874633363,180.0,-0.0,0.0,-59.97943949853344,0.0,-90.0,0.0,0.0,0.0,0.0,0.0,0.0
422,14.0667,-14.979443021318616,180.0,-0.0,0.0,-59.917772085274436,0.0,-90.0,0.0,0.0,0.0,0.0,0.0,0.0
423,14.1,-14.953760005996912,180.0,-0.0,0.0,-59.815040023987684,0.0,-90.0,0.0,0.0,0.0,0.0,0.0,0.0
424,14.1333,-14.91782843052411,180.0,-0.0,0.0,-59.67131372209641,0.0,-90.0,0.0,0.0,0.0,0.0,0.0,0.0
425,14.1667,-14.871672920607153,180.0,-0.0,0.0,-59.48669168242863,0.0,-90.0,0.0,0.0,0.0,0.0,0.0,0.0
426,14.2,-14.815325108927055,180.0,-0.0,0.0,-59.26130043570827,0.0,-90.0,0.0,0.0,0.0,0.0,0.0,0.0
427,14.2333,-14.748823613459308,180.0,-0.0,0.0,-58.99529445383728,0.0,-90.0,0.0,0.0,0.0,0.0,0.0,0.0
428,14.2667,-14.672214011007071,180.0,-0.0,0.0,-58.688856044028334,0.0,-90.0,0.0,0.0,0.0,0.0,0.0,0.0
429,14.3,-14.585548805965146,180.0,-0.0,0.0,-58.34219522386059,0.0,-90.0,0.0,0.0,0.0,0.0,0.0,0.0
430,14.3333,-14.488887394336018,180.0,-0.0,0.0,-57.955549577344094,0.0,-90.0,0.0,0.0,0.0,0.0,0.0,0.0
431,14.3667,-14.382296023022889,180.0,-0.0,0.0,-57.529184092091576,0.0,-90.0,0.0,0.0,0.0,0.0,0.0,0.0
432,14.4,-14.265847744427305,180.0,-0.0,0.0,-57.06339097770922,0.0,-90.0,0.0,0.0,0.0,0.0,0.0,0.0
433,14.4333,-14.139622366382667,180.0,-0.0,0.0,-56.558489465530705,0.0,-90.0,0.0,0.0,0.0,0.0,0.0,0.0
434,14.4667,-14.003706397458018,180.0,-0.0,0.0,-56.01482558983211,0.0,-90.0,0.0,0.0,0.0,0.0,0.0,0.0
435,14.5,-13.858192987669298,180.0,-0.0,0.0,-55.4327719506772,0.0,-90.0,0.0,0.0,0.0,0.0,0.0,0.0
436,14.5333,-13.70318186463902,180.0,-0.0,0.0,-54.81272745855607,0.0,-90.0,0.0,0.0,0.0,0.0,0.0,0.0
437,14.5667,-13.53877926524791,180.0,-0.0,0.0,-54.15511706099164,0.0,-90.0,0.0,0.0,0.0,0.0,0.0,0.0
438,14.6,-13.365097862825507,180.0,-0.0,0.0,-53.46039145130208,0.0,-90.0,0.0,0.0,0.0,0.0,0.0,0.0
439,14.6333,-13.182256689929488,180.0,-0.0,0.0,-52.72902675971795,0.0,-90.0,0.0,0.0,0.0,0.0,0.0,0.0
440,14.6667,-12.99038105676658,180.0,-0.0,0.0,-51.96152422706634,0.0,-90.0,0.0,0.0,0.0,0.0,0.0,0.0
441,14.7,-12.78960246531139,180.0,-0.0,0.0,-51.15840986124555,0.0,-90.0,0.0,0.0,0.0,0.0,0.0,0.0
442,14.7333,-12.580058519181364,180.0,-0.0,0.0,-50.320234076725455,0.0,-90.0,0.0,0.0,0.0,0.0,0.0,0.0
443,14.7667,-12.36189282933023,180.0,-0.0,0.0,-49.44757131732092,0.0,-90.0,0.0,0.0,0.0,0.0,0.0,0.0
444,14.8,-12.135254915624216,180.0,-0.0,0.0,-48.54101966249682,0.0,-90.0,0.0,0.0,0.0,0.0,0.0,0.0
445,14.8333,-11.90030010436854,180.0,-0.0,0.0,-47.60120041747411,0.0,-90.0,0.0,0.0,0.0,0.0,0.0,0.0
446,14.8667,-11.657189421854554,180.0,-0.0,0.0,-46.62875768741825,0.0,-90.0,0.0,0.0,0.0,0.0,0.0,0.0
447,14.9,-11.40608948400046,180.0,-0.0,0.0,-45.62435793600185,0.0,-90.0,0.0,0.0,0.0,0.0,0.0,0.0
448,14.9333,-11.147172382160903,180.0,-0.0,0.0,-44.58868952864364,0.0,-90.0,0.0,0.0,0.0,0.0,0.0,0.0
449,14.9667,-10.880615565184314,180.0,-0.0,0.0,-43.52246226073727,0.0,-90.0,0.0,0.0,0.0,0.0,0.0,0.0
450,15.0,-10.606601717798213,180.0,-0.0,0.0,-42.42640687119286,0.0,-90.0,0.0,0.0,0.0,0.0,0.0,0.0
451,15.0333,-10.325318635406319,180.0,-0.0,0.0,-41.30127454162524,0.0,-90.0,0.0,0.0,0.0,0.0,0.0,0.0
452,15.0667,-10.036959095382883,180.0,-0.0,0.0,-40.147836381531526,0.0,-90.0,0.0,0.0,0.0,0.0,0.0,0.0
453,15.1,-9.741720724952756,180.0,-0.0,0.0,-38.966882899811054,0.0,-90.0,0.0,0.0,0.0,0.0,0.0,0.0
454,15.1333,-9.439805865747559,180.0,-0.0,0.0,-37.75922346299027,0.0,-90.0,0.0,0.0,0.0,0.0,0.0,0.0
455,15.1667,-9.131421435130818,180.0,-0.0,0.0,-36.52568574052325,0.0,-90.0,0.0,0.0,0.0,0.0,0.0,0.0
456,15.2,-8.816778784387111,180.0,-0.0,0.0,-35.267115137548444,0.0,-90.0,0.0,0.0,0.0,0.0,0.0,0.0
457,15.2333,-8.496093553872498,180.0,-0.0,0.0,-33.984374215490014,0.0,-90.0,0.0,0.0,0.0,0.0,0.0,0.0
458,15.2667,-8.169585525225415,180.0,-0.0,0.0,-32.67834210090162,0.0,-90.0,0.0,0.0,0.0,0.0,0.0,0.0
459,15.3,-7.837478470739228,180.0,-0.0,0.0,-31.349913882956923,0.0,-90.0,0.0,0.0,0.0,0.0,0.0,0.0
460,15.3333,-7.5,180.0,-0.0,0.0,-29.99999999999998,0.0,-90.0,0.0,0.0,0.0,0.0,0.0,0.0
461,15.3667,-7.157381403894107,180.0,-0.0,0.0,-28.629525615576476,0.0,-90.0,0.0,0.0,0.0,0.0,0.0,0.0
462,15.4,-6.809857496093201,180.0,-0.0,0.0,-27.23942998437282,0.0,-90.0,0.0,0.0,0.0,0.0,0.0,0.0
463,15.4333,-6.4576664521244425,180.0,-0.0,0.0,-25.830665808497713,0.0,-90.0,0.0,0.0,0.0,0.0,0.0,0.0
464,15.4667,-6.101049646137,180.0,-0.0,0.0,-24.40419858454801,0.0,-90.0,0.0,0.0,0.0,0.0,0.0,0.0
465,15.5,-5.740251485476364,180.0,-0.0,0.0,-22.961005941905423,0.0,-90.0,0.0,0.0,0.0,0.0,0.0,0.0
466,15.5333,-5.375519243179525,180.0,-0.0,0.0,-21.502076972718047,0.0,-90.0,0.0,0.0,0.0,0.0,0.0,0.0
467,15.5667,-5.00710288850658,180.0,-0.0,0.0,-20.028411554026277,0.0,-90.0,0.0,0.0,0.0,0.0,0.0,0.0
468,15.6,-4.635254915624216,180.0,-0.0,0.0,-18.541019662496858,0.0,-90.0,0.0,0.0,0.0,0.0,0.0,0.0
469,15.6333,-4.260230170558856,180.0,-0.0,0.0,-17.040920682235413,0.0,-90.0,0.0,0.0,0.0,0.0,0.0,0.0
470,15.6667,-3.8822856765378333,180.0,-0.0,0.0,-15.529142706151294,0.0,-90.0,0.0,0.0,0.0,0.0,0.0,0.0
471,15.7,-3.501680457838603,180.0,-0.0,0.0,-14.006721831354366,0.0,-90.0,0.0,0.0,0.0,0.0,0.0,0.0
472,15.7333,-3.1186753622664014,180.0,-0.0,0.0,-12.474701449065591,0.0,-90.0,0.0,0.0,0.0,0.0,0.0,0.0
473,15.7667,-2.7335328823822067,180.0,-0.0,0.0,-10.934131529528818,0.0,-90.0,0.0,0.0,0.0,0.0,0.0,0.0
474,15.8,-2.346516975603464,180.0,-0.0,0.0,-9.386067902413814,0.0,-90.0,0.0,0.0,0.0,0.0,0.0,0.0
475,15.8333,-1.9578928833007865,180.0,-0.0,0.0,-7.8315715332031015,0.0,-90.0,0.0,0.0,0.0,0.0,0.0,0.0
476,15.8667,-1.5679269490148044,180.0,-0.0,0.0,-6.271707796059205,0.0,-90.0,0.0,0.0,0.0,0.0,0.0,0.0
477,15.9,-1.1768864359176803,180.0,-0.0,0.0,-4.707545743670685,0.0,-90.0,0.0,0.0,0.0,0.0,0.0,0.0
478,15.9333,-0.7850393436441436,180.0,-0.0,0.0,-3.1401573745766087,0.0,-90.0,0.0,0.0,0.0,0.0,0.0,0.0
479,15.9667,-0.3926542246180986,180.0,-0.0,0.0,-1.5706168984724127,0.0,-90.0,0.0,0.0,0.0,0.0,0.0,0.0
480,16.0,-0.0,180.0,-0.0,0.0,0.0,0.0,-90.0,0.0,0.0,0.0,0.0,0.0,0.0
481,16.0333,-0.0,180.0,0.39265422461812705,0.0,0.0,2.0941558646299563,-90.0,0.0,0.0,0.0,0.0,0.0,0.0
482,16.0667,-0.0,180.0,0.7850393436441436,0.0,0.0,4.186876499435492,-90.0,0.0,0.0,0.0,0.0,0.0,0.0
483,16.1,-0.0,180.0,1.1768864359176803,0.0,0.0,6.276727658227684,-90.0,0.0,0.0,0.0,0.0,0.0,0.0
484,16.1333,-0.0,180.0,1.5679269490148044,0.0,0.0,8.362277061412248,-90.0,0.0,0.0,0.0,0.0,0.0,0.0
485,16.1667,-0.0,180.0,1.9578928833007865,0.0,0.0,10.4420953776042,-90.0,0.0,0.0,0.0,0.0,0.0,0.0
486,16.2,-0.0,180.0,2.346516975603464,0.0,0.0,12.514757203218425,-90.0,0.0,0.0,0.0,0.0,0.0,0.0
487,16.2333,-0.0,180.0,2.733532882382235,0.0,0.0,14.578842039371853,-90.0,0.0,0.0,0.0,0.0,0.0,0.0
488,16.2667,-0.0,180.0,3.118675362266373,0.0,0.0,16.63293526542069,-90.0,0.0,0.0,0.0,0.0,0.0,0.0
489,16.3,-0.0,180.0,3.501680457838603,0.0,0.0,18.675629108472474,-90.0,0.0,0.0,0.0,0.0,0.0,0.0
490,16.3333,-0.0,180.0,3.882285676537805,0.0,0.0,20.705523608201588,-90.0,0.0,0.0,0.0,0.0,0.0,0.0
491,16.3667,-0.0,180.0,4.260230170558856,0.0,0.0,22.721227576313833,-90.0,0.0,0.0,0.0,0.0,0.0,0.0
492,16.4,-0.0,180.0,4.635254915624188,0.0,0.0,24.721359549995707,-90.0,0.0,0.0,0.0,0.0,0.0,0.0
493,16.4333,-0.0,180.0,5.00710288850658,0.0,0.0,26.70454873870169,-90.0,0.0,0.0,0.0,0.0,0.0,0.0
494,16.4667,-0.0,180.0,5.375519243179497,0.0,0.0,28.669435963623926,-90.0,0.0,0.0,0.0,0.0,0.0,0.0
495,16.5,-0.0,180.0,5.740251485476335,0.0,0.0,30.614674589207183,-90.0,0.0,0.0,0.0,0.0,0.0,0.0
496,16.5333,-0.0,180.0,6.101049646137028,0.0,0.0,32.53893144606411,-90.0,0.0,0.0,0.0,0.0,0.0,0.0
497,16.5667,-0.0,180.0,6.457666452124414,0.0,0.0,34.4408877446636,-90.0,0.0,0.0,0.0,0.0,0.0,0.0
498,16.6,-0.0,180.0,6.80985749609323,0.0,0.0,36.31923997916382,-90.0,0.0,0.0,0.0,0.0,0.0,0.0
499,16.6333,-0.0,180.0,7.157381403894135,0.0,0.0,38.17270082076865,-90.0,0.0,0.0,0.0,0.0,0.0,0.0
500,16.6667,-0.0,180.0,7.5,0.0,0.0,40.000000000000064,-90.0,0.0,0.0,0.0,0.0,0.0,0.0
501,16.7,-0.0,180.0,7.837478470739228,0.0,0.0,41.79988517727587,-90.0,0.0,0.0,0.0,0.0,0.0,0.0
502,16.7333,-0.0,180.0,8.169585525225415,0.0,0.0,43.57112280120221,-90.0,0.0,0.0,0.0,0.0,0.0,0.0
503,16.7667,-0.0,180.0,8.49609355387247,0.0,0.0,45.312498953986584,-90.0,0.0,0.0,0.0,0.0,0.0,0.0
504,16.8,-0.0,180.0,8.816778784387111,0.0,0.0,47.02282018339788,-90.0,0.0,0.0,0.0,0.0,0.0,0.0
505,16.8333,-0.0,180.0,9.13142143513079,0.0,0.0,48.70091432069759,-90.0,0.0,0.0,0.0,0.0,0.0,0.0
506,16.8667,-0.0,180.0,9.439805865747559,0.0,0.0,50.34563128398702,-90.0,0.0,0.0,0.0,0.0,0.0,0.0
507,16.9,-0.0,180.0,9.741720724952756,0.0,0.0,51.955843866414625,-90.0,0.0,0.0,0.0,0.0,0.0,0.0
508,16.9333,-0.0,180.0,10.036959095382883,0.0,0.0,53.530448508708666,-90.0,0.0,0.0,0.0,0.0,0.0,0.0
509,16.9667,-0.0,180.0,10.32531863540629,0.0,0.0,55.06836605550024,-90.0,0.0,0.0,0.0,0.0,0.0,0.0
510,17.0,-0.0,180.0,10.606601717798213,0.0,0.0,56.5685424949238,-90.0,0.0,0.0,0.0,0.0,0.0,0.0
511,17.0333,-0.0,180.0,10.880615565184314,0.0,0.0,58.02994968098308,-90.0,0.0,0.0,0.0,0.0,0.0,0.0
512,17.0667,-0.0,180.0,11.147172382160903,0.0,0.0,59.45158603819153,-90.0,0.0,0.0,0.0,0.0,0.0,0.0
513,17.1,-0.0,180.0,11.40608948400046,0.0,0.0,60.832477248002526,-90.0,0.0,0.0,0.0,0.0,0.0,0.0
514,17.1333,-0.0,180.0,11.657189421854554,0.0,0.0,62.171676916557644,-90.0,0.0,0.0,0.0,0.0,0.0,0.0
515,17.1667,-0.0,180.0,11.90030010436854,0.0,0.0,63.46826722329886,-90.0,0.0,0.0,0.0,0.0,0.0,0.0
516,17.2,-0.0,180.0,12.135254915624216,0.0,0.0,64.72135954999577,-90.0,0.0,0.0,0.0,0.0,0.0,0.0
517,17.2333,-0.0,180.0,12.36189282933023,0.0,0.0,65.93009508976128,-90.0,0.0,0.0,0.0,0.0,0.0,0.0
518,17.2667,-0.0,180.0,12.580058519181364,0.0,0.0,67.09364543563389,-90.0,0.0,0.0,0.0,0.0,0.0,0.0
519,17.3,-0.0,180.0,12.78960246531139,0.0,0.0,68.2112131483274,-90.0,0.0,0.0,0.0,0.0,0.0,0.0
520,17.3333,-0.0,180.0,12.99038105676658,0.0,0.0,69.28203230275506,-90.0,0.0,0.0,0.0,0.0,0.0,0.0
521,17.3667,-0.0,180.0,13.182256689929488,0.0,0.0,70.30536901295724,-90.0,0.0,0.0,0.0,0.0,0.0,0.0
522,17.4,-0.0,180.0,13.365097862825507,0.0,0.0,71.28052193506939,-90.0,0.0,0.0,0.0,0.0,0.0,0.0
523,17.4333,-0.0,180.0,13.53877926524791,0.0,0.0,72.20682274798885,-90.0,0.0,0.0,0.0,0.0,0.0,0.0
524,17.4667,-0.0,180.0,13.703181864638992,0.0,0.0,73.08363661140802,-90.0,0.0,0.0,0.0,0.0,0.0,0.0
525,17.5,-0.0,180.0,13.858192987669298,0.0,0.0,73.91036260090294,-90.0,0.0,0.0,0.0,0.0,0.0,0.0
526,17.5333,-0.0,180.0,14.003706397458018,0.0,0.0,74.68643411977618,-90.0,0.0,0.0,0.0,0.0,0.0,0.0
527,17.5667,-0.0,180.0,14.139622366382667,0.0,0.0,75.41131928737427,-90.0,0.0,0.0,0.0,0.0,0.0,0.0
528,17.6,-0.0,180.0,14.265847744427305,0.0,0.0,76.0845213036123,-90.0,0.0,0.0,0.0,0.0,0.0,0.0
529,17.6333,-0.0,180.0,14.382296023022889,0.0,0.0,76.70557878945543,-90.0,0.0,0.0,0.0,0.0,0.0,0.0
530,17.6667,-0.0,180.0,14.488887394336018,0.0,0.0,77.27406610312548,-90.0,0.0,0.0,0.0,0.0,0.0,0.0
531,17.7,-0.0,180.0,14.585548805965146,0.0,0.0,77.78959363181411,-90.0,0.0,0.0,0.0,0.0,0.0,0.0
532,17.7333,-0.0,180.0,14.6722140110071,0.0,0.0,78.25180805870447,-90.0,0.0,0.0,0.0,0.0,0.0,0.0
533,17.7667,-0.0,180.0,14.748823613459308,0.0,0.0,78.66039260511636,-90.0,0.0,0.0,0.0,0.0,0.0,0.0
534,17.8,-0.0,180.0,14.815325108927055,0.0,0.0,79.01506724761103,-90.0,0.0,0.0,0.0,0.0,0.0,0.0
535,17.8333,-0.0,180.0,14.871672920607153,0.0,0.0,79.31558890990482,-90.0,0.0,0.0,0.0,0.0,0.0,0.0
536,17.8667,-0.0,180.0,14.91782843052411,0.0,0.0,79.56175162946187,-90.0,0.0,0.0,0.0,0.0,0.0,0.0
537,17.9,-0.0,180.0,14.953760005996912,0.0,0.0,79.75338669865023,-90.0,0.0,0.0,0.0,0.0,0.0,0.0
538,17.9333,-0.0,180.0,14.979443021318616,0.0,0.0,79.8903627803659,-90.0,0.0,0.0,0.0,0.0,0.0,0.0
539,17.9667,-0.0,180.0,14.994859874633363,0.0,0.0,79.97258599804458,-90.0,0.0,0.0,0.0,0.0,0.0,0.0
540,18.0,-0.0,180.0,15.0,0.0,0.0,80.0,-90.0,0.0,0.0,0.0,0.0,0.0,0.0
541,18.0333,-0.0,180.0,14.994859874633363,0.0,0.0,79.97258599804458,-90.0,0.0,0.0,0.0,0.0,0.0,0.0
542,18.0667,-0.0,180.0,14.979443021318616,0.0,0.0,79.8903627803659,-90.0,0.0,0.0,0.0,0.0,0.0,0.0
543,18.1,-0.0,180.0,14.953760005996912,0.0,0.0,79.75338669865023,-90.0,0.0,0.0,0.0,0.0,0.0,0.0
544,18.1333,-0.0,180.0,14.91782843052411,0.0,0.0,79.56175162946187,-90.0,0.0,0.0,0.0,0.0,0.0,0.0
545,18.1667,-0.0,180.0,14.871672920607153,0.0,0.0,79.31558890990482,-90.0,0.0,0.0,0.0,0.0,0.0,0.0
546,18.2,-0.0,180.0,14.815325108927055,0.0,0.0,79.01506724761103,-90.0,0.0,0.0,0.0,0.0,0.0,0.0
547,18.2333,-0.0,180.0,14.748823613459308,0.0,0.0,78.66039260511636,-90.0,0.0,0.0,0.0,0.0,0.0,0.0
548,18.2667,-0.0,180.0,14.6722140110071,0.0,0.0,78.25180805870447,-90.0,0.0,0.0,0.0,0.0,0.0,0.0
549,18.3,-0.0,180.0,14.585548805965146,0.0,0.0,77.78959363181411,-90.0,0.0,0.0,0.0,0.0,0.0,0.0
550,18.3333,-0.0,180.0,14.488887394336018,0.0,0.0,77.27406610312548,-90.0,0.0,0.0,0.0,0.0,0.0,0.0
551,18.3667,-0.0,180.0,14.382296023022889,0.0,0.0,76.70557878945543,-90.0,0.0,0.0,0.0,0.0,0.0,0.0
552,18.4,-0.0,180.0,14.265847744427305,0.0,0.0,76.08452130361232,-90.0,0.0,0.0,0.0,0.0,0.0,0.0
553,18.4333,-0.0,180.0,14.139622366382667,0.0,0.0,75.41131928737427,-90.0,0.0,0.0,0.0,0.0,0.0,0.0
554,18.4667,-0.0,180.0,14.003706397458018,0.0,0.0,74.68643411977618,-90.0,0.0,0.0,0.0,0.0,0.0,0.0
555,18.5,-0.0,180.0,13.858192987669298,0.0,0.0,73.91036260090294,-90.0,0.0,0.0,0.0,0.0,0.0,0.0
556,18.5333,-0.0,180.0,13.70318186463902,0.0,0.0,73.08363661140804,-90.0,0.0,0.0,0.0,0.0,0.0,0.0
557,18.5667,-0.0,180.0,13.53877926524791,0.0,0.0,72.20682274798887,-90.0,0.0,0.0,0.0,0.0,0.0,0.0
558,18.6,-0.0,180.0,13.365097862825507,0.0,0.0,71.28052193506939,-90.0,0.0,0.0,0.0,0.0,0.0,0.0
559,18.6333,-0.0,180.0,13.182256689929488,0.0,0.0,70.30536901295724,-90.0,0.0,0.0,0.0,0.0,0.0,0.0
560,18.6667,-0.0,180.0,12.99038105676658,0.0,0.0,69.28203230275506,-90.0,0.0,0.0,0.0,0.0,0.0,0.0
561,18.7,-0.0,180.0,12.78960246531139,0.0,0.0,68.2112131483274,-90.0,0.0,0.0,0.0,0.0,0.0,0.0
562,18.7333,-0.0,180.0,12.580058519181364,0.0,0.0,67.0936454356339,-90.0,0.0,0.0,0.0,0.0,0.0,0.0
563,18.7667,-0.0,180.0,12.36189282933023,0.0,0.0,65.93009508976128,-90.0,0.0,0.0,0.0,0.0,0.0,0.0
564,18.8,-0.0,180.0,12.135254915624216,0.0,0.0,64.72135954999578,-90.0,0.0,0.0,0.0,0.0,0.0,0.0
565,18.8333,-0.0,180.0,11.90030010436854,0.0,0.0,63.46826722329886,-90.0,0.0,0.0,0.0,0.0,0.0,0.0
566,18.8667,-0.0,180.0,11.657189421854554,0.0,0.0,62.171676916557665,-90.0,0.0,0.0,0.0,0.0,0.0,0.0
567,18.9,-0.0,180.0,11.40608948400049,0.0,0.0,60.83247724800255,-90.0,0.0,0.0,0.0,0.0,0.0,0.0
568,18.9333,-0.0,180.0,11.147172382160903,0.0,0.0,59.451586038191536,-90.0,0.0,0.0,0.0,0.0,0.0,0.0
569,18.9667,-0.0,180.0,10.880615565184343,0.0,0.0,58.0299496809831,-90.0,0.0,0.0,0.0,0.0,0.0,0.0
570,19.0,-0.0,180.0,10.606601717798213,0.0,0.0,56.568542494923804,-90.0,0.0,0.0,0.0,0.0,0.0,0.0
571,19.0333,-0.0,180.0,10.32531863540629,0.0,0.0,55.06836605550024,-90.0,0.0,0.0,0.0,0.0,0.0,0.0
572,19.0667,-0.0,180.0,10.036959095382883,0.0,0.0,53.530448508708666,-90.0,0.0,0.0,0.0,0.0,0.0,0.0
573,19.1,-0.0,180.0,9.741720724952756,0.0,0.0,51.955843866414625,-90.0,0.0,0.0,0.0,0.0,0.0,0.0
574,19.1333,-0.0,180.0,9.439805865747559,0.0,0.0,50.34563128398702,-90.0,0.0,0.0,0.0,0.0,0.0,0.0
575,19.1667,-0.0,180.0,9.13142143513079,0.0,0.0,48.700914320697606,-90.0,0.0,0.0,0.0,0.0,0.0,0.0
576,19.2,-0.0,180.0,8.816778784387111,0.0,0.0,47.02282018339788,-90.0,0.0,0.0,0.0,0.0,0.0,0.0
577,19.2333,-0.0,180.0,8.496093553872498,0.0,0.0,45.31249895398659,-90.0,0.0,0.0,0.0,0.0,0.0,0.0
578,19.2667,-0.0,180.0,8.169585525225415,0.0,0.0,43.57112280120221,-90.0,0.0,0.0,0.0,0.0,0.0,0.0
579,19.3,-0.0,180.0,7.837478470739228,0.0,0.0,41.79988517727588,-90.0,0.0,0.0,0.0,0.0,0.0,0.0
580,19.3333,-0.0,180.0,7.5,0.0,0.0,40.000000000000064,-90.0,0.0,0.0,0.0,0.0,0.0,0.0
581,19.3667,-0.0,180.0,7.157381403894135,0.0,0.0,38.17270082076866,-90.0,0.0,0.0,0.0,0.0,0.0,0.0
582,19.4,-0.0,180.0,6.80985749609323,0.0,0.0,36.31923997916385,-90.0,0.0,0.0,0.0,0.0,0.0,0.0
583,19.4333,-0.0,180.0,6.457666452124414,0.0,0.0,34.440887744663605,-90.0,0.0,0.0,0.0,0.0,0.0,0.0
584,19.4667,-0.0,180.0,6.101049646137028,0.0,0.0,32.53893144606413,-90.0,0.0,0.0,0.0,0.0,0.0,0.0
585,19.5,-0.0,180.0,5.740251485476335,0.0,0.0,30.61467458920719,-90.0,0.0,0.0,0.0,0.0,0.0,0.0
586,19.5333,-0.0,180.0,5.375519243179497,0.0,0.0,28.66943596362392,-90.0,0.0,0.0,0.0,0.0,0.0,0.0
587,19.5667,-0.0,180.0,5.00710288850658,0.0,0.0,26.704548738701696,-90.0,0.0,0.0,0.0,0.0,0.0,0.0
588,19.6,-0.0,180.0,4.635254915624188,0.0,0.0,24.721359549995704,-90.0,0.0,0.0,0.0,0.0,0.0,0.0
589,19.6333,-0.0,180.0,4.260230170558856,0.0,0.0,22.721227576313844,-90.0,0.0,0.0,0.0,0.0,0.0,0.0
590,19.6667,-0.0,180.0,3.882285676537805,0.0,0.0,20.70552360820161,-90.0,0.0,0.0,0.0,0.0,0.0,0.0
591,19.7,-0.0,180.0,3.501680457838603,0.0,0.0,18.675629108472474,-90.0,0.0,0.0,0.0,0.0,0.0,0.0
592,19.7333,-0.0,180.0,3.118675362266373,0.0,0.0,16.63293526542071,-90.0,0.0,0.0,0.0,0.0,0.0,0.0
593,19.7667,-0.0,180.0,2.733532882382235,0.0,0.0,14.578842039371853,-90.0,0.0,0.0,0.0,0.0,0.0,0.0
594,19.8,-0.0,180.0,2.346516975603464,0.0,0.0,12.514757203218442,-90.0,0.0,0.0,0.0,0.0,0.0,0.0
595,19.8333,-0.0,180.0,1.9578928833007865,0.0,0.0,10.442095377604195,-90.0,0.0,0.0,0.0,0.0,0.0,0.0
596,19.8667,-0.0,180.0,1.5679269490148044,0.0,0.0,8.362277061412263,-90.0,0.0,0.0,0.0,0.0,0.0,0.0
597,19.9,-0.0,180.0,1.1768864359177087,0.0,0.0,6.276727658227711,-90.0,0.0,0.0,0.0,0.0,0.0,0.0
598,19.9333,-0.0,180.0,0.7850393436441436,0.0,0.0,4.186876499435504,-90.0,0.0,0.0,0.0,0.0,0.0,0.0
599,19.9667,-0.0,180.0,0.39265422461812705,0.0,0.0,2.0941558646299803,-90.0,0.0,0.0,0.0,0.0,0.0,0.0
600,20.0,-0.0,180.0,-0.0,0.0,0.0,9.797174393178826e-15,-90.0,0.0,0.0,0.0,0.0,0.0,0.0
601,20.0333,-0.0,180.0,-0.39265422461812705,0.0,0.0,-2.0941558646299607,-90.0,0.0,0.0,0.0,0.0,0.0,0.0
602,20.0667,-0.0,180.0,-0.7850393436441436,0.0,0.0,-4.186876499435485,-90.0,0.0,0.0,0.0,0.0,0.0,0.0
603,20.1,-0.0,180.0,-1.1768864359176803,0.0,0.0,-6.276727658227692,-90.0,0.0,0.0,0.0,0.0,0.0,0.0
604,20.1333,-0.0,180.0,-1.5679269490148044,0.0,0.0,-8.362277061412245,-90.0,0.0,0.0,0.0,0.0,0.0,0.0
605,20.1667,-0.0,180.0,-1.9578928833007865,0.0,0.0,-10.442095377604177,-90.0,0.0,0.0,0.0,0.0,0.0,0.0
606,20.2,-0.0,180.0,-2.346516975603464,0.0,0.0,-12.514757203218425,-90.0,0.0,0.0,0.0,0.0,0.0,0.0
607,20.2333,-0.0,180.0,-2.7335328823822067,0.0,0.0,-14.578842039371834,-90.0,0.0,0.0,0.0,0.0,0.0,0.0
608,20.2667,-0.0,180.0,-3.118675362266373,0.0,0.0,-16.63293526542069,-90.0,0.0,0.0,0.0,0.0,0.0,0.0
609,20.3,-0.0,180.0,-3.5016804578385745,0.0,0.0,-18.675629108472457,-90.0,0.0,0.0,0.0,0.0,0.0,0.0
610,20.3333,-0.0,180.0,-3.882285676537805,0.0,0.0,-20.70552360820159,-90.0,0.0,0.0,0.0,0.0,0.0,0.0
611,20.3667,-0.0,180.0,-4.2602301705588275,0.0,0.0,-22.721227576313822,-90.0,0.0,0.0,0.0,0.0,0.0,0.0
612,20.4,-0.0,180.0,-4.635254915624188,0.0,0.0,-24.721359549995682,-90.0,0.0,0.0,0.0,0.0,0.0,0.0
613,20.4333,-0.0,180.0,-5.007102888506552,0.0,0.0,-26.704548738701675,-90.0,0.0,0.0,0.0,0.0,0.0,0.0
614,20.4667,-0.0,180.0,-5.375519243179468,0.0,0.0,-28.6694359636239,-90.0,0.0,0.0,0.0,0.0,0.0,0.0
615,20.5,-0.0,180.0,-5.740251485476335,0.0,0.0,-30.614674589207173,-90.0,0.0,0.0,0.0,0.0,0.0,0.0
616,20.5333,-0.0,180.0,-6.101049646137028,0.0,0.0,-32.53893144606411,-90.0,0.0,0.0,0.0,0.0,0.0,0.0
617,20.5667,-0.0,180.0,-6.457666452124414,0.0,0.0,-34.44088774466359,-90.0,0.0,0.0,0.0,0.0,0.0,0.0
618,20.6,-0.0,180.0,-6.80985749609323,0.0,0.0,-36.319239979163825,-90.0,0.0,0.0,0.0,0.0,0.0,0.0
619,20.6333,-0.0,180.0,-7.157381403894107,0.0,0.0,-38.17270082076864,-90.0,0.0,0.0,0.0,0.0,0.0,0.0
620,20.6667,-0.0,180.0,-7.5,0.0,0.0,-40.00000000000004,-90.0,0.0,0.0,0.0,0.0,0.0,0.0
621,20.7,-0.0,180.0,-7.837478470739228,0.0,0.0,-41.79988517727587,-90.0,0.0,0.0,0.0,0.0,0.0,0.0
622,20.7333,-0.0,180.0,-8.169585525225415,0.0,0.0,-43.57112280120219,-90.0,0.0,0.0,0.0,0.0,0.0,0.0
623,20.7667,-0.0,180.0,-8.49609355387247,0.0,0.0,-45.312498953986584,-90.0,0.0,0.0,0.0,0.0,0.0,0.0
624,20.8,-0.0,180.0,-8.816778784387111,0.0,0.0,-47.02282018339787,-90.0,0.0,0.0,0.0,0.0,0.0,0.0
625,20.8333,-0.0,180.0,-9.13142143513079,0.0,0.0,-48.7009143206976,-90.0,0.0,0.0,0.0,0.0,0.0,0.0
626,20.8667,-0.0,180.0,-9.439805865747559,0.0,0.0,-50.34563128398701,-90.0,0.0,0.0,0.0,0.0,0.0,0.0
627,20.9,-0.0,180.0,-9.741720724952728,0.0,0.0,-51.955843866414604,-90.0,0.0,0.0,0.0,0.0,0.0,0.0
628,20.9333,-0.0,180.0,-10.036959095382883,0.0,0.0,-53.53044850870866,-90.0,0.0,0.0,0.0,0.0,0.0,0.0
629,20.9667,-0.0,180.0,-10.32531863540629,0.0,0.0,-55.06836605550022,-90.0,0.0,0.0,0.0,0.0,0.0,0.0
630,21.0,-0.0,180.0,-10.606601717798213,0.0,0.0,-56.5685424949238,-90.0,0.0,0.0,0.0,0.0,0.0,0.0
631,21.0333,-0.0,180.0,-10.880615565184314,0.0,0.0,-58.02994968098308,-90.0,0.0,0.0,0.0,0.0,0.0,0.0
632,21.0667,-0.0,180.0,-11.147172382160903,0.0,0.0,-59.45158603819152,-90.0,0.0,0.0,0.0,0.0,0.0,0.0
633,21.1,-0.0,180.0,-11.40608948400046,0.0,0.0,-60.83247724800253,-90.0,0.0,0.0,0.0,0.0,0.0,0.0
634,21.1333,-0.0,180.0,-11.657189421854554,0.0,0.0,-62.171676916557644,-90.0,0.0,0.0,0.0,0.0,0.0,0.0
635,21.1667,-0.0,180.0,-11.90030010436854,0.0,0.0,-63.46826722329884,-90.0,0.0,0.0,0.0,0.0,0.0,0.0
636,21.2,-0.0,180.0,-12.135254915624216,0.0,0.0,-64.72135954999574,-90.0,0.0,0.0,0.0,0.0,0.0,0.0
637,21.2333,-0.0,180.0,-12.36189282933023,0.0,0.0,-65.9300950897613,-90.0,0.0,0.0,0.0,0.0,0.0,0.0
638,21.2667,-0.0,180.0,-12.580058519181364,0.0,0.0,-67.09364543563389,-90.0,0.0,0.0,0.0,0.0,0.0,0.0
639,21.3,-0.0,180.0,-12.78960246531139,0.0,0.0,-68.21121314832739,-90.0,0.0,0.0,0.0,0.0,0.0,0.0
640,21.3333,-0.0,180.0,-12.99038105676658,0.0,0.0,-69.28203230275503,-90.0,0.0,0.0,0.0,0.0,0.0,0.0
641,21.3667,-0.0,180.0,-13.182256689929488,0.0,0.0,-70.30536901295724,-90.0,0.0,0.0,0.0,0.0,0.0,0.0
642,21.4,-0.0,180.0,-13.365097862825507,0.0,0.0,-71.28052193506939,-90.0,0.0,0.0,0.0,0.0,0.0,0.0
643,21.4333,-0.0,180.0,-13.53877926524791,0.0,0.0,-72.20682274798885,-90.0,0.0,0.0,0.0,0.0,0.0,0.0
644,21.4667,-0.0,180.0,-13.703181864638992,0.0,0.0,-73.08363661140801,-90.0,0.0,0.0,0.0,0.0,0.0,0.0
645,21.5,-0.0,180.0,-13.858192987669298,0.0,0.0,-73.91036260090291,-90.0,0.0,0.0,0.0,0.0,0.0,0.0
646,21.5333,-0.0,180.0,-14.003706397458018,0.0,0.0,-74.68643411977618,-90.0,0.0,0.0,0.0,0.0,0.0,0.0
647,21.5667,-0.0,180.0,-14.139622366382667,0.0,0.0,-75.41131928737427,-90.0,0.0,0.0,0.0,0.0,0.0,0.0
648,21.6,-0.0,180.0,-14.265847744427305,0.0,0.0,-76.0845213036123,-90.0,0.0,0.0,0.0,0.0,0.0,0.0
649,21.6333,-0.0,180.0,-14.382296023022889,0.0,0.0,-76.70557878945543,-90.0,0.0,0.0,0.0,0.0,0.0,0.0
650,21.6667,-0.0,180.0,-14.488887394336018,0.0,0.0,-77.27406610312548,-90.0,0.0,0.0,0.0,0.0,0.0,0.0
651,21.7,-0.0,180.0,-14.585548805965146,0.0,0.0,-77.78959363181411,-90.0,0.0,0.0,0.0,0.0,0.0,0.0
652,21.7333,-0.0,180.0,-14.6722140110071,0.0,0.0,-78.25180805870446,-90.0,0.0,0.0,0.0,0.0,0.0,0.0
653,21.7667,-0.0,180.0,-14.748823613459308,0.0,0.0,-78.66039260511636,-90.0,0.0,0.0,0.0,0.0,0.0,0.0
654,21.8,-0.0,180.0,-14.815325108927055,0.0,0.0,-79.01506724761103,-90.0,0.0,0.0,0.0,0.0,0.0,0.0
655,21.8333,-0.0,180.0,-14.871672920607153,0.0,0.0,-79.31558890990482,-90.0,0.0,0.0,0.0,0.0,0.0,0.0
656,21.8667,-0.0,180.0,-14.91782843052411,0.0,0.0,-79.56175162946187,-90.0,0.0,0.0,0.0,0.0,0.0,0.0
657,21.9,-0.0,180.0,-14.953760005996912,0.0,0.0,-79.75338669865023,-90.0,0.0,0.0,0.0,0.0,0.0,0.0
658,21.9333,-0.0,180.0,-14.979443021318616,0.0,0.0,-79.89036278036592,-90.0,0.0,0.0,0.0,0.0,0.0,0.0
659,21.9667,-0.0,180.0,-14.994859874633363,0.0,0.0,-79.97258599804458,-90.0,0.0,0.0,0.0,0.0,0.0,0.0
660,22.0,-0.0,180.0,-15.0,0.0,0.0,-80.0,-90.0,0.0,0.0,0.0,0.0,0.0,0.0
661,22.0333,-0.0,180.0,-14.994859874633363,0.0,0.0,-79.97258599804458,-90.0,0.0,0.0,0.0,0.0,0.0,0.0
662,22.0667,-0.0,180.0,-14.979443021318616,0.0,0.0,-79.89036278036592,-90.0,0.0,0.0,0.0,0.0,0.0,0.0
663,22.1,-0.0,180.0,-14.953760005996912,0.0,0.0,-79.75338669865023,-90.0,0.0,0.0,0.0,0.0,0.0,0.0
664,22.1333,-0.0,180.0,-14.91782843052411,0.0,0.0,-79.56175162946187,-90.0,0.0,0.0,0.0,0.0,0.0,0.0
665,22.1667,-0.0,180.0,-14.871672920607153,0.0,0.0,-79.31558890990483,-90.0,0.0,0.0,0.0,0.0,0.0,0.0
666,22.2,-0.0,180.0,-14.815325108927055,0.0,0.0,-79.01506724761103,-90.0,0.0,0.0,0.0,0.0,0.0,0.0
667,22.2333,-0.0,180.0,-14.748823613459308,0.0,0.0,-78.66039260511636,-90.0,0.0,0.0,0.0,0.0,0.0,0.0
668,22.2667,-0.0,180.0,-14.6722140110071,0.0,0.0,-78.25180805870447,-90.0,0.0,0.0,0.0,0.0,0.0,0.0
669,22.3,-0.0,180.0,-14.585548805965146,0.0,0.0,-77.78959363181413,-90.0,0.0,0.0,0.0,0.0,0.0,0.0
670,22.3333,-0.0,180.0,-14.488887394336018,0.0,0.0,-77.27406610312549,-90.0,0.0,0.0,0.0,0.0,0.0,0.0
671,22.3667,-0.0,180.0,-14.382296023022889,0.0,0.0,-76.70557878945543,-90.0,0.0,0.0,0.0,0.0,0.0,0.0
672,22.4,-0.0,180.0,-14.265847744427305,0.0,0.0,-76.0845213036123,-90.0,0.0,0.0,0.0,0.0,0.0,0.0
673,22.4333,-0.0,180.0,-14.139622366382667,0.0,0.0,-75.41131928737427,-90.0,0.0,0.0,0.0,0.0,0.0,0.0
674,22.4667,-0.0,180.0,-14.003706397458046,0.0,0.0,-74.68643411977618,-90.0,0.0,0.0,0.0,0.0,0.0,0.0
675,22.5,-0.0,180.0,-13.858192987669298,0.0,0.0,-73.91036260090293,-90.0,0.0,0.0,0.0,0.0,0.0,0.0
676,22.5333,-0.0,180.0,-13.70318186463902,0.0,0.0,-73.08363661140804,-90.0,0.0,0.0,0.0,0.0,0.0,0.0
677,22.5667,-0.0,180.0,-13.53877926524791,0.0,0.0,-72.20682274798887,-90.0,0.0,0.0,0.0,0.0,0.0,0.0
678,22.6,-0.0,180.0,-13.365097862825507,0.0,0.0,-71.2805219350694,-90.0,0.0,0.0,0.0,0.0,0.0,0.0
679,22.6333,-0.0,180.0,-13.182256689929488,0.0,0.0,-70.30536901295727,-90.0,0.0,0.0,0.0,0.0,0.0,0.0
680,22.6667,-0.0,180.0,-12.99038105676658,0.0,0.0,-69.28203230275506,-90.0,0.0,0.0,0.0,0.0,0.0,0.0
681,22.7,-0.0,180.0,-12.78960246531139,0.0,0.0,-68.2112131483274,-90.0,0.0,0.0,0.0,0.0,0.0,0.0
682,22.7333,-0.0,180.0,-12.580058519181364,0.0,0.0,-67.0936454356339,-90.0,0.0,0.0,0.0,0.0,0.0,0.0
683,22.7667,-0.0,180.0,-12.361892829330259,0.0,0.0,-65.93009508976131,-90.0,0.0,0.0,0.0,0.0,0.0,0.0
684,22.8,-0.0,180.0,-12.135254915624216,0.0,0.0,-64.72135954999575,-90.0,0.0,0.0,0.0,0.0,0.0,0.0
685,22.8333,-0.0,180.0,-11.90030010436854,0.0,0.0,-63.46826722329886,-90.0,0.0,0.0,0.0,0.0,0.0,0.0
686,22.8667,-0.0,180.0,-11.657189421854554,0.0,0.0,-62.171676916557665,-90.0,0.0,0.0,0.0,0.0,0.0,0.0
687,22.9,-0.0,180.0,-11.40608948400049,0.0,0.0,-60.832477248002554,-90.0,0.0,0.0,0.0,0.0,0.0,0.0
688,22.9333,-0.0,180.0,-11.147172382160903,0.0,0.0,-59.45158603819152,-90.0,0.0,0.0,0.0,0.0,0.0,0.0
689,22.9667,-0.0,180.0,-10.880615565184314,0.0,0.0,-58.02994968098308,-90.0,0.0,0.0,0.0,0.0,0.0,0.0
690,23.0,-0.0,180.0,-10.606601717798213,0.0,0.0,-56.56854249492382,-90.0,0.0,0.0,0.0,0.0,0.0,0.0
691,23.0333,-0.0,180.0,-10.32531863540629,0.0,0.0,-55.06836605550027,-90.0,0.0,0.0,0.0,0.0,0.0,0.0
692,23.0667,-0.0,180.0,-10.036959095382883,0.0,0.0,-53.5304485087087,-90.0,0.0,0.0,0.0,0.0,0.0,0.0
693,23.1,-0.0,180.0,-9.741720724952756,0.0,0.0,-51.955843866414625,-90.0,0.0,0.0,0.0,0.0,0.0,0.0
694,23.1333,-0.0,180.0,-9.439805865747559,0.0,0.0,-50.345631283987025,-90.0,0.0,0.0,0.0,0.0,0.0,0.0
695,23.1667,-0.0,180.0,-9.13142143513079,0.0,0.0,-48.70091432069762,-90.0,0.0,0.0,0.0,0.0,0.0,0.0
696,23.2,-0.0,180.0,-8.816778784387111,0.0,0.0,-47.022820183397926,-90.0,0.0,0.0,0.0,0.0,0.0,0.0
697,23.2333,-0.0,180.0,-8.49609355387247,0.0,0.0,-45.31249895398658,-90.0,0.0,0.0,0.0,0.0,0.0,0.0
698,23.2667,-0.0,180.0,-8.169585525225415,0.0,0.0,-43.57112280120222,-90.0,0.0,0.0,0.0,0.0,0.0,0.0
699,23.3,-0.0,180.0,-7.837478470739228,0.0,0.0,-41.7998851772759,-90.0,0.0,0.0,0.0,0.0,0.0,0.0
700,23.3333,-0.0,180.0,-7.500000000000028,0.0,0.0,-40.0000000000001,-90.0,0.0,0.0,0.0,0.0,0.0,0.0
701,23.3667,-0.0,180.0,-7.157381403894107,0.0,0.0,-38.17270082076864,-90.0,0.0,0.0,0.0,0.0,0.0,0.0
702,23.4,-0.0,180.0,-6.80985749609323,0.0,0.0,-36.319239979163825,-90.0,0.0,0.0,0.0,0.0,0.0,0.0
703,23.4333,-0.0,180.0,-6.4576664521244425,0.0,0.0,-34.44088774466361,-90.0,0.0,0.0,0.0,0.0,0.0,0.0
704,23.4667,-0.0,180.0,-6.101049646137028,0.0,0.0,-32.53893144606414,-90.0,0.0,0.0,0.0,0.0,0.0,0.0
705,23.5,-0.0,180.0,-5.740251485476364,0.0,0.0,-30.614674589207233,-90.0,0.0,0.0,0.0,0.0,0.0,0.0
706,23.5333,-0.0,180.0,-5.375519243179497,0.0,0.0,-28.66943596362393,-90.0,0.0,0.0,0.0,0.0,0.0,0.0
707,23.5667,-0.0,180.0,-5.00710288850658,0.0,0.0,-26.704548738701703,-90.0,0.0,0.0,0.0,0.0,0.0,0.0
708,23.6,-0.0,180.0,-4.635254915624216,0.0,0.0,-24.721359549995743,-90.0,0.0,0.0,0.0,0.0,0.0,0.0
709,23.6333,-0.0,180.0,-4.260230170558856,0.0,0.0,-22.721227576313883,-90.0,0.0,0.0,0.0,0.0,0.0,0.0
710,23.6667,-0.0,180.0,-3.882285676537805,0.0,0.0,-20.705523608201588,-90.0,0.0,0.0,0.0,0.0,0.0,0.0
711,23.7,-0.0,180.0,-3.501680457838603,0.0,0.0,-18.675629108472485,-90.0,0.0,0.0,0.0,0.0,0.0,0.0
712,23.7333,-0.0,180.0,-3.118675362266373,0.0,0.0,-16.63293526542072,-90.0,0.0,0.0,0.0,0.0,0.0,0.0
713,23.7667,-0.0,180.0,-2.733532882382235,0.0,0.0,-14.578842039371898,-90.0,0.0,0.0,0.0,0.0,0.0,0.0
714,23.8,-0.0,180.0,-2.346516975603464,0.0,0.0,-12.51475720321842,-90.0,0.0,0.0,0.0,0.0,0.0,0.0
715,23.8333,-0.0,180.0,-1.9578928833007865,0.0,0.0,-10.442095377604206,-90.0,0.0,0.0,0.0,0.0,0.0,0.0
716,23.8667,-0.0,180.0,-1.5679269490148044,0.0,0.0,-8.362277061412273,-90.0,0.0,0.0,0.0,0.0,0.0,0.0
717,23.9,-0.0,180.0,-1.1768864359177087,0.0,0.0,-6.2767276582277205,-90.0,0.0,0.0,0.0,0.0,0.0,0.0
718,23.9333,-0.0,180.0,-0.7850393436441436,0.0,0.0,-4.186876499435479,-90.0,0.0,0.0,0.0,0.0,0.0,0.0
719,23.9667,-0.0,180.0,-0.39265422461812705,0.0,0.0,-2.0941558646299545,-90.0,0.0,0.0,0.0,0.0,0.0,0.0
720,24.0,-0.0,180.0,8.0,0.0,0.0,45.0,-90.0,0.0,0.0,0.0,0.0,0.0,0.0
721,24.0333,0.5580517899530264,-179.58120603956996,7.99512661615276,1.395979868100108,2.0926942123238628,44.972587215859306,-90.0,0.0,0.0,0.0,0.0,0.0,0.0
722,24.0667,1.113384807680518,-179.1629223150705,7.9805124020786025,2.7902589497650023,4.1751930288019485,44.890382261692096,-90.0,0.0,0.0,0.0,0.0,0.0,0.0
723,24.1,1.6632935265421054,-178.74565844078813,7.956175162946181,4.181138530706198,6.237350724532867,44.7534852915723,-90.0,0.0,0.0,0.0,0.0,0.0,0.0
724,24.1333,2.205098846535975,-178.32992278847922,7.922144549932568,5.566924038402598,8.269120674509946,44.56206309337067,-90.0,0.0,0.0,0.0,0.0,0.0,0.0
725,24.1667,2.7361611466053546,-177.9162218679968,7.878462024097672,6.945927106677264,10.260604299770131,44.31634888554935,-90.0,0.0,0.0,0.0,0.0,0.0,0.0
726,24.2,3.253893144606394,-177.50505971018686,7.8251808058704455,8.316467632710346,12.202099292273966,44.01664203302126,-90.0,0.0,0.0,0.0,0.0,0.0,0.0
727,24.2333,3.7557725022871296,-177.09693725280397,7.762365810207967,9.676875823986746,14.084146883576775,43.663307682419834,-90.0,0.0,0.0,0.0,0.0,0.0,0.0
728,24.2667,4.23935411386563,-176.69235173019604,7.690093567506551,11.025494232679929,15.897577926996098,43.25677631722436,-90.0,0.0,0.0,0.0,0.0,0.0,0.0
729,24.3,4.702282018339787,-176.29179606750063,7.608452130361229,12.360679774997925,17.63355756877423,42.7975432332819,-90.0,0.0,0.0,0.0,0.0,0.0,0.0
730,24.3333,5.142300877492289,-175.89575828009197,7.517540966287271,13.680805733026702,19.283628290596123,42.286167935365896,-90.0,0.0,0.0,0.0,0.0,0.0,0.0
731,24.3667,5.557266963671992,-175.50472087900903,7.4174708365343065,14.984263736636498,20.83975111376994,41.72327345550542,-90.0,0.0,0.0,0.0,0.0,0.0,0.0
732,24.4,5.945158603819152,-175.11916028309042,7.308363661140817,16.269465723031956,22.294344764321767,41.10954559391707,-90.0,0.0,0.0,0.0,0.0,0.0,0.0
733,24.4333,6.3040860288537885,-174.73954623853103,7.190352370393327,17.534845871563107,23.640322608201668,40.44573208346251,-90.0,0.0,0.0,0.0,0.0,0.0,0.0
734,24.4667,6.632300580440329,-174.36634124656933,7.063580742871409,18.77886251143557,24.871127176651193,39.73264167865175,-90.0,0.0,0.0,0.0,0.0,0.0,0.0
735,24.5,6.9282032302755,-174.0,6.9282032302755,19.999999999999996,25.980762113533157,38.97114317029974,-90.0,0.0,0.0,0.0,0.0,0.0,0.0
736,24.5333,7.190352370393356,-173.64096882920148,6.784384769251403,21.196770569328258,26.963821388975056,38.16216432703913,-90.0,0.0,0.0,0.0,0.0,0.0,0.0
737,24.5667,7.4174708365343065,-173.28968515835106,6.632300580440329,22.367716138829863,27.815515637003617,37.306690764976885,-90.0,0.0,0.0,0.0,0.0,0.0,0.0
738,24.6,7.608452130361229,-172.94657697249033,6.4721359549995725,23.51141009169897,28.531695488854634,36.40576474687259,-90.0,0.0,0.0,0.0,0.0,0.0,0.0
739,24.6333,7.762365810207967,-172.61206229609212,6.3040860288537885,24.626459013026313,29.108871788279888,35.4604839123025,-90.0,0.0,0.0,0.0,0.0,0.0,0.0
740,24.6667,7.878462024097672,-172.2865486837615,6.12835554495183,25.711504387461616,29.544232590366253,34.471999940353975,-90.0,0.0,0.0,0.0,0.0,0.0,0.0
741,24.7,7.956175162946181,-171.9704327236937,5.945158603819152,26.765224254354308,29.835656861048196,33.44151714648277,-90.0,0.0,0.0,0.0,0.0,0.0,0.0
742,24.7333,7.99512661615276,-171.66409955449205,5.754718402709216,27.78633481835992,29.981724810572874,32.370291015239275,-90.0,0.0,0.0,0.0,0.0,0.0,0.0
743,24.7667,7.99512661615276,-171.3679223959362,5.557266963671992,28.773592013546015,29.981724810572874,31.25962667065491,-90.0,0.0,0.0,0.0,0.0,0.0,0.0
744,24.8,7.956175162946181,-171.0822620942713,5.353044850870873,29.72579301909579,29.835656861048196,30.110877286148597,-90.0,0.0,0.0,0.0,0.0,0.0,0.0
745,24.8333,7.878462024097672,-170.80746668257228,5.142300877492318,30.641777724759084,29.544232590366256,28.925442435894315,-90.0,0.0,0.0,0.0,0.0,0.0,0.0
746,24.8667,7.762365810207967,-170.54387095671933,4.9252918026052726,31.52043014426889,29.108871788279888,27.70476638965461,-90.0,0.0,0.0,0.0,0.0,0.0,0.0
747,24.9,7.608452130361229,-170.29179606750063,4.702282018339787,32.36067977499786,28.531695488854638,26.450336353161347,-90.0,0.0,0.0,0.0,0.0,0.0,0.0
748,24.9333,7.4174708365343065,-170.0515491293395,4.473543227765987,33.16150290220167,27.81551563700362,25.1636806561836,-90.0,0.0,0.0,0.0,0.0,0.0,0.0
749,24.9667,7.190352370393356,-169.82342284612287,4.239354113865659,33.921923846257,26.963821388975056,23.84636689049429,-90.0,0.0,0.0,0.0,0.0,0.0,0.0
750,25.0,6.9282032302755,-169.60769515458674,4.0,34.64101615137754,25.98076211353316,22.500000000000004,-90.0,0.0,0.0,0.0,0.0,0.0,0.0
751,25.0333,6.632300580440329,-169.4046288856929,3.755772502287101,35.31790371435711,24.871127176651193,21.126220325365015,-90.0,0.0,0.0,0.0,0.0,0.0,0.0
752,25.0667,6.3040860288537885,-169.21447144441004,3.5069691743126157,35.95176185196668,23.640322608201668,19.72670160550849,-90.0,0.0,0.0,0.0,0.0,0.0,0.0
753,25.1,5.945158603819152,-169.03745450828876,3.253893144606394,36.541818305704055,22.294344764321774,18.303148938410953,-90.0,0.0,0.0,0.0,0.0,0.0,0.0
754,25.1333,5.557266963671992,-168.87379374519855,2.9968527473272957,37.08735418267149,20.839751113769942,16.857296703716067,-90.0,0.0,0.0,0.0,0.0,0.0,0.0
755,25.1667,5.142300877492289,-168.72368855056914,2.7361611466053546,37.58770483143635,19.283628290596123,15.39090644965504,-90.0,0.0,0.0,0.0,0.0,0.0,0.0
756,25.2,4.702282018339787,-168.58732180445816,2.4721359549995725,38.04226065180613,17.63355756877423,13.905764746872665,-90.0,0.0,0.0,0.0,0.0,0.0,0.0
757,25.2333,4.23935411386563,-168.46485964874017,2.205098846535975,38.45046783753276,15.897577926996103,12.403681011764926,-90.0,0.0,0.0,0.0,0.0,0.0,0.0
758,25.2667,3.7557725022871296,-168.35645128468803,1.9353751647973638,38.81182905103985,14.084146883576778,10.886485301985093,-90.0,0.0,0.0,0.0,0.0,0.0,0.0
759,25.3,3.253893144606394,-168.26222879119433,1.663293526542077,39.125904029352235,12.202099292273964,9.356026086799137,-90.0,0.0,0.0,0.0,0.0,0.0,0.0
760,25.3333,2.736161146605383,-168.18230696385353,1.3891854213354407,39.39231012048831,10.260604299770142,7.814167995011928,-90.0,0.0,0.0,0.0,0.0,0.0,0.0
761,25.3667,2.205098846535975,-168.11678317510115,1.113384807680518,39.61072274966281,8.269120674509951,6.262789543202926,-90.0,0.0,0.0,0.0,0.0,0.0,0.0
762,25.4,1.6632935265421054,-168.06573725558076,0.8362277061412442,39.780875814730926,6.23735072453287,4.703780847044475,-90.0,0.0,0.0,0.0,0.0,0.0,0.0
763,25.4333,1.113384807680518,-168.0292313968821,0.558051789952998,39.90256201039297,4.17519302880196,3.1390413184856354,-90.0,0.0,0.0,0.0,0.0,0.0,0.0
764,25.4667,0.5580517899530264,-168.00731007577087,0.279195973620034,39.97563308076383,2.0926942123238588,1.5704773516126185,-90.0,0.0,0.0,0.0,0.0,0.0,0.0
765,25.5,-0.0,-168.0,-0.0,40.0,3.67394039744206e-15,2.7554552980815448e-15,-90.0,0.0,0.0,0.0,0.0,0.0,0.0
766,25.5333,-0.5580517899530264,-168.00731007577087,-0.279195973620034,39.97563308076383,-2.092694212323851,-1.570477351612613,-90.0,0.0,0.0,0.0,0.0,0.0,0.0
767,25.5667,-1.113384807680518,-168.0292313968821,-0.558051789952998,39.90256201039297,-4.175193028801952,-3.13904131848563,-90.0,0.0,0.0,0.0,0.0,0.0,0.0
768,25.6,-1.6632935265421054,-168.06573725558076,-0.8362277061412442,39.780875814730926,-6.237350724532863,-4.703780847044469,-90.0,0.0,0.0,0.0,0.0,0.0,0.0
769,25.6333,-2.205098846535975,-168.11678317510115,-1.113384807680518,39.61072274966281,-8.269120674509946,-6.262789543202921,-90.0,0.0,0.0,0.0,0.0,0.0,0.0
770,25.6667,-2.736161146605383,-168.18230696385353,-1.3891854213354407,39.39231012048831,-10.260604299770135,-7.814167995011922,-90.0,0.0,0.0,0.0,0.0,0.0,0.0
771,25.7,-3.253893144606394,-168.26222879119433,-1.663293526542077,39.125904029352235,-12.202099292273958,-9.356026086799131,-90.0,0.0,0.0,0.0,0.0,0.0,0.0
772,25.7333,-3.7557725022871296,-168.35645128468803,-1.9353751647973354,38.81182905103985,-14.084146883576773,-10.88648530198509,-90.0,0.0,0.0,0.0,0.0,0.0,0.0
773,25.7667,-4.23935411386563,-168.46485964874017,-2.205098846535975,38.45046783753277,-15.897577926996087,-12.40368101176491,-90.0,0.0,0.0,0.0,0.0,0.0,0.0
774,25.8,-4.702282018339787,-168.58732180445816,-2.4721359549995725,38.04226065180613,-17.633557568774233,-13.905764746872668,-90.0,0.0,0.0,0.0,0.0,0.0,0.0
775,25.8333,-5.142300877492289,-168.72368855056908,-2.736161146605326,37.587704831436355,-19.283628290596116,-15.390906449655034,-90.0,0.0,0.0,0.0,0.0,0.0,0.0
776,25.8667,-5.557266963671992,-168.87379374519855,-2.9968527473272957,37.08735418267149,-20.83975111376993,-16.857296703716052,-90.0,0.0,0.0,0.0,0.0,0.0,0.0
777,25.9,-5.945158603819152,-169.03745450828876,-3.253893144606394,36.54181830570406,-22.294344764321767,-18.30314893841095,-90.0,0.0,0.0,0.0,0.0,0.0,0.0
778,25.9333,-6.3040860288537885,-169.21447144441004,-3.5069691743126157,35.95176185196668,-23.640322608201664,-19.726701605508488,-90.0,0.0,0.0,0.0,0.0,0.0,0.0
779,25.9667,-6.632300580440329,-169.4046288856929,-3.755772502287101,35.31790371435711,-24.871127176651196,-21.126220325365022,-90.0,0.0,0.0,0.0,0.0,0.0,0.0
780,26.0,-6.9282032302755,-169.60769515458674,-4.0,34.64101615137755,-25.980762113533153,-22.49999999999999,-90.0,0.0,0.0,0.0,0.0,0.0,0.0
781,26.0333,-7.190352370393356,-169.82342284612287,-4.239354113865659,33.92192384625701,-26.963821388975052,-23.846366890494284,-90.0,0.0,0.0,0.0,0.0,0.0,0.0
782,26.0667,-7.4174708365343065,-170.0515491293395,-4.473543227765987,33.16150290220167,-27.81551563700362,-25.1636806561836,-90.0,0.0,0.0,0.0,0.0,0.0,0.0
783,26.1,-7.608452130361229,-170.29179606750063,-4.702282018339787,32.36067977499787,-28.53169548885463,-26.450336353161337,-90.0,0.0,0.0,0.0,0.0,0.0,0.0
784,26.1333,-7.762365810207967,-170.54387095671933,-4.9252918026052726,31.52043014426889,-29.108871788279888,-27.704766389654605,-90.0,0.0,0.0,0.0,0.0,0.0,0.0
785,26.1667,-7.878462024097672,-170.80746668257228,-5.142300877492318,30.641777724759084,-29.544232590366256,-28.925442435894315,-90.0,0.0,0.0,0.0,0.0,0.0,0.0
786,26.2,-7.956175162946181,-171.0822620942713,-5.353044850870873,29.725793019095793,-29.835656861048196,-30.11087728614859,-90.0,0.0,0.0,0.0,0.0,0.0,0.0
787,26.2333,-7.99512661615276,-171.3679223959362,-5.557266963671992,28.773592013546015,-29.981724810572874,-31.25962667065491,-90.0,0.0,0.0,0.0,0.0,0.0,0.0
788,26.2667,-7.99512661615276,-171.66409955449205,-5.754718402709216,27.786334818359926,-29.981724810572874,-32.37029101523926,-90.0,0.0,0.0,0.0,0.0,0.0,0.0
789,26.3,-7.956175162946181,-171.9704327236937,-5.945158603819152,26.765224254354308,-29.835656861048196,-33.44151714648276,-90.0,0.0,0.0,0.0,0.0,0.0,0.0
790,26.3333,-7.878462024097672,-172.2865486837615,-6.12835554495183,25.71150438746162,-29.544232590366256,-34.47199994035397,-90.0,0.0,0.0,0.0,0.0,0.0,0.0
791,26.3667,-7.762365810207967,-172.61206229609206,-6.3040860288537885,24.626459013026324,-29.10887178827989,-35.46048391230249,-90.0,0.0,0.0,0.0,0.0,0.0,0.0
792,26.4,-7.608452130361229,-172.94657697249033,-6.4721359549995725,23.51141009169897,-28.531695488854634,-36.40576474687259,-90.0,0.0,0.0,0.0,0.0,0.0,0.0
793,26.4333,-7.4174708365343065,-173.28968515835106,-6.632300580440329,22.367716138829877,-27.81551563700362,-37.30669076497687,-90.0,0.0,0.0,0.0,0.0,0.0,0.0
794,26.4667,-7.190352370393356,-173.64096882920148,-6.784384769251403,21.196770569328258,-26.963821388975056,-38.16216432703913,-90.0,0.0,0.0,0.0,0.0,0.0,0.0
795,26.5,-6.9282032302755,-174.0,-6.9282032302755,19.999999999999996,-25.980762113533157,-38.97114317029974,-90.0,0.0,0.0,0.0,0.0,0.0,0.0
796,26.5333,-6.632300580440329,-174.36634124656933,-7.063580742871409,18.77886251143558,-24.871127176651203,-39.732641678651746,-90.0,0.0,0.0,0.0,0.0,0.0,0.0
797,26.5667,-6.3040860288537885,-174.73954623853103,-7.190352370393327,17.534845871563107,-23.64032260820167,-40.44573208346251,-90.0,0.0,0.0,0.0,0.0,0.0,0.0
798,26.6,-5.945158603819152,-175.11916028309042,-7.308363661140817,16.269465723031953,-22.294344764321767,-41.10954559391707,-90.0,0.0,0.0,0.0,0.0,0.0,0.0
799,26.6333,-5.557266963671992,-175.50472087900903,-7.4174708365343065,14.984263736636505,-20.839751113769946,-41.72327345550542,-90.0,0.0,0.0,0.0,0.0,0.0,0.0
800,26.6667,-5.142300877492318,-175.89575828009197,-7.517540966287271,13.680805733026721,-19.28362829059615,-42.28616793536589,-90.0,0.0,0.0,0.0,0.0,0.0,0.0
801,26.7,-4.702282018339787,-176.29179606750063,-7.608452130361229,12.360679774997918,-17.633557568774222,-42.79754323328191,-90.0,0.0,0.0,0.0,0.0,0.0,0.0
802,26.7333,-4.23935411386563,-176.69235173019604,-7.690093567506551,11.025494232679936,-15.897577926996107,-43.25677631722436,-90.0,0.0,0.0,0.0,0.0,0.0,0.0
803,26.7667,-3.7557725022871296,-177.09693725280397,-7.762365810207967,9.676875823986745,-14.084146883576771,-43.663307682419834,-90.0,0.0,0.0,0.0,0.0,0.0,0.0
804,26.8,-3.253893144606394,-177.50505971018686,-7.8251808058704455,8.316467632710355,-12.20209929227398,-44.016642033021256,-90.0,0.0,0.0,0.0,0.0,0.0,0.0
805,26.8333,-2.7361611466053546,-177.9162218679968,-7.878462024097672,6.945927106677264,-10.260604299770133,-44.31634888554935,-90.0,0.0,0.0,0.0,0.0,0.0,0.0
806,26.8667,-2.2050988465360035,-178.32992278847922,-7.922144549932568,5.566924038402613,-8.269120674509969,-44.56206309337067,-90.0,0.0,0.0,0.0,0.0,0.0,0.0
807,26.9,-1.6632935265421054,-178.74565844078813,-7.956175162946181,4.18113853070622,-6.2373507245329005,-44.7534852915723,-90.0,0.0,0.0,0.0,0.0,0.0,0.0
808,26.9333,-1.113384807680518,-179.1629223150705,-7.9805124020786025,2.790258949765003,-4.175193028801949,-44.890382261692096,-90.0,0.0,0.0,0.0,0.0,0.0,0.0
809,26.9667,-0.5580517899530264,-179.58120603956996,-7.99512661615276,1.3959798681001168,-2.0926942123238756,-44.972587215859306,-90.0,0.0,0.0,0.0,0.0,0.0,0.0
810,27.0,-0.0,180.0,-8.0,4.898587196589413e-15,-7.34788079488412e-15,-45.0,-90.0,0.0,0.0,0.0,0.0,0.0,0.0
811,27.0333,0.5580517899530264,179.58120603956996,-7.99512661615276,-1.3959798681001068,2.092694212323861,-44.972587215859306,-90.0,0.0,0.0,0.0,0.0,0.0,0.0
812,27.0667,1.113384807680518,179.1629223150705,-7.9805124020786025,-2.7902589497649934,4.175193028801935,-44.890382261692096,-90.0,0.0,0.0,0.0,0.0,0.0,0.0
813,27.1,1.6632935265421054,178.74565844078813,-7.956175162946181,-4.18113853070621,6.237350724532886,-44.7534852915723,-90.0,0.0,0.0,0.0,0.0,0.0,0.0
814,27.1333,2.205098846535975,178.32992278847922,-7.922144549932568,-5.566924038402603,8.269120674509953,-44.56206309337067,-90.0,0.0,0.0,0.0,0.0,0.0,0.0
815,27.1667,2.7361611466053546,177.91622186799682,-7.878462024097672,-6.945927106677253,10.260604299770119,-44.31634888554935,-90.0,0.0,0.0,0.0,0.0,0.0,0.0
816,27.2,3.253893144606394,177.50505971018688,-7.8251808058704455,-8.316467632710346,12.202099292273966,-44.01664203302126,-90.0,0.0,0.0,0.0,0.0,0.0,0.0
817,27.2333,3.7557725022871296,177.09693725280397,-7.762365810207967,-9.676875823986734,14.084146883576757,-43.663307682419834,-90.0,0.0,0.0,0.0,0.0,0.0,0.0
818,27.2667,4.23935411386563,176.692351730196,-7.690093567506551,-11.025494232679927,15.897577926996094,-43.25677631722436,-90.0,0.0,0.0,0.0,0.0,0.0,0.0
819,27.3,4.702282018339787,176.29179606750063,-7.608452130361229,-12.360679774997909,17.633557568774208,-42.79754323328191,-90.0,0.0,0.0,0.0,0.0,0.0,0.0
820,27.3333,5.142300877492289,175.895758280092,-7.517540966287271,-13.680805733026713,19.283628290596134,-42.286167935365896,-90.0,0.0,0.0,0.0,0.0,0.0,0.0
821,27.3667,5.557266963671992,175.50472087900906,-7.4174708365343065,-14.984263736636496,20.83975111376994,-41.72327345550542,-90.0,0.0,0.0,0.0,0.0,0.0,0.0
822,27.4,5.945158603819124,175.11916028309042,-7.308363661140817,-16.269465723031942,22.294344764321757,-41.109545593917076,-90.0,0.0,0.0,0.0,0.0,0.0,0.0
823,27.4333,6.3040860288537885,174.73954623853106,-7.190352370393327,-17.5348458715631,23.64032260820166,-40.44573208346251,-90.0,0.0,0.0,0.0,0.0,0.0,0.0
824,27.4667,6.632300580440301,174.36634124656933,-7.063580742871437,-18.778862511435555,24.87112717665118,-39.73264167865176,-90.0,0.0,0.0,0.0,0.0,0.0,0.0
825,27.5,6.9282032302755,174.0,-6.9282032302755,-19.99999999999999,25.980762113533153,-38.97114317029975,-90.0,0.0,0.0,0.0,0.0,0.0,0.0
826,27.5333,7.190352370393356,173.6409688292015,-6.784384769251403,-21.196770569328265,26.96382138897506,-38.16216432703912,-90.0,0.0,0.0,0.0,0.0,0.0,0.0
827,27.5667,7.4174708365343065,173.28968515835103,-6.632300580440329,-22.367716138829866,27.815515637003617,-37.306690764976885,-90.0,0.0,0.0,0.0,0.0,0.0,0.0
828,27.6,7.608452130361229,172.9465769724903,-6.4721359549995725,-23.511410091698977,28.531695488854638,-36.40576474687259,-90.0,0.0,0.0,0.0,0.0,0.0,0.0
829,27.6333,7.762365810207967,172.61206229609212,-6.3040860288537885,-24.626459013026313,29.108871788279888,-35.4604839123025,-90.0,0.0,0.0,0.0,0.0,0.0,0.0
830,27.6667,7.878462024097672,172.2865486837615,-6.12835554495183,-25.711504387461595,29.54423259036625,-34.47199994035399,-90.0,0.0,0.0,0.0,0.0,0.0,0.0
831,27.7,7.956175162946181,171.9704327236937,-5.945158603819152,-26.7652242543543,29.835656861048196,-33.44151714648277,-90.0,0.0,0.0,0.0,0.0,0.0,0.0
832,27.7333,7.99512661615276,171.66409955449203,-5.754718402709216,-27.786334818359904,29.981724810572874,-32.37029101523928,-90.0,0.0,0.0,0.0,0.0,0.0,0.0
833,27.7667,7.99512661615276,171.3679223959362,-5.557266963671992,-28.773592013546025,29.981724810572874,-31.259626670654903,-90.0,0.0,0.0,0.0,0.0,0.0,0.0
834,27.8,7.956175162946181,171.08226209427127,-5.353044850870873,-29.725793019095782,29.835656861048196,-30.1108772861486,-90.0,0.0,0.0,0.0,0.0,0.0,0.0
835,27.8333,7.878462024097672,170.80746668257228,-5.142300877492318,-30.641777724759095,29.544232590366253,-28.92544243589431,-90.0,0.0,0.0,0.0,0.0,0.0,0.0
836,27.8667,7.762365810207967,170.54387095671933,-4.9252918026052726,-31.520430144268886,29.10887178827989,-27.704766389654612,-90.0,0.0,0.0,0.0,0.0,0.0,0.0
837,27.9,7.608452130361229,170.29179606750066,-4.702282018339787,-32.360679774997855,28.53169548885464,-26.45033635316136,-90.0,0.0,0.0,0.0,0.0,0.0,0.0
838,27.9333,7.4174708365343065,170.0515491293395,-4.473543227765958,-33.161502902201676,27.815515637003617,-25.163680656183594,-90.0,0.0,0.0,0.0,0.0,0.0,0.0
839,27.9667,7.190352370393356,169.8234228461229,-4.239354113865659,-33.921923846257,26.963821388975056,-23.846366890494295,-90.0,0.0,0.0,0.0,0.0,0.0,0.0
840,28.0,6.9282032302755,169.60769515458674,-4.0,-34.641016151377535,25.980762113533174,-22.50000000000002,-90.0,0.0,0.0,0.0,0.0,0.0,0.0
841,28.0333,6.632300580440329,169.40462888569286,-3.755772502287101,-35.31790371435711,24.87112717665119,-21.126220325365015,-90.0,0.0,0.0,0.0,0.0,0.0,0.0
842,28.0667,6.3040860288537885,169.21447144441,-3.5069691743126157,-35.95176185196667,23.640322608201675,-19.7267016055085,-90.0,0.0,0.0,0.0,0.0,0.0,0.0
843,28.1,5.945158603819124,169.0374545082888,-3.253893144606394,-36.54181830570407,22.29434476432175,-18.30314893841093,-90.0,0.0,0.0,0.0,0.0,0.0,0.0
844,28.1333,5.557266963671992,168.87379374519855,-2.9968527473272957,-37.08735418267149,20.839751113769932,-16.857296703716052,-90.0,0.0,0.0,0.0,0.0,0.0,0.0
845,28.1667,5.142300877492289,168.7236885505691,-2.7361611466053546,-37.58770483143635,19.283628290596127,-15.390906449655047,-90.0,0.0,0.0,0.0,0.0,0.0,0.0
846,28.2,4.702282018339787,168.58732180445816,-2.472135954999601,-38.04226065180613,17.633557568774243,-13.90576474687268,-90.0,0.0,0.0,0.0,0.0,0.0,0.0
847,28.2333,4.23935411386563,168.46485964874017,-2.2050988465360035,-38.45046783753276,15.897577926996133,-12.40368101176495,-90.0,0.0,0.0,0.0,0.0,0.0,0.0
848,28.2667,3.7557725022871296,168.35645128468803,-1.9353751647973354,-38.81182905103985,14.084146883576775,-10.88648530198509,-90.0,0.0,0.0,0.0,0.0,0.0,0.0
849,28.3,3.253893144606394,168.26222879119433,-1.663293526542077,-39.12590402935223,12.202099292273983,-9.356026086799151,-90.0,0.0,0.0,0.0,0.0,0.0,0.0
850,28.3333,2.7361611466053546,168.1823069638535,-1.3891854213354407,-39.39231012048832,10.260604299770112,-7.814167995011903,-90.0,0.0,0.0,0.0,0.0,0.0,0.0
851,28.3667,2.205098846535975,168.11678317510115,-1.113384807680518,-39.61072274966281,8.269120674509946,-6.262789543202922,-90.0,0.0,0.0,0.0,0.0,0.0,0.0
852,28.4,1.6632935265421054,168.06573725558073,-0.8362277061412442,-39.780875814730926,6.237350724532877,-4.703780847044481,-90.0,0.0,0.0,0.0,0.0,0.0,0.0
853,28.4333,1.113384807680518,168.0292313968821,-0.558051789952998,-39.90256201039297,4.17519302880198,-3.139041318485651,-90.0,0.0,0.0,0.0,0.0,0.0,0.0
854,28.4667,0.5580517899530548,168.00731007577085,-0.279195973620034,-39.97563308076383,2.092694212323906,-1.5704773516126542,-90.0,0.0,0.0,0.0,0.0,0.0,0.0
855,28.5,-0.0,168.0,-0.0,-40.0,1.1021821192326178e-14,-8.266365894244634e-15,-90.0,0.0,0.0,0.0,0.0,0.0,0.0
856,28.5333,-0.5580517899530264,168.00731007577085,0.279195973620034,-39.97563308076383,-2.092694212323884,1.5704773516126376,-90.0,0.0,0.0,0.0,0.0,0.0,0.0
857,28.5667,-1.113384807680518,168.0292313968821,0.558051789952998,-39.90256201039297,-4.175193028801958,3.139041318485635,-90.0,0.0,0.0,0.0,0.0,0.0,0.0
858,28.6,-1.6632935265421054,168.06573725558073,0.8362277061412442,-39.780875814730926,-6.237350724532856,4.703780847044464,-90.0,0.0,0.0,0.0,0.0,0.0,0.0
859,28.6333,-2.205098846535975,168.11678317510115,1.113384807680518,-39.61072274966282,-8.269120674509924,6.262789543202906,-90.0,0.0,0.0,0.0,0.0,0.0,0.0
860,28.6667,-2.7361611466053546,168.1823069638535,1.3891854213354407,-39.39231012048832,-10.26060429977009,7.814167995011887,-90.0,0.0,0.0,0.0,0.0,0.0,0.0
861,28.7,-3.253893144606394,168.26222879119433,1.663293526542077,-39.125904029352235,-12.202099292273964,9.356026086799135,-90.0,0.0,0.0,0.0,0.0,0.0,0.0
862,28.7333,-3.7557725022871296,168.35645128468803,1.9353751647973354,-38.81182905103985,-14.084146883576754,10.886485301985074,-90.0,0.0,0.0,0.0,0.0,0.0,0.0
863,28.7667,-4.23935411386563,168.46485964874017,2.205098846535975,-38.45046783753276,-15.897577926996114,12.403681011764933,-90.0,0.0,0.0,0.0,0.0,0.0,0.0
864,28.8,-4.702282018339787,168.58732180445816,2.4721359549995725,-38.04226065180613,-17.63355756877423,13.905764746872663,-90.0,0.0,0.0,0.0,0.0,0.0,0.0
865,28.8333,-5.142300877492289,168.72368855056908,2.736161146605326,-37.587704831436355,-19.283628290596113,15.390906449655029,-90.0,0.0,0.0,0.0,0.0,0.0,0.0
866,28.8667,-5.557266963671964,168.87379374519855,2.9968527473272957,-37.0873541826715,-20.839751113769914,16.857296703716038,-90.0,0.0,0.0,0.0,0.0,0.0,0.0
867,28.9,-5.945158603819124,169.0374545082888,3.253893144606394,-36.541818305704076,-22.29434476432174,18.303148938410917,-90.0,0.0,0.0,0.0,0.0,0.0,0.0
868,28.9333,-6.3040860288537885,169.21447144440998,3.5069691743126157,-35.95176185196668,-23.640322608201657,19.726701605508485,-90.0,0.0,0.0,0.0,0.0,0.0,0.0
869,28.9667,-6.632300580440301,169.40462888569286,3.755772502287101,-35.31790371435712,-24.87112717665118,21.126220325364997,-90.0,0.0,0.0,0.0,0.0,0.0,0.0
870,29.0,-6.9282032302755,169.60769515458674,4.0,-34.64101615137754,-25.98076211353316,22.500000000000004,-90.0,0.0,0.0,0.0,0.0,0.0,0.0
871,29.0333,-7.190352370393356,169.8234228461229,4.239354113865659,-33.92192384625701,-26.96382138897505,23.84636689049428,-90.0,0.0,0.0,0.0,0.0,0.0,0.0
872,29.0667,-7.4174708365343065,170.0515491293395,4.473543227765958,-33.16150290220168,-27.815515637003607,25.16368065618358,-90.0,0.0,0.0,0.0,0.0,0.0,0.0
873,29.1,-7.608452130361229,170.29179606750066,4.702282018339787,-32.360679774997855,-28.531695488854638,26.450336353161347,-90.0,0.0,0.0,0.0,0.0,0.0,0.0
874,29.1333,-7.762365810207967,170.54387095671933,4.9252918026052726,-31.520430144268893,-29.108871788279885,27.704766389654605,-90.0,0.0,0.0,0.0,0.0,0.0,0.0
875,29.1667,-7.878462024097672,170.80746668257228,5.142300877492318,-30.641777724759102,-29.54423259036625,28.925442435894297,-90.0,0.0,0.0,0.0,0.0,0.0,0.0
876,29.2,-7.956175162946181,171.08226209427124,5.353044850870845,-29.725793019095804,-29.835656861048193,30.110877286148572,-90.0,0.0,0.0,0.0,0.0,0.0,0.0
877,29.2333,-7.99512661615276,171.3679223959362,5.557266963671992,-28.773592013546022,-29.981724810572874,31.259626670654907,-90.0,0.0,0.0,0.0,0.0,0.0,0.0
878,29.2667,-7.99512661615276,171.66409955449203,5.754718402709216,-27.78633481835993,-29.981724810572878,32.37029101523926,-90.0,0.0,0.0,0.0,0.0,0.0,0.0
879,29.3,-7.956175162946181,171.9704327236937,5.945158603819152,-26.765224254354326,-29.8356568610482,33.44151714648274,-90.0,0.0,0.0,0.0,0.0,0.0,0.0
880,29.3333,-7.878462024097672,172.2865486837615,6.128355544951802,-25.711504387461638,-29.544232590366263,34.47199994035395,-90.0,0.0,0.0,0.0,0.0,0.0,0.0
881,29.3667,-7.762365810207967,172.61206229609212,6.3040860288537885,-24.626459013026295,-29.108871788279878,35.460483912302514,-90.0,0.0,0.0,0.0,0.0,0.0,0.0
882,29.4,-7.608452130361229,172.9465769724903,6.4721359549995725,-23.511410091698963,-28.53169548885463,36.405764746872606,-90.0,0.0,0.0,0.0,0.0,0.0,0.0
883,29.4333,-7.4174708365343065,173.28968515835103,6.632300580440329,-22.367716138829863,-27.815515637003617,37.306690764976885,-90.0,0.0,0.0,0.0,0.0,0.0,0.0
884,29.4667,-7.190352370393356,173.6409688292015,6.784384769251403,-21.19677056932826,-26.96382138897506,38.16216432703912,-90.0,0.0,0.0,0.0,0.0,0.0,0.0
885,29.5,-6.9282032302755,174.0,6.9282032302755,-20.000000000000018,-25.980762113533174,38.971143170299726,-90.0,0.0,0.0,0.0,0.0,0.0,0.0
886,29.5333,-6.632300580440329,174.36634124656933,7.063580742871409,-18.77886251143557,-24.871127176651193,39.73264167865175,-90.0,0.0,0.0,0.0,0.0,0.0,0.0
887,29.5667,-6.3040860288537885,174.73954623853106,7.190352370393327,-17.53484587156311,-23.640322608201675,40.44573208346251,-90.0,0.0,0.0,0.0,0.0,0.0,0.0
888,29.6,-5.945158603819152,175.1191602830904,7.308363661140817,-16.269465723031974,-22.29434476432179,41.10954559391706,-90.0,0.0,0.0,0.0,0.0,0.0,0.0
889,29.6333,-5.557266963671992,175.50472087900903,7.4174708365343065,-14.984263736636528,-20.83975111376997,41.723273455505414,-90.0,0.0,0.0,0.0,0.0,0.0,0.0
890,29.6667,-5.142300877492289,175.895758280092,7.517540966287271,-13.68080573302671,-19.28362829059613,42.286167935365896,-90.0,0.0,0.0,0.0,0.0,0.0,0.0
891,29.7,-4.702282018339787,176.29179606750063,7.608452130361229,-12.36067977499794,-17.633557568774247,42.79754323328189,-90.0,0.0,0.0,0.0,0.0,0.0,0.0
892,29.7333,-4.23935411386563,176.692351730196,7.690093567506551,-11.025494232679957,-15.897577926996137,43.25677631722435,-90.0,0.0,0.0,0.0,0.0,0.0,0.0
893,29.7667,-3.755772502287158,177.09693725280397,7.762365810207967,-9.676875823986784,-14.084146883576825,43.66330768241982,-90.0,0.0,0.0,0.0,0.0,0.0,0.0
894,29.8,-3.253893144606394,177.5050597101869,7.8251808058704455,-8.316467632710324,-12.202099292273939,44.01664203302126,-90.0,0.0,0.0,0.0,0.0,0.0,0.0
895,29.8333,-2.7361611466053546,177.91622186799682,7.878462024097672,-6.945927106677251,-10.260604299770115,44.31634888554935,-90.0,0.0,0.0,0.0,0.0,0.0,0.0
896,29.8667,-2.205098846535975,178.32992278847922,7.922144549932568,-5.5669240384025995,-8.26912067450995,44.56206309337067,-90.0,0.0,0.0,0.0,0.0,0.0,0.0
897,29.9,-1.6632935265421054,178.74565844078813,7.956175162946181,-4.181138530706207,-6.237350724532881,44.7534852915723,-90.0,0.0,0.0,0.0,0.0,0.0,0.0
898,29.9333,-1.113384807680518,179.1629223150705,7.9805124020786025,-2.7902589497649903,-4.175193028801931,44.890382261692096,-90.0,0.0,0.0,0.0,0.0,0.0,0.0
899,29.9667,-0.5580517899530264,179.58120603956996,7.99512661615276,-1.3959798681001037,-2.0926942123238566,44.972587215859306,-90.0,0.0,0.0,0.0,0.0,0.0,0.0
