frame,time_s,euler_x,euler_y,euler_z
0,0.0,-0.0,180.0,-0.0
1,0.0333,-0.0,-179.2146915507638,-0.0
2,0.0667,-0.0,-178.4299213127117,-0.0
3,0.1,-0.0,-177.64622712816464,-0.0
4,0.1333,-0.0,-176.8641461019704,-0.0
5,0.1667,-0.0,-176.08421423339848,-0.0
6,0.2,-0.0,-175.30696604879307,-0.0
7,0.2333,-0.0,-174.5329342352356,-0.0
8,0.2667,-0.0,-173.7626492754672,-0.0
9,0.3,-0.0,-172.99663908432285,-0.0
10,0.3333,-0.0,-172.2354286469244,-0.0
11,0.3667,-0.0,-171.47953965888235,-0.0
12,0.4,-0.0,-170.72949016875157,-0.0
13,0.4333,-0.0,-169.9857942229869,-0.0
14,0.4667,-0.0,-169.248961513641,-0.0
15,0.5,-0.0,-168.51949702904733,-0.0
16,0.5333,-0.0,-167.797900707726,-0.0
17,0.5667,-0.0,-167.08466709575112,-0.0
18,0.6,-0.0,-166.3802850078136,-0.0
19,0.6333,-0.0,-165.68523719221173,-0.0
20,0.6667,-0.0,-165.0,-0.0
21,0.7,-0.0,-164.32504305852154,-0.0
22,0.7333,-0.0,-163.66082894954923,-0.0
23,0.7667,-0.0,-163.007812892255,-0.0
24,0.8,-0.0,-162.36644243122578,-0.0
25,0.8333,-0.0,-161.73715712973842,-0.0
26,0.8667,-0.0,-161.12038826850488,-0.0
27,0.9,-0.0,-160.5165585500945,-0.0
28,0.9333,-0.0,-159.92608180923423,-0.0
29,0.9667,-0.0,-159.34936272918742,-0.0
30,1.0,-0.0,-158.78679656440357,-0.0
31,1.0333,-0.0,-158.23876886963137,-0.0
32,1.0667,-0.0,-157.70565523567814,-0.0
33,1.1,-0.0,-157.18782103199908,-0.0
34,1.1333,-0.0,-156.68562115629084,-0.0
35,1.1667,-0.0,-156.19939979126298,-0.0
36,1.2,-0.0,-155.72949016875157,-0.0
37,1.2333,-0.0,-155.27621434133954,-0.0
38,1.2667,-0.0,-154.83988296163727,-0.0
39,1.3,-0.0,-154.42079506937722,-0.0
40,1.3333,-0.0,-154.01923788646684,-0.0
41,1.3667,-0.0,-153.63548662014102,-0.0
42,1.4,-0.0,-153.26980427434899,-0.0
43,1.4333,-0.0,-152.92244146950418,-0.0
44,1.4667,-0.0,-152.59363627072196,-0.0
45,1.5,-0.0,-152.2836140246614,-0.0
46,1.5333,-0.0,-151.99258720508396,-0.0
47,1.5667,-0.0,-151.7207552672346,-0.0
48,1.6,-0.0,-151.4683045111454,-0.0
49,1.6333,-0.0,-151.23540795395422,-0.0
50,1.6667,-0.0,-151.02222521132796,-0.0
51,1.7,-0.0,-150.8289023880697,-0.0
52,1.7333,-0.0,-150.6555719779858,-0.0
53,1.7667,-0.0,-150.50235277308138,-0.0
54,1.8,-0.0,-150.36934978214583,-0.0
55,1.8333,-0.0,-150.2566541587857,-0.0
56,1.8667,-0.0,-150.16434313895184,-0.0
57,1.9,-0.0,-150.09247998800618,-0.0
58,1.9333,-0.0,-150.04111395736277,-0.0
59,1.9667,-0.0,-150.01028025073327,-0.0
60,2.0,-0.0,-150.0,-0.0
61,2.0333,-0.0,-150.01028025073327,-0.0
62,2.0667,-0.0,-150.04111395736277,-0.0
63,2.1,-0.0,-150.09247998800618,-0.0
64,2.1333,-0.0,-150.16434313895184,-0.0
65,2.1667,-0.0,-150.2566541587857,-0.0
66,2.2,-0.0,-150.36934978214583,-0.0
67,2.2333,-0.0,-150.50235277308138,-0.0
68,2.2667,-0.0,-150.6555719779858,-0.0
69,2.3,-0.0,-150.8289023880697,-0.0
70,2.3333,-0.0,-151.02222521132796,-0.0
71,2.3667,-0.0,-151.23540795395422,-0.0
72,2.4,-0.0,-151.4683045111454,-0.0
73,2.4333,-0.0,-151.7207552672346,-0.0
74,2.4667,-0.0,-151.99258720508396,-0.0
75,2.5,-0.0,-152.2836140246614,-0.0
76,2.5333,-0.0,-152.59363627072196,-0.0
77,2.5667,-0.0,-152.92244146950418,-0.0
78,2.6,-0.0,-153.26980427434899,-0.0
79,2.6333,-0.0,-153.63548662014102,-0.0
80,2.6667,-0.0,-154.01923788646684,-0.0
81,2.7,-0.0,-154.42079506937722,-0.0
82,2.7333,-0.0,-154.83988296163727,-0.0
83,2.7667,-0.0,-155.27621434133954,-0.0
84,2.8,-0.0,-155.72949016875157,-0.0
85,2.8333,-0.0,-156.19939979126298,-0.0
86,2.8667,-0.0,-156.68562115629084,-0.0
87,2.9,-0.0,-157.18782103199908,-0.0
88,2.9333,-0.0,-157.70565523567814,-0.0
89,2.9667,-0.0,-158.23876886963137,-0.0
90,3.0,-0.0,-158.78679656440357,-0.0
91,3.0333,-0.0,-159.34936272918736,-0.0
92,3.0667,-0.0,-159.92608180923423,-0.0
93,3.1,-0.0,-160.5165585500945,-0.0
94,3.1333,-0.0,-161.12038826850488,-0.0
95,3.1667,-0.0,-161.73715712973836,-0.0
96,3.2,-0.0,-162.36644243122578,-0.0
97,3.2333,-0.0,-163.007812892255,-0.0
98,3.2667,-0.0,-163.66082894954917,-0.0
99,3.3,-0.0,-164.32504305852154,-0.0
100,3.3333,-0.0,-165.0,-0.0
101,3.3667,-0.0,-165.68523719221173,-0.0
102,3.4,-0.0,-166.3802850078136,-0.0
103,3.4333,-0.0,-167.08466709575112,-0.0
104,3.4667,-0.0,-167.797900707726,-0.0
105,3.5,-0.0,-168.51949702904733,-0.0
106,3.5333,-0.0,-169.248961513641,-0.0
107,3.5667,-0.0,-169.9857942229869,-0.0
108,3.6,-0.0,-170.72949016875157,-0.0
109,3.6333,-0.0,-171.47953965888235,-0.0
110,3.6667,-0.0,-172.23542864692433,-0.0
111,3.7,-0.0,-172.99663908432285,-0.0
112,3.7333,-0.0,-173.7626492754672,-0.0
113,3.7667,-0.0,-174.53293423523553,-0.0
114,3.8,-0.0,-175.30696604879307,-0.0
115,3.8333,-0.0,-176.08421423339848,-0.0
116,3.8667,-0.0,-176.8641461019704,-0.0
117,3.9,-0.0,-177.64622712816464,-0.0
118,3.9333,-0.0,-178.4299213127117,-0.0
119,3.9667,-0.0,-179.2146915507638,-0.0
120,4.0,-0.0,180.0,-0.0
121,4.0333,-0.0,179.21469155076383,-0.0
122,4.0667,-0.0,178.42992131271168,-0.0
123,4.1,-0.0,177.64622712816467,-0.0
124,4.1333,-0.0,176.8641461019704,-0.0
125,4.1667,-0.0,176.08421423339846,-0.0
126,4.2,-0.0,175.30696604879307,-0.0
127,4.2333,-0.0,174.5329342352356,-0.0
128,4.2667,-0.0,173.76264927546723,-0.0
129,4.3,-0.0,172.99663908432285,-0.0
130,4.3333,-0.0,172.2354286469244,-0.0
131,4.3667,-0.0,171.47953965888232,-0.0
132,4.4,-0.0,170.72949016875157,-0.0
133,4.4333,-0.0,169.98579422298687,-0.0
134,4.4667,-0.0,169.24896151364098,-0.0
135,4.5,-0.0,168.5194970290473,-0.0
136,4.5333,-0.0,167.797900707726,-0.0
137,4.5667,-0.0,167.08466709575114,-0.0
138,4.6,-0.0,166.3802850078136,-0.0
139,4.6333,-0.0,165.68523719221176,-0.0
140,4.6667,-0.0,165.0,-0.0
141,4.7,-0.0,164.32504305852154,-0.0
142,4.7333,-0.0,163.6608289495492,-0.0
143,4.7667,-0.0,163.00781289225503,-0.0
144,4.8,-0.0,162.3664424312258,-0.0
145,4.8333,-0.0,161.7371571297384,-0.0
146,4.8667,-0.0,161.12038826850488,-0.0
147,4.9,-0.0,160.5165585500945,-0.0
148,4.9333,-0.0,159.92608180923426,-0.0
149,4.9667,-0.0,159.34936272918736,-0.0
150,5.0,-0.0,158.78679656440357,-0.0
151,5.0333,-0.0,158.23876886963137,-0.0
152,5.0667,-0.0,157.7056552356782,-0.0
153,5.1,-0.0,157.18782103199908,-0.0
154,5.1333,-0.0,156.68562115629086,-0.0
155,5.1667,-0.0,156.19939979126295,-0.0
156,5.2,-0.0,155.72949016875157,-0.0
157,5.2333,-0.0,155.27621434133954,-0.0
158,5.2667,-0.0,154.83988296163727,-0.0
159,5.3,-0.0,154.42079506937725,-0.0
160,5.3333,-0.0,154.01923788646684,-0.0
161,5.3667,-0.0,153.63548662014105,-0.0
162,5.4,-0.0,153.26980427434896,-0.0
163,5.4333,-0.0,152.92244146950418,-0.0
164,5.4667,-0.0,152.59363627072196,-0.0
165,5.5,-0.0,152.2836140246614,-0.0
166,5.5333,-0.0,151.99258720508396,-0.0
167,5.5667,-0.0,151.72075526723467,-0.0
168,5.6,-0.0,151.4683045111454,-0.0
169,5.6333,-0.0,151.23540795395422,-0.0
170,5.6667,-0.0,151.02222521132796,-0.0
171,5.7,-0.0,150.8289023880697,-0.0
172,5.7333,-0.0,150.65557197798583,-0.0
173,5.7667,-0.0,150.50235277308136,-0.0
174,5.8,-0.0,150.36934978214586,-0.0
175,5.8333,-0.0,150.2566541587857,-0.0
176,5.8667,-0.0,150.1643431389518,-0.0
177,5.9,-0.0,150.09247998800618,-0.0
178,5.9333,-0.0,150.04111395736277,-0.0
179,5.9667,-0.0,150.01028025073327,-0.0
180,6.0,-0.0,150.0,-0.0
181,6.0333,-0.0,150.01028025073327,-0.0
182,6.0667,-0.0,150.04111395736277,-0.0
183,6.1,-0.0,150.09247998800615,-0.0
184,6.1333,-0.0,150.1643431389518,-0.0
185,6.1667,-0.0,150.2566541587857,-0.0
186,6.2,-0.0,150.36934978214586,-0.0
187,6.2333,-0.0,150.50235277308136,-0.0
188,6.2667,-0.0,150.65557197798583,-0.0
189,6.3,-0.0,150.8289023880697,-0.0
190,6.3333,-0.0,151.02222521132794,-0.0
191,6.3667,-0.0,151.2354079539542,-0.0
192,6.4,-0.0,151.4683045111454,-0.0
193,6.4333,-0.0,151.72075526723464,-0.0
194,6.4667,-0.0,151.99258720508394,-0.0
195,6.5,-0.0,152.2836140246614,-0.0
196,6.5333,-0.0,152.59363627072196,-0.0
197,6.5667,-0.0,152.92244146950418,-0.0
198,6.6,-0.0,153.26980427434896,-0.0
199,6.6333,-0.0,153.63548662014102,-0.0
200,6.6667,-0.0,154.01923788646684,-0.0
201,6.7,-0.0,154.42079506937725,-0.0
202,6.7333,-0.0,154.83988296163727,-0.0
203,6.7667,-0.0,155.27621434133954,-0.0
204,6.8,-0.0,155.72949016875157,-0.0
205,6.8333,-0.0,156.19939979126295,-0.0
206,6.8667,-0.0,156.68562115629086,-0.0
207,6.9,-0.0,157.18782103199908,-0.0
208,6.9333,-0.0,157.7056552356782,-0.0
209,6.9667,-0.0,158.23876886963137,-0.0
210,7.0,-0.0,158.78679656440357,-0.0
211,7.0333,-0.0,159.3493627291874,-0.0
212,7.0667,-0.0,159.92608180923423,-0.0
213,7.1,-0.0,160.5165585500945,-0.0
214,7.1333,-0.0,161.12038826850488,-0.0
215,7.1667,-0.0,161.73715712973836,-0.0
216,7.2,-0.0,162.3664424312258,-0.0
217,7.2333,-0.0,163.007812892255,-0.0
218,7.2667,-0.0,163.6608289495492,-0.0
219,7.3,-0.0,164.32504305852152,-0.0
220,7.3333,-0.0,165.0,-0.0
221,7.3667,-0.0,165.68523719221173,-0.0
222,7.4,-0.0,166.3802850078136,-0.0
223,7.4333,-0.0,167.08466709575114,-0.0
224,7.4667,-0.0,167.797900707726,-0.0
225,7.5,-0.0,168.5194970290473,-0.0
226,7.5333,-0.0,169.24896151364098,-0.0
227,7.5667,-0.0,169.98579422298687,-0.0
228,7.6,-0.0,170.72949016875157,-0.0
229,7.6333,-0.0,171.47953965888232,-0.0
230,7.6667,-0.0,172.2354286469244,-0.0
231,7.7,-0.0,172.99663908432285,-0.0
232,7.7333,-0.0,173.7626492754672,-0.0
233,7.7667,-0.0,174.53293423523556,-0.0
234,7.8,-0.0,175.30696604879307,-0.0
235,7.8333,-0.0,176.08421423339846,-0.0
236,7.8667,-0.0,176.86414610197036,-0.0
237,7.9,-0.0,177.64622712816467,-0.0
238,7.9333,-0.0,178.42992131271168,-0.0
239,7.9667,-0.0,179.2146915507638,-0.0
240,8.0,-0.0,180.0,-0.0
241,8.0333,0.5235389661574743,180.0,-0.0
242,8.0667,1.0467191248588676,180.0,-0.0
243,8.1,1.569181914556907,180.0,-0.0
244,8.1333,2.0905692653530537,180.0,-0.0
245,8.1667,2.6105238444010297,180.0,-0.0
246,8.2,3.1286893008046093,180.0,-0.0
247,8.2333,3.6447105098429233,180.0,-0.0
248,8.2667,4.158233816355192,180.0,-0.0
249,8.3,4.668907277118109,180.0,-0.0
250,8.3333,5.1763809020504254,180.0,-0.0
251,8.3667,5.680306894078456,180.0,-0.0
252,8.4,6.1803398874989455,180.0,-0.0
253,8.4333,6.676137184675412,180.0,-0.0
254,8.4667,7.167358990905996,180.0,-0.0
255,8.5,7.653668647301799,180.0,-0.0
256,8.5333,8.134732861516,180.0,-0.0
257,8.5667,8.610221936165885,180.0,-0.0
258,8.6,9.079809994790935,180.0,-0.0
259,8.6333,9.54317520519217,180.0,-0.0
260,8.6667,10.0,180.0,-0.0
261,8.7,10.44997129431897,180.0,-0.0
262,8.7333,10.892780700300534,180.0,-0.0
263,8.7667,11.328124738496655,180.0,-0.0
264,8.8,11.755705045849481,180.0,-0.0
265,8.8333,12.175228580174405,180.0,-0.0
266,8.8667,12.586407820996754,180.0,-0.0
267,8.9,12.988960966603685,180.0,-0.0
268,8.9333,13.382612127177168,180.0,-0.0
269,8.9667,13.767091513875073,180.0,-0.0
270,9.0,14.142135623730951,180.0,-0.0
271,9.0333,14.507487420245752,180.0,-0.0
272,9.0667,14.86289650954788,180.0,-0.0
273,9.1,15.208119312000605,180.0,-0.0
274,9.1333,15.542919229139414,180.0,-0.0
275,9.1667,15.867066805824692,180.0,-0.0
276,9.2,16.180339887498945,180.0,-0.0
277,9.2333,16.482523772440317,180.0,-0.0
278,9.2667,16.773411358908476,180.0,-0.0
279,9.3,17.052803287081844,180.0,-0.0
280,9.3333,17.320508075688792,180.0,-0.0
281,9.3667,17.576342253239318,180.0,-0.0
282,9.4,17.820130483767343,180.0,-0.0
283,9.4333,18.051705686997224,180.0,-0.0
284,9.4667,18.270909152852028,180.0,-0.0
285,9.5,18.47759065022575,180.0,-0.0
286,9.5333,18.671608529944024,180.0,-0.0
287,9.5667,18.852829821843557,180.0,-0.0
288,9.6,19.021130325903073,180.0,-0.0
289,9.6333,19.17639469736386,180.0,-0.0
290,9.6667,19.318516525781376,180.0,-0.0
291,9.7,19.44739840795353,180.0,-0.0
292,9.7333,19.562952014676114,180.0,-0.0
293,9.7667,19.665098151279096,180.0,-0.0
294,9.8,19.75376681190275,180.0,-0.0
295,9.8333,19.828897227476205,180.0,-0.0
296,9.8667,19.89043790736548,180.0,-0.0
297,9.9,19.93834667466257,180.0,-0.0
298,9.9333,19.97259069509147,180.0,-0.0
299,9.9667,19.99314649951114,180.0,-0.0
300,10.0,20.0,180.0,-0.0
301,10.0333,19.99314649951114,180.0,-0.0
302,10.0667,19.97259069509147,180.0,-0.0
303,10.1,19.93834667466257,180.0,-0.0
304,10.1333,19.89043790736548,180.0,-0.0
305,10.1667,19.828897227476205,180.0,-0.0
306,10.2,19.75376681190275,180.0,-0.0
307,10.2333,19.665098151279096,180.0,-0.0
308,10.2667,19.562952014676114,180.0,-0.0
309,10.3,19.44739840795353,180.0,-0.0
310,10.3333,19.318516525781376,180.0,-0.0
311,10.3667,19.17639469736386,180.0,-0.0
312,10.4,19.021130325903073,180.0,-0.0
313,10.4333,18.852829821843557,180.0,-0.0
314,10.4667,18.671608529944024,180.0,-0.0
315,10.5,18.47759065022575,180.0,-0.0
316,10.5333,18.270909152852028,180.0,-0.0
317,10.5667,18.051705686997224,180.0,-0.0
318,10.6,17.82013048376737,180.0,-0.0
319,10.6333,17.576342253239318,180.0,-0.0
320,10.6667,17.320508075688792,180.0,-0.0
321,10.7,17.052803287081844,180.0,-0.0
322,10.7333,16.773411358908504,180.0,-0.0
323,10.7667,16.482523772440317,180.0,-0.0
324,10.8,16.180339887498945,180.0,-0.0
325,10.8333,15.867066805824692,180.0,-0.0
326,10.8667,15.542919229139414,180.0,-0.0
327,10.9,15.208119312000605,180.0,-0.0
328,10.9333,14.86289650954788,180.0,-0.0
329,10.9667,14.507487420245752,180.0,-0.0
330,11.0,14.142135623730951,180.0,-0.0
331,11.0333,13.767091513875073,180.0,-0.0
332,11.0667,13.382612127177168,180.0,-0.0
333,11.1,12.988960966603685,180.0,-0.0
334,11.1333,12.586407820996754,180.0,-0.0
335,11.1667,12.175228580174434,180.0,-0.0
336,11.2,11.755705045849481,180.0,-0.0
337,11.2333,11.328124738496683,180.0,-0.0
338,11.2667,10.892780700300534,180.0,-0.0
339,11.3,10.44997129431897,180.0,-0.0
340,11.3333,10.0,180.0,-0.0
341,11.3667,9.54317520519217,180.0,-0.0
342,11.4,9.079809994790935,180.0,-0.0
343,11.4333,8.610221936165914,180.0,-0.0
344,11.4667,8.134732861516,180.0,-0.0
345,11.5,7.653668647301799,180.0,-0.0
346,11.5333,7.167358990906024,180.0,-0.0
347,11.5667,6.676137184675412,180.0,-0.0
348,11.6,6.1803398874989455,180.0,-0.0
349,11.6333,5.680306894078456,180.0,-0.0
350,11.6667,5.1763809020504254,180.0,-0.0
351,11.7,4.668907277118109,180.0,-0.0
352,11.7333,4.158233816355192,180.0,-0.0
353,11.7667,3.6447105098429233,180.0,-0.0
354,11.8,3.1286893008046093,180.0,-0.0
355,11.8333,2.6105238444010297,180.0,-0.0
356,11.8667,2.0905692653530537,180.0,-0.0
357,11.9,1.5691819145568786,180.0,-0.0
358,11.9333,1.0467191248588676,180.0,-0.0
359,11.9667,0.5235389661574459,180.0,-0.0
360,12.0,-0.0,180.0,-0.0
361,12.0333,-0.5235389661574459,180.0,-0.0
362,12.0667,-1.0467191248588676,180.0,-0.0
363,12.1,-1.5691819145568786,180.0,-0.0
364,12.1333,-2.0905692653530537,180.0,-0.0
365,12.1667,-2.6105238444010297,180.0,-0.0
366,12.2,-3.1286893008046093,180.0,-0.0
367,12.2333,-3.6447105098429233,180.0,-0.0
368,12.2667,-4.158233816355192,180.0,-0.0
369,12.3,-4.668907277118109,180.0,-0.0
370,12.3333,-5.1763809020504254,180.0,-0.0
371,12.3667,-5.680306894078456,180.0,-0.0
372,12.4,-6.1803398874989455,180.0,-0.0
373,12.4333,-6.676137184675412,180.0,-0.0
374,12.4667,-7.167358990905996,180.0,-0.0
375,12.5,-7.653668647301799,180.0,-0.0
376,12.5333,-8.134732861516,180.0,-0.0
377,12.5667,-8.610221936165885,180.0,-0.0
378,12.6,-9.079809994790935,180.0,-0.0
379,12.6333,-9.54317520519217,180.0,-0.0
380,12.6667,-10.0,180.0,-0.0
381,12.7,-10.44997129431897,180.0,-0.0
382,12.7333,-10.892780700300534,180.0,-0.0
383,12.7667,-11.328124738496655,180.0,-0.0
384,12.8,-11.755705045849481,180.0,-0.0
385,12.8333,-12.175228580174405,180.0,-0.0
386,12.8667,-12.586407820996754,180.0,-0.0
387,12.9,-12.988960966603685,180.0,-0.0
388,12.9333,-13.382612127177168,180.0,-0.0
389,12.9667,-13.767091513875073,180.0,-0.0
390,13.0,-14.142135623730951,180.0,-0.0
391,13.0333,-14.507487420245752,180.0,-0.0
392,13.0667,-14.86289650954788,180.0,-0.0
393,13.1,-15.208119312000605,180.0,-0.0
394,13.1333,-15.542919229139414,180.0,-0.0
395,13.1667,-15.867066805824692,180.0,-0.0
396,13.2,-16.180339887498945,180.0,-0.0
397,13.2333,-16.482523772440288,180.0,-0.0
398,13.2667,-16.773411358908476,180.0,-0.0
399,13.3,-17.052803287081844,180.0,-0.0
400,13.3333,-17.320508075688792,180.0,-0.0
401,13.3667,-17.576342253239318,180.0,-0.0
402,13.4,-17.820130483767343,180.0,-0.0
403,13.4333,-18.051705686997224,180.0,-0.0
404,13.4667,-18.270909152852028,180.0,-0.0
405,13.5,-18.47759065022572,180.0,-0.0
406,13.5333,-18.671608529944024,180.0,-0.0
407,13.5667,-18.852829821843557,180.0,-0.0
408,13.6,-19.021130325903073,180.0,-0.0
409,13.6333,-19.17639469736386,180.0,-0.0
410,13.6667,-19.318516525781376,180.0,-0.0
411,13.7,-19.44739840795353,180.0,-0.0
412,13.7333,-19.562952014676114,180.0,-0.0
413,13.7667,-19.665098151279096,180.0,-0.0
414,13.8,-19.75376681190275,180.0,-0.0
415,13.8333,-19.828897227476205,180.0,-0.0
416,13.8667,-19.89043790736548,180.0,-0.0
417,13.9,-19.93834667466257,180.0,-0.0
418,13.9333,-19.97259069509147,180.0,-0.0
419,13.9667,-19.99314649951114,180.0,-0.0
420,14.0,-20.0,180.0,-0.0
421,14.0333,-19.99314649951114,180.0,-0.0
422,14.0667,-19.97259069509147,180.0,-0.0
423,14.1,-19.93834667466257,180.0,-0.0
424,14.1333,-19.89043790736548,180.0,-0.0
425,14.1667,-19.828897227476205,180.0,-0.0
426,14.2,-19.75376681190275,180.0,-0.0
427,14.2333,-19.665098151279096,180.0,-0.0
428,14.2667,-19.562952014676114,180.0,-0.0
429,14.3,-19.44739840795353,180.0,-0.0
430,14.3333,-19.318516525781376,180.0,-0.0
431,14.3667,-19.17639469736386,180.0,-0.0
432,14.4,-19.021130325903073,180.0,-0.0
433,14.4333,-18.852829821843557,180.0,-0.0
434,14.4667,-18.671608529944024,180.0,-0.0
435,14.5,-18.47759065022572,180.0,-0.0
436,14.5333,-18.270909152852028,180.0,-0.0
437,14.5667,-18.051705686997224,180.0,-0.0
438,14.6,-17.82013048376737,180.0,-0.0
439,14.6333,-17.576342253239318,180.0,-0.0
440,14.6667,-17.320508075688792,180.0,-0.0
441,14.7,-17.052803287081844,180.0,-0.0
442,14.7333,-16.773411358908476,180.0,-0.0
443,14.7667,-16.482523772440317,180.0,-0.0
444,14.8,-16.180339887498945,180.0,-0.0
445,14.8333,-15.867066805824692,180.0,-0.0
446,14.8667,-15.542919229139414,180.0,-0.0
447,14.9,-15.208119312000605,180.0,-0.0
448,14.9333,-14.86289650954788,180.0,-0.0
449,14.9667,-14.507487420245752,180.0,-0.0
450,15.0,-14.142135623730951,180.0,-0.0
451,15.0333,-13.767091513875073,180.0,-0.0
452,15.0667,-13.382612127177168,180.0,-0.0
453,15.1,-12.988960966603685,180.0,-0.0
454,15.1333,-12.586407820996754,180.0,-0.0
455,15.1667,-12.175228580174405,180.0,-0.0
456,15.2,-11.755705045849481,180.0,-0.0
457,15.2333,-11.328124738496683,180.0,-0.0
458,15.2667,-10.892780700300534,180.0,-0.0
459,15.3,-10.44997129431897,180.0,-0.0
460,15.3333,-10.0,180.0,-0.0
461,15.3667,-9.54317520519217,180.0,-0.0
462,15.4,-9.079809994790935,180.0,-0.0
463,15.4333,-8.610221936165914,180.0,-0.0
464,15.4667,-8.134732861516,180.0,-0.0
465,15.5,-7.653668647301799,180.0,-0.0
466,15.5333,-7.167358990906024,180.0,-0.0
467,15.5667,-6.67613718467544,180.0,-0.0
468,15.6,-6.1803398874989455,180.0,-0.0
469,15.6333,-5.680306894078484,180.0,-0.0
470,15.6667,-5.1763809020504254,180.0,-0.0
471,15.7,-4.668907277118109,180.0,-0.0
472,15.7333,-4.158233816355192,180.0,-0.0
473,15.7667,-3.6447105098429518,180.0,-0.0
474,15.8,-3.1286893008046093,180.0,-0.0
475,15.8333,-2.6105238444010297,180.0,-0.0
476,15.8667,-2.090569265353082,180.0,-0.0
477,15.9,-1.569181914556907,180.0,-0.0
478,15.9333,-1.0467191248588676,180.0,-0.0
479,15.9667,-0.5235389661574743,180.0,-0.0
480,16.0,-0.0,180.0,-0.0
481,16.0333,-0.0,180.0,0.5235389661575027
482,16.0667,-0.0,180.0,1.0467191248588676
483,16.1,-0.0,180.0,1.569181914556907
484,16.1333,-0.0,180.0,2.0905692653530537
485,16.1667,-0.0,180.0,2.610523844401058
486,16.2,-0.0,180.0,3.1286893008046093
487,16.2333,-0.0,180.0,3.6447105098429518
488,16.2667,-0.0,180.0,4.158233816355164
489,16.3,-0.0,180.0,4.668907277118109
490,16.3333,-0.0,180.0,5.176380902050397
491,16.3667,-0.0,180.0,5.680306894078456
492,16.4,-0.0,180.0,6.180339887498917
493,16.4333,-0.0,180.0,6.676137184675412
494,16.4667,-0.0,180.0,7.167358990905996
495,16.5,-0.0,180.0,7.653668647301799
496,16.5333,-0.0,180.0,8.134732861516028
497,16.5667,-0.0,180.0,8.610221936165885
498,16.6,-0.0,180.0,9.079809994790963
499,16.6333,-0.0,180.0,9.54317520519217
500,16.6667,-0.0,180.0,10.000000000000028
501,16.7,-0.0,180.0,10.44997129431897
502,16.7333,-0.0,180.0,10.892780700300563
503,16.7667,-0.0,180.0,11.328124738496655
504,16.8,-0.0,180.0,11.755705045849481
505,16.8333,-0.0,180.0,12.175228580174405
506,16.8667,-0.0,180.0,12.586407820996754
507,16.9,-0.0,180.0,12.988960966603656
508,16.9333,-0.0,180.0,13.382612127177168
509,16.9667,-0.0,180.0,13.767091513875073
510,17.0,-0.0,180.0,14.142135623730951
511,17.0333,-0.0,180.0,14.50748742024578
512,17.0667,-0.0,180.0,14.86289650954788
513,17.1,-0.0,180.0,15.208119312000633
514,17.1333,-0.0,180.0,15.542919229139414
515,17.1667,-0.0,180.0,15.86706680582472
516,17.2,-0.0,180.0,16.180339887498945
517,17.2333,-0.0,180.0,16.482523772440317
518,17.2667,-0.0,180.0,16.773411358908476
519,17.3,-0.0,180.0,17.052803287081844
520,17.3333,-0.0,180.0,17.320508075688764
521,17.3667,-0.0,180.0,17.576342253239318
522,17.4,-0.0,180.0,17.820130483767343
523,17.4333,-0.0,180.0,18.051705686997224
524,17.4667,-0.0,180.0,18.270909152852
525,17.5,-0.0,180.0,18.47759065022575
526,17.5333,-0.0,180.0,18.671608529944052
527,17.5667,-0.0,180.0,18.852829821843557
528,17.6,-0.0,180.0,19.021130325903073
529,17.6333,-0.0,180.0,19.17639469736386
530,17.6667,-0.0,180.0,19.318516525781376
531,17.7,-0.0,180.0,19.44739840795353
532,17.7333,-0.0,180.0,19.562952014676114
533,17.7667,-0.0,180.0,19.665098151279096
534,17.8,-0.0,180.0,19.75376681190275
535,17.8333,-0.0,180.0,19.828897227476205
536,17.8667,-0.0,180.0,19.89043790736548
537,17.9,-0.0,180.0,19.93834667466257
538,17.9333,-0.0,180.0,19.97259069509147
539,17.9667,-0.0,180.0,19.99314649951114
540,18.0,-0.0,180.0,20.0
541,18.0333,-0.0,180.0,19.99314649951114
542,18.0667,-0.0,180.0,19.97259069509147
543,18.1,-0.0,180.0,19.93834667466257
544,18.1333,-0.0,180.0,19.89043790736548
545,18.1667,-0.0,180.0,19.828897227476205
546,18.2,-0.0,180.0,19.75376681190275
547,18.2333,-0.0,180.0,19.665098151279096
548,18.2667,-0.0,180.0,19.562952014676114
549,18.3,-0.0,180.0,19.44739840795353
550,18.3333,-0.0,180.0,19.318516525781376
551,18.3667,-0.0,180.0,19.17639469736386
552,18.4,-0.0,180.0,19.021130325903073
553,18.4333,-0.0,180.0,18.852829821843557
554,18.4667,-0.0,180.0,18.671608529944052
555,18.5,-0.0,180.0,18.47759065022575
556,18.5333,-0.0,180.0,18.270909152852
557,18.5667,-0.0,180.0,18.051705686997224
558,18.6,-0.0,180.0,17.820130483767343
559,18.6333,-0.0,180.0,17.576342253239318
560,18.6667,-0.0,180.0,17.320508075688764
561,18.7,-0.0,180.0,17.052803287081844
562,18.7333,-0.0,180.0,16.773411358908476
563,18.7667,-0.0,180.0,16.482523772440317
564,18.8,-0.0,180.0,16.180339887498945
565,18.8333,-0.0,180.0,15.86706680582472
566,18.8667,-0.0,180.0,15.542919229139414
567,18.9,-0.0,180.0,15.208119312000633
568,18.9333,-0.0,180.0,14.86289650954788
569,18.9667,-0.0,180.0,14.50748742024578
570,19.0,-0.0,180.0,14.142135623730951
571,19.0333,-0.0,180.0,13.767091513875073
572,19.0667,-0.0,180.0,13.382612127177168
573,19.1,-0.0,180.0,12.988960966603656
574,19.1333,-0.0,180.0,12.586407820996754
575,19.1667,-0.0,180.0,12.175228580174405
576,19.2,-0.0,180.0,11.755705045849481
577,19.2333,-0.0,180.0,11.328124738496655
578,19.2667,-0.0,180.0,10.892780700300563
579,19.3,-0.0,180.0,10.44997129431897
580,19.3333,-0.0,180.0,10.000000000000028
581,19.3667,-0.0,180.0,9.54317520519217
582,19.4,-0.0,180.0,9.079809994790963
583,19.4333,-0.0,180.0,8.610221936165914
584,19.4667,-0.0,180.0,8.134732861516028
585,19.5,-0.0,180.0,7.653668647301799
586,19.5333,-0.0,180.0,7.167358990905967
587,19.5667,-0.0,180.0,6.676137184675412
588,19.6,-0.0,180.0,6.180339887498917
589,19.6333,-0.0,180.0,5.680306894078456
590,19.6667,-0.0,180.0,5.176380902050397
591,19.7,-0.0,180.0,4.668907277118109
592,19.7333,-0.0,180.0,4.158233816355164
593,19.7667,-0.0,180.0,3.6447105098429518
594,19.8,-0.0,180.0,3.1286893008046093
595,19.8333,-0.0,180.0,2.610523844401058
596,19.8667,-0.0,180.0,2.0905692653530537
597,19.9,-0.0,180.0,1.5691819145569355
598,19.9333,-0.0,180.0,1.0467191248588676
599,19.9667,-0.0,180.0,0.5235389661575027
600,20.0,-0.0,180.0,-0.0
601,20.0333,-0.0,180.0,-0.5235389661575027
602,20.0667,-0.0,180.0,-1.0467191248588676
603,20.1,-0.0,180.0,-1.5691819145569355
604,20.1333,-0.0,180.0,-2.0905692653530537
605,20.1667,-0.0,180.0,-2.610523844401058
606,20.2,-0.0,180.0,-3.1286893008046093
607,20.2333,-0.0,180.0,-3.6447105098429518
608,20.2667,-0.0,180.0,-4.158233816355164
609,20.3,-0.0,180.0,-4.668907277118109
610,20.3333,-0.0,180.0,-5.176380902050397
611,20.3667,-0.0,180.0,-5.680306894078456
612,20.4,-0.0,180.0,-6.180339887498917
613,20.4333,-0.0,180.0,-6.676137184675412
614,20.4667,-0.0,180.0,-7.167358990905967
615,20.5,-0.0,180.0,-7.653668647301799
616,20.5333,-0.0,180.0,-8.134732861516028
617,20.5667,-0.0,180.0,-8.610221936165885
618,20.6,-0.0,180.0,-9.079809994790963
619,20.6333,-0.0,180.0,-9.54317520519217
620,20.6667,-0.0,180.0,-10.0
621,20.7,-0.0,180.0,-10.44997129431897
622,20.7333,-0.0,180.0,-10.892780700300534
623,20.7667,-0.0,180.0,-11.328124738496655
624,20.8,-0.0,180.0,-11.755705045849481
625,20.8333,-0.0,180.0,-12.175228580174405
626,20.8667,-0.0,180.0,-12.586407820996754
627,20.9,-0.0,180.0,-12.988960966603656
628,20.9333,-0.0,180.0,-13.382612127177168
629,20.9667,-0.0,180.0,-13.767091513875044
630,21.0,-0.0,180.0,-14.142135623730951
631,21.0333,-0.0,180.0,-14.50748742024578
632,21.0667,-0.0,180.0,-14.86289650954788
633,21.1,-0.0,180.0,-15.208119312000633
634,21.1333,-0.0,180.0,-15.542919229139414
635,21.1667,-0.0,180.0,-15.86706680582472
636,21.2,-0.0,180.0,-16.180339887498945
637,21.2333,-0.0,180.0,-16.482523772440317
638,21.2667,-0.0,180.0,-16.773411358908476
639,21.3,-0.0,180.0,-17.052803287081844
640,21.3333,-0.0,180.0,-17.320508075688764
641,21.3667,-0.0,180.0,-17.576342253239318
642,21.4,-0.0,180.0,-17.820130483767343
643,21.4333,-0.0,180.0,-18.051705686997224
644,21.4667,-0.0,180.0,-18.270909152852
645,21.5,-0.0,180.0,-18.47759065022572
646,21.5333,-0.0,180.0,-18.671608529944052
647,21.5667,-0.0,180.0,-18.852829821843557
648,21.6,-0.0,180.0,-19.021130325903073
649,21.6333,-0.0,180.0,-19.17639469736386
650,21.6667,-0.0,180.0,-19.318516525781376
651,21.7,-0.0,180.0,-19.44739840795353
652,21.7333,-0.0,180.0,-19.562952014676114
653,21.7667,-0.0,180.0,-19.665098151279096
654,21.8,-0.0,180.0,-19.75376681190275
655,21.8333,-0.0,180.0,-19.828897227476205
656,21.8667,-0.0,180.0,-19.89043790736548
657,21.9,-0.0,180.0,-19.93834667466257
658,21.9333,-0.0,180.0,-19.97259069509147
659,21.9667,-0.0,180.0,-19.99314649951114
660,22.0,-0.0,180.0,-20.0
661,22.0333,-0.0,180.0,-19.99314649951114
662,22.0667,-0.0,180.0,-19.97259069509147
663,22.1,-0.0,180.0,-19.93834667466257
664,22.1333,-0.0,180.0,-19.89043790736548
665,22.1667,-0.0,180.0,-19.828897227476205
666,22.2,-0.0,180.0,-19.75376681190275
667,22.2333,-0.0,180.0,-19.665098151279096
668,22.2667,-0.0,180.0,-19.562952014676114
669,22.3,-0.0,180.0,-19.44739840795353
670,22.3333,-0.0,180.0,-19.318516525781376
671,22.3667,-0.0,180.0,-19.17639469736386
672,22.4,-0.0,180.0,-19.021130325903073
673,22.4333,-0.0,180.0,-18.852829821843557
674,22.4667,-0.0,180.0,-18.671608529944052
675,22.5,-0.0,180.0,-18.47759065022572
676,22.5333,-0.0,180.0,-18.270909152852
677,22.5667,-0.0,180.0,-18.051705686997224
678,22.6,-0.0,180.0,-17.820130483767343
679,22.6333,-0.0,180.0,-17.576342253239318
680,22.6667,-0.0,180.0,-17.320508075688764
681,22.7,-0.0,180.0,-17.052803287081844
682,22.7333,-0.0,180.0,-16.773411358908476
683,22.7667,-0.0,180.0,-16.482523772440317
684,22.8,-0.0,180.0,-16.180339887498945
685,22.8333,-0.0,180.0,-15.86706680582472
686,22.8667,-0.0,180.0,-15.542919229139414
687,22.9,-0.0,180.0,-15.208119312000633
688,22.9333,-0.0,180.0,-14.86289650954788
689,22.9667,-0.0,180.0,-14.50748742024578
690,23.0,-0.0,180.0,-14.142135623730951
691,23.0333,-0.0,180.0,-13.767091513875073
692,23.0667,-0.0,180.0,-13.382612127177168
693,23.1,-0.0,180.0,-12.988960966603656
694,23.1333,-0.0,180.0,-12.586407820996754
695,23.1667,-0.0,180.0,-12.175228580174405
696,23.2,-0.0,180.0,-11.755705045849481
697,23.2333,-0.0,180.0,-11.328124738496655
698,23.2667,-0.0,180.0,-10.892780700300563
699,23.3,-0.0,180.0,-10.44997129431897
700,23.3333,-0.0,180.0,-10.000000000000028
701,23.3667,-0.0,180.0,-9.54317520519217
702,23.4,-0.0,180.0,-9.079809994790963
703,23.4333,-0.0,180.0,-8.610221936165914
704,23.4667,-0.0,180.0,-8.134732861516028
705,23.5,-0.0,180.0,-7.653668647301799
706,23.5333,-0.0,180.0,-7.167358990905996
707,23.5667,-0.0,180.0,-6.67613718467544
708,23.6,-0.0,180.0,-6.1803398874989455
709,23.6333,-0.0,180.0,-5.680306894078484
710,23.6667,-0.0,180.0,-5.176380902050397
711,23.7,-0.0,180.0,-4.668907277118109
712,23.7333,-0.0,180.0,-4.158233816355192
713,23.7667,-0.0,180.0,-3.64471050984298
714,23.8,-0.0,180.0,-3.1286893008046093
715,23.8333,-0.0,180.0,-2.610523844401058
716,23.8667,-0.0,180.0,-2.090569265353082
717,23.9,-0.0,180.0,-1.5691819145569355
718,23.9333,-0.0,180.0,-1.0467191248588676
719,23.9667,-0.0,180.0,-0.5235389661575027
720,24.0,-0.0,180.0,10.0
721,24.0333,0.6975647374412972,-179.47650754946244,9.993908270190957
722,24.0667,1.3917310096006474,-178.95365289383813,9.975640502598253
723,24.1,2.0791169081776104,-178.4320730509852,9.94521895368274
724,24.1333,2.756373558169969,-177.91240348559904,9.90268068741571
725,24.1667,3.4202014332567217,-177.39527733499602,9.848077530122083
726,24.2,4.067366430758,-176.88132463773366,9.781476007338057
727,24.2333,4.694715627858926,-176.37117156600493,9.702957262759952
728,24.2667,5.299192642332031,-175.86543966274502,9.612616959383189
729,24.3,5.877852522924741,-175.36474508437578,9.510565162951536
730,24.3333,6.427876096865361,-174.86969785011502,9.396926207859082
731,24.3667,6.946583704589983,-174.38090109876134,9.271838545667862
732,24.4,7.431448254773926,-173.89895035386303,9.135454576426014
733,24.4333,7.880107536067214,-173.42443279816382,8.987940462991673
734,24.4667,8.290375725550405,-172.95792655821162,8.82947592858929
735,24.5,8.660254037844396,-172.5,8.660254037844396
736,24.5333,8.987940462991673,-172.0512110365019,8.48048096156424
737,24.5667,9.271838545667862,-171.6121064479388,8.290375725550405
738,24.6,9.510565162951536,-171.1832212156129,8.090169943749459
739,24.6333,9.702957262759952,-170.76507787011514,7.880107536067214
740,24.6667,9.848077530122083,-170.3581858547019,7.660444431189774
741,24.7,9.94521895368274,-169.96304090461717,7.431448254773954
742,24.7333,9.993908270190957,-169.58012444311504,7.1933980033865055
743,24.7667,9.993908270190957,-169.20990299492024,6.946583704589983
744,24.8,9.94521895368274,-168.85282761783907,6.69130606358857
745,24.8333,9.848077530122083,-168.5093333532153,6.427876096865418
746,24.8667,9.702957262759952,-168.1798386958992,6.1566147532565765
747,24.9,9.510565162951536,-167.86474508437584,5.877852522924741
748,24.9333,9.271838545667862,-167.56443641167436,5.591929034707476
749,24.9667,8.987940462991673,-167.27927855765358,5.299192642332059
750,25.0,8.660254037844396,-167.00961894323342,5.0
751,25.0333,8.290375725550405,-166.75578610711608,4.694715627858898
752,25.0667,7.880107536067214,-166.5180893055125,4.383711467890777
753,25.1,7.431448254773926,-166.29681813536098,4.067366430758
754,25.1333,6.946583704589983,-166.0922421814982,3.746065934159134
755,25.1667,6.427876096865361,-165.9046106882114,3.420201433256665
756,25.2,5.877852522924741,-165.73415225557267,3.090169943749487
757,25.2333,5.299192642332031,-165.58107456092523,2.756373558169969
758,25.2667,4.694715627858926,-165.44556410586006,2.4192189559966835
759,25.3,4.067366430758,-165.3277859889929,2.079116908177582
760,25.3333,3.4202014332567217,-165.22788370481692,1.736481776669308
761,25.3667,2.7563735581699973,-165.14597896887642,1.3917310096006474
762,25.4,2.0791169081776104,-165.08217156947592,1.0452846326765552
763,25.4333,1.3917310096006474,-165.03653924610262,0.6975647374412404
764,25.4667,0.6975647374412972,-165.0091375947136,0.3489949670250212
765,25.5,-0.0,-165.0,-0.0
766,25.5333,-0.6975647374412972,-165.0091375947136,-0.3489949670250212
767,25.5667,-1.3917310096006474,-165.03653924610262,-0.6975647374412404
768,25.6,-2.0791169081776104,-165.08217156947592,-1.0452846326765552
769,25.6333,-2.756373558169969,-165.14597896887642,-1.3917310096006474
770,25.6667,-3.4202014332567217,-165.22788370481692,-1.736481776669308
771,25.7,-4.067366430758,-165.3277859889929,-2.079116908177582
772,25.7333,-4.694715627858926,-165.44556410586006,-2.4192189559966835
773,25.7667,-5.299192642332031,-165.58107456092523,-2.756373558169969
774,25.8,-5.877852522924741,-165.73415225557267,-3.090169943749487
775,25.8333,-6.427876096865361,-165.9046106882114,-3.420201433256665
776,25.8667,-6.946583704589983,-166.0922421814982,-3.746065934159134
777,25.9,-7.431448254773926,-166.29681813536098,-4.067366430758
778,25.9333,-7.880107536067214,-166.5180893055125,-4.383711467890777
779,25.9667,-8.290375725550405,-166.75578610711608,-4.694715627858898
780,26.0,-8.660254037844396,-167.00961894323342,-5.0
781,26.0333,-8.987940462991673,-167.27927855765358,-5.299192642332059
782,26.0667,-9.271838545667862,-167.56443641167436,-5.591929034707476
783,26.1,-9.510565162951536,-167.86474508437584,-5.877852522924741
784,26.1333,-9.702957262759952,-168.1798386958992,-6.1566147532565765
785,26.1667,-9.848077530122083,-168.5093333532153,-6.427876096865418
786,26.2,-9.94521895368274,-168.85282761783907,-6.69130606358857
787,26.2333,-9.993908270190957,-169.20990299492024,-6.946583704589983
788,26.2667,-9.993908270190957,-169.58012444311504,-7.1933980033865055
789,26.3,-9.94521895368274,-169.96304090461717,-7.431448254773954
790,26.3333,-9.848077530122083,-170.3581858547019,-7.660444431189774
791,26.3667,-9.702957262759952,-170.76507787011514,-7.880107536067214
792,26.4,-9.510565162951536,-171.1832212156129,-8.090169943749459
793,26.4333,-9.271838545667862,-171.6121064479388,-8.290375725550405
794,26.4667,-8.987940462991673,-172.0512110365019,-8.48048096156424
795,26.5,-8.660254037844396,-172.5,-8.660254037844396
796,26.5333,-8.290375725550405,-172.95792655821162,-8.82947592858929
797,26.5667,-7.880107536067214,-173.42443279816382,-8.987940462991673
798,26.6,-7.431448254773926,-173.89895035386303,-9.135454576426014
799,26.6333,-6.946583704589983,-174.38090109876134,-9.271838545667862
800,26.6667,-6.42787609686539,-174.86969785011502,-9.396926207859082
801,26.7,-5.877852522924741,-175.36474508437578,-9.510565162951536
802,26.7333,-5.299192642332031,-175.86543966274502,-9.612616959383189
803,26.7667,-4.694715627858926,-176.37117156600493,-9.702957262759952
804,26.8,-4.067366430758,-176.88132463773366,-9.781476007338057
805,26.8333,-3.4202014332567217,-177.39527733499602,-9.848077530122083
806,26.8667,-2.7563735581699973,-177.91240348559904,-9.90268068741571
807,26.9,-2.079116908177639,-178.4320730509852,-9.94521895368274
808,26.9333,-1.3917310096006474,-178.95365289383813,-9.975640502598253
809,26.9667,-0.6975647374412972,-179.47650754946244,-9.993908270190957
810,27.0,-0.0,180.0,-10.0
811,27.0333,0.6975647374412972,179.47650754946247,-9.993908270190957
812,27.0667,1.3917310096006474,178.95365289383813,-9.975640502598253
813,27.1,2.079116908177639,178.43207305098517,-9.94521895368274
814,27.1333,2.7563735581699973,177.91240348559901,-9.90268068741571
815,27.1667,3.4202014332566932,177.39527733499602,-9.848077530122083
816,27.2,4.067366430758,176.88132463773363,-9.781476007338057
817,27.2333,4.694715627858926,176.37117156600496,-9.702957262759952
818,27.2667,5.299192642332031,175.86543966274502,-9.612616959383189
819,27.3,5.877852522924741,175.36474508437578,-9.510565162951536
820,27.3333,6.42787609686539,174.869697850115,-9.396926207859082
821,27.3667,6.946583704589983,174.3809010987613,-9.271838545667862
822,27.4,7.431448254773926,173.89895035386303,-9.135454576426014
823,27.4333,7.880107536067214,173.42443279816385,-8.987940462991673
824,27.4667,8.290375725550405,172.95792655821165,-8.82947592858929
825,27.5,8.660254037844396,172.5,-8.660254037844396
826,27.5333,8.987940462991673,172.0512110365019,-8.48048096156424
827,27.5667,9.271838545667862,171.6121064479388,-8.290375725550405
828,27.6,9.510565162951536,171.1832212156129,-8.090169943749459
829,27.6333,9.702957262759952,170.76507787011514,-7.880107536067214
830,27.6667,9.848077530122083,170.3581858547019,-7.660444431189774
831,27.7,9.94521895368274,169.96304090461715,-7.431448254773954
832,27.7333,9.993908270190957,169.58012444311504,-7.1933980033865055
833,27.7667,9.993908270190957,169.20990299492024,-6.946583704589983
834,27.8,9.94521895368274,168.85282761783907,-6.69130606358857
835,27.8333,9.848077530122083,168.50933335321534,-6.42787609686539
836,27.8667,9.702957262759952,168.17983869589918,-6.1566147532565765
837,27.9,9.510565162951536,167.8647450843758,-5.877852522924741
838,27.9333,9.271838545667862,167.56443641167436,-5.591929034707476
839,27.9667,8.987940462991673,167.27927855765364,-5.299192642332059
840,28.0,8.660254037844396,167.00961894323342,-5.0
841,28.0333,8.290375725550405,166.75578610711608,-4.694715627858898
842,28.0667,7.880107536067214,166.5180893055125,-4.383711467890777
843,28.1,7.431448254773926,166.29681813536098,-4.067366430757971
844,28.1333,6.946583704589983,166.0922421814982,-3.746065934159134
845,28.1667,6.427876096865361,165.90461068821136,-3.420201433256665
846,28.2,5.877852522924741,165.7341522555727,-3.090169943749487
847,28.2333,5.299192642332059,165.5810745609252,-2.7563735581699973
848,28.2667,4.694715627858926,165.44556410586006,-2.4192189559966835
849,28.3,4.067366430758,165.3277859889929,-2.079116908177582
850,28.3333,3.4202014332566932,165.2278837048169,-1.736481776669308
851,28.3667,2.756373558169969,165.14597896887645,-1.3917310096006474
852,28.4,2.079116908177639,165.0821715694759,-1.0452846326765552
853,28.4333,1.3917310096006474,165.03653924610265,-0.6975647374412688
854,28.4667,0.6975647374412972,165.00913759471356,-0.3489949670250212
855,28.5,-0.0,165.0,-0.0
856,28.5333,-0.6975647374412972,165.00913759471356,0.3489949670250212
857,28.5667,-1.3917310096006474,165.03653924610262,0.6975647374412404
858,28.6,-2.0791169081776104,165.0821715694759,1.0452846326765552
859,28.6333,-2.756373558169969,165.14597896887645,1.3917310096006474
860,28.6667,-3.4202014332566932,165.2278837048169,1.736481776669308
861,28.7,-4.067366430758,165.3277859889929,2.079116908177582
862,28.7333,-4.694715627858926,165.44556410586006,2.4192189559966835
863,28.7667,-5.299192642332031,165.5810745609252,2.7563735581699973
864,28.8,-5.877852522924741,165.7341522555727,3.090169943749487
865,28.8333,-6.427876096865361,165.90461068821136,3.420201433256665
866,28.8667,-6.946583704589983,166.0922421814982,3.7460659341591054
867,28.9,-7.431448254773926,166.29681813536098,4.067366430757971
868,28.9333,-7.880107536067214,166.5180893055125,4.383711467890777
869,28.9667,-8.290375725550405,166.75578610711608,4.694715627858898
870,29.0,-8.660254037844396,167.00961894323342,5.0
871,29.0333,-8.987940462991673,167.2792785576536,5.299192642332059
872,29.0667,-9.271838545667862,167.56443641167436,5.591929034707448
873,29.1,-9.510565162951536,167.8647450843758,5.877852522924741
874,29.1333,-9.702957262759952,168.17983869589915,6.1566147532565765
875,29.1667,-9.848077530122083,168.50933335321534,6.42787609686539
876,29.2,-9.94521895368274,168.85282761783907,6.69130606358857
877,29.2333,-9.993908270190957,169.20990299492024,6.946583704589983
878,29.2667,-9.993908270190957,169.58012444311504,7.1933980033865055
879,29.3,-9.94521895368274,169.96304090461712,7.431448254773954
880,29.3333,-9.848077530122083,170.3581858547019,7.660444431189774
881,29.3667,-9.702957262759952,170.76507787011514,7.880107536067214
882,29.4,-9.510565162951536,171.1832212156129,8.090169943749459
883,29.4333,-9.271838545667862,171.6121064479388,8.290375725550405
884,29.4667,-8.987940462991673,172.0512110365019,8.48048096156424
885,29.5,-8.660254037844396,172.5,8.660254037844396
886,29.5333,-8.290375725550405,172.95792655821165,8.82947592858929
887,29.5667,-7.880107536067214,173.42443279816382,8.987940462991673
888,29.6,-7.431448254773926,173.898950353863,9.135454576426014
889,29.6333,-6.946583704589983,174.3809010987613,9.271838545667862
890,29.6667,-6.42787609686539,174.869697850115,9.396926207859082
891,29.7,-5.877852522924741,175.36474508437578,9.510565162951536
892,29.7333,-5.299192642332059,175.86543966274502,9.612616959383189
893,29.7667,-4.694715627858955,176.37117156600496,9.702957262759952
894,29.8,-4.067366430757971,176.88132463773363,9.781476007338057
895,29.8333,-3.4202014332566932,177.39527733499602,9.848077530122083
896,29.8667,-2.756373558169969,177.91240348559901,9.90268068741571
897,29.9,-2.079116908177639,178.43207305098517,9.94521895368274
898,29.9333,-1.3917310096006474,178.95365289383813,9.975640502598253
899,29.9667,-0.6975647374412972,179.47650754946247,9.993908270190957
