index,t_send_ns,t_recv_ns,latency_us
200,52466687135763,52466688137197,1001.434
201,52466720469049,52466720846745,377.696
202,52466753802346,52466754572267,769.921
203,52466787135712,52466787249794,114.082
204,52466820469069,52466821001937,532.868
205,52466853802396,52466854734719,932.323
206,52466887135722,52466887408576,272.854
207,52466920469059,52466921137649,668.590
208,52466953802396,52466954896581,1094.185
209,52466987135712,52466987569308,433.596
210,52467020469039,52467021304981,835.942
211,52467053802395,52467054006588,204.193
212,52467087135702,52467087731560,595.858
213,52467120469848,52467120745052,275.204
214,52467153802985,52467154478945,675.960
215,52467187135722,52467188192687,1056.965
216,52467220469048,52467220887854,418.806
217,52467253802385,52467254570266,767.881
218,52467287135711,52467287249863,114.152
219,52467320469278,52467321005016,535.738
220,52467353802355,52467354755568,953.213
221,52467387135711,52467387431446,295.735
222,52467420469058,52467421134968,665.910
223,52467453802375,52467454896050,1093.675
224,52467487135721,52467487571127,435.406
225,52467520469038,52467521297820,828.782
226,52467553802354,52467553999187,196.833
227,52467587135711,52467587731839,596.128
228,52467620469027,52467621462922,993.895
229,52467653802354,52467654136069,333.715
230,52467687135700,52467687896662,760.962
231,52467720469057,52467720576619,107.562
232,52467753802374,52467754334652,532.278
233,52467787135670,52467788053064,917.394
234,52467820469017,52467820733411,264.394
235,52467853802374,52467854466103,663.729
236,52467887135710,52467888192596,1056.886
237,52467920469047,52467920893133,424.086
238,52467953802393,52467954624455,822.062
239,52467987135720,52467987300192,164.472
240,52468020469047,52468021055365,586.318
241,52468053802373,52468054785668,983.295
242,52468087135690,52468087460534,324.844
243,52468120469056,52468121190687,721.631
244,52468153802373,52468153889854,87.481
245,52468187135699,52468187622197,486.498
246,52468220469026,52468221360219,891.193
247,52468253802363,52468254029936,227.573
248,52468287135699,52468287782239,646.540
249,52468320469056,52468321513271,1044.215
250,52468353802372,52468354191428,389.056
251,52468387135719,52468387943801,808.082
252,52468420469036,52468420573997,104.961
253,52468453802372,52468454297689,495.317
254,52468487135719,52468488028432,892.713
255,52468520469045,52468520726959,257.914
256,52468553802372,52468554408351,605.979
257,52468587135709,52468588157574,1021.865
258,52468620469045,52468620840341,371.296
259,52468653802352,52468654572603,770.251
260,52468687135688,52468687247880,112.192
261,52468720469015,52468720997603,528.588
262,52468753802302,52468754730905,928.603
263,52468787135678,52468787412252,276.574
264,52468820469035,52468821135435,666.400
265,52468853802351,52468854893587,1091.236
266,52468887135678,52468887569684,434.006
267,52468920469015,52468921299477,830.462
268,52468953802371,52468954004964,202.593
269,52468987135678,52468987730826,595.148
270,52469020468974,52469021463719,994.745
271,52469053802331,52469054136966,334.635
272,52469087135707,52469087894119,758.412
273,52469120469014,52469120575966,106.952
274,52469153802381,52469154299028,496.647
275,52469187135697,52469188027770,892.073
276,52469220469014,52469220728858,259.844
277,52469253802360,52469254482570,680.210
278,52469287135677,52469288214213,1078.536
279,52469320469034,52469320891600,422.566
280,52469353802360,52469354623282,820.922
281,52469387135667,52469387299609,163.942
282,52469420469013,52469421028221,559.208
283,52469453802350,52469454790814,988.464
284,52469487135697,52469487466731,331.034
285,52469520469033,52469521190024,720.991
286,52469553802340,52469553887611,85.271
287,52469587135666,52469587600843,465.177
288,52469620469023,52469621299975,830.952
289,52469653802340,52469653999442,197.102
290,52469687135626,52469687737545,601.919
291,52469720469013,52469721466077,997.064
292,52469753802359,52469754137404,335.045
293,52469787135686,52469787894287,758.601
294,52469820469023,52469820598314,129.291
295,52469853802339,52469854299016,496.677
296,52469887135666,52469888030089,894.423
297,52469920469012,52469920729356,260.344
298,52469953802339,52469954441418,639.079
299,52469987135696,52469988137120,1001.424
300,52470020469012,52470020840387,371.375
301,52470053802359,52470054569330,766.971
302,52470087135695,52470087248217,112.522
303,52470120469012,52470120999070,530.058
304,52470153802358,52470154703992,901.634
305,52470187135615,52470187383619,248.004
306,52470220469002,52470221082010,613.008
307,52470253802338,52470254843003,1040.665
308,52470287135675,52470287515980,380.305
309,52470320469031,52470321244323,775.292
310,52470353802338,52470353891409,89.071
311,52470387135695,52470387624102,488.407
312,52470420469021,52470421354124,885.103
313,52470453802358,52470454027721,225.363
314,52470487135664,52470487782194,646.530
315,52470520469001,52470521460045,991.044
316,52470553802338,52470554136402,334.064
317,52470587135664,52470587893065,757.401
318,52470620469021,52470620575092,106.071
319,52470653802327,52470654299935,497.608
320,52470687135674,52470688028117,892.443
321,52470720469020,52470720731234,262.214
322,52470753802347,52470754463897,661.550
323,52470787135634,52470788190659,1055.025
324,52470820469000,52470820891767,422.767
325,52470853802357,52470854233393,431.036
326,52470887135674,52470887952145,816.471
327,52470920469020,52470920623442,154.422
328,52470953802337,52470954355125,552.788
329,52470987135663,52470988082087,946.424
330,52471020469020,52471020781164,312.144
331,52471053802337,52471054462266,659.929
332,52471087135733,52471087357116,221.383
333,52471120469150,52471121043358,574.208
334,52471153802356,52471154802731,1000.375
335,52471187135663,52471187461388,325.725
336,52471220468989,52471221192620,723.631
337,52471253802326,52471253907407,105.081
338,52471287135682,52471287623820,488.138
339,52471320469019,52471321353462,884.443
340,52471353802326,52471354027829,225.503
341,52471387135672,52471387780152,644.480
342,52471420468999,52471421463163,994.164
343,52471453802336,52471454137461,335.125
344,52471487135672,52471487893663,757.991
345,52471520469009,52471520576200,107.191
346,52471553802345,52471554579047,776.702
347,52471587135662,52471587249164,113.502
348,52471620468989,52471621006956,537.967
349,52471653802345,52471654732839,930.494
350,52471687135632,52471687410166,274.534
351,52471720468918,52471721141038,672.120
352,52471753802315,52471754896411,1094.096
353,52471787135681,52471787575418,439.737
354,52471820468998,52471821303290,834.292
355,52471853802345,52471854008347,206.002
356,52471887135601,52471887764170,628.569
357,52471920468988,52471921461492,992.504
358,52471953802344,52471954137409,335.065
359,52471987135601,52471987895612,760.011
360,52472020468928,52472020579039,110.111
361,52472053802354,52472054307622,505.268
362,52472087135681,52472088028004,892.323
363,52472120469097,52472121106637,637.540
364,52472153802294,52472154851309,1049.015
365,52472187135630,52472187514026,378.396
366,52472220469007,52472221245768,776.761
367,52472253802324,52472253946276,143.952
368,52472287135590,52472287678028,542.438
369,52472320469007,52472321406531,937.524
370,52472353802333,52472354112658,310.325
371,52472387135590,52472387837400,701.810
372,52472420468937,52472421573693,1104.756
373,52472453802253,52472454244790,442.537
374,52472487135620,52472488004723,869.103
375,52472520468996,52472520675649,206.653
376,52472553802323,52472554429512,627.189
377,52472587135600,52472588157834,1022.234
378,52472620468996,52472620838432,369.436
379,52472653802343,52472654570844,768.501
380,52472687135609,52472687284282,148.673
381,52472720468986,52472721007864,538.878
382,52472753802323,52472754731656,929.333
383,52472787135589,52472787407133,271.544
384,52472820468996,52472821135745,666.749
385,52472853802312,52472854839587,1037.275
386,52472887135589,52472887520055,384.466
387,52472920468985,52472921242917,773.932
388,52472953802332,52472953900803,98.471
389,52472987135589,52472987627886,492.297
390,52473020468995,52473021351718,882.723
391,52473053802322,52473054028895,226.573
392,52473087135588,52473087786058,650.470
393,52473120469075,52473121523370,1054.295
394,52473153802302,52473154191547,389.245
395,52473187135588,52473187947010,811.422
396,52473220468995,52473220628077,159.082
397,52473253802311,52473254353769,551.458
398,52473287135598,52473288081792,946.194
399,52473320468995,52473320783889,314.894
400,52473353802331,52473354534222,731.891
401,52473387135578,52473388245074,1109.496
402,52473420468994,52473420946301,477.307
403,52473453802331,52473454682774,880.443
404,52473487135567,52473487353431,217.864
405,52473520468974,52473521081593,612.619
406,52473553802301,52473554838826,1036.525
407,52473587135587,52473587513873,378.286
408,52473620468984,52473621244335,775.351
409,52473653802250,52473653944362,142.112
410,52473687135597,52473687632144,496.547
411,52473720468983,52473721386047,917.064
412,52473753802300,52473754057234,254.934
413,52473787135597,52473787783616,648.019
414,52473820468993,52473821516509,1047.516
415,52473853802300,52473854192066,389.766
416,52473887135587,52473887950538,814.951
417,52473920468993,52473920620355,151.362
418,52473953802260,52473954353198,550.938
419,52473987135596,52473988082730,947.134
420,52474020468973,52474020779967,310.994
421,52474053802269,52474054461139,658.870
422,52474087135576,52474088191211,1055.635
423,52474120468923,52474120900529,431.606
424,52474153802239,52474154660602,858.363
425,52474187135606,52474187298468,162.862
426,52474220468932,52474221030141,561.209
427,52474253802289,52474254790403,988.114
428,52474287135566,52474287460240,324.674
429,52474320468962,52474321189043,720.081
430,52474353802319,52474354892105,1089.786
431,52474387135595,52474387568582,432.987
432,52474420468982,52474421298744,829.762
433,52474453802319,52474454005052,202.733
434,52474487135585,52474487739404,603.819
435,52474520468992,52474521459126,990.134
436,52474553802308,52474554136173,333.865
437,52474587135585,52474587838335,702.750
438,52474620468911,52474621569367,1100.456
439,52474653802308,52474654246454,444.146
440,52474687135574,52474688005577,870.003
441,52474720468951,52474720674684,205.733
442,52474753802268,52474754407777,605.509
443,52474787135574,52474788136569,1000.995
444,52474820468981,52474820787676,318.695
445,52474853802317,52474854515098,712.781
446,52474887135594,52474888246390,1110.796
447,52474920468971,52474920946618,477.647
448,52474953802287,52474954678930,876.643
449,52474987135574,52474987356587,221.013
450,52475020468970,52475021082809,613.839
451,52475053802287,52475054843552,1041.265
452,52475087135584,52475087516069,380.485
453,52475120468950,52475121249742,780.792
454,52475153802287,52475153953099,150.812
455,52475187135583,52475187674951,539.368
456,52475220468960,52475221407914,938.954
457,52475253802287,52475254082931,280.644
458,52475287135573,52475287839603,704.030
459,52475320468960,52475321564946,1095.986
460,52475353802276,52475354243593,441.317
461,52475387135563,52475388005946,870.383
462,52475420468979,52475420680783,211.804
463,52475453802296,52475454408695,606.399
464,52475487135563,52475488136407,1000.844
465,52475520468949,52475520836455,367.506
466,52475553802276,52475554566837,764.561
467,52475587135562,52475587248624,113.062
468,52475620468969,52475621009797,540.828
469,52475653802286,52475654731379,929.093
470,52475687135582,52475687409286,273.704
471,52475720468979,52475721137179,668.200
472,52475753802285,52475754892771,1090.486
473,52475787135552,52475787594049,458.497
474,52475820468969,52475821325291,856.322
475,52475853802305,52475854011758,209.453
476,52475887135572,52475887735470,599.898
477,52475920468938,52475921461863,992.925
478,52475953802305,52475954136470,334.165
479,52475987135561,52475987838642,703.081
480,52476020468948,52476020540659,71.711
481,52476053802295,52476054274751,472.456
482,52476087135651,52476088017174,881.523
483,52476120469138,52476120900994,431.856
484,52476153802274,52476154624446,822.172
485,52476187135631,52476187301303,165.672
486,52476220468958,52476221028716,559.758
487,52476253802294,52476254793469,991.175
488,52476287135621,52476287460175,324.554
489,52476320468947,52476321190498,721.551
490,52476353802294,52476353888965,86.671
491,52476387135611,52476387569987,434.376
492,52476420468937,52476421299549,830.612
493,52476453802304,52476453998927,196.623
494,52476487135610,52476487703389,567.779
495,52476520468897,52476521405020,936.123
496,52476553802283,52476554082568,280.285
497,52476587135550,52476587848170,712.620
498,52476620468937,52476621570273,1101.336
499,52476653802293,52476654277630,475.337
500,52476687135600,52476688006512,870.912
501,52476720468956,52476720675959,207.003
502,52476753802213,52476754351981,549.768
503,52476787135559,52476788082213,946.654
504,52476820468956,52476820785511,316.555
505,52476853802213,52476854515273,713.060
506,52476887135549,52476887192850,57.301
507,52476920468936,52476920943333,474.397
508,52476953802282,52476954652255,849.973
509,52476987135589,52476987301042,165.453
510,52477020468956,52477021032084,563.128
511,52477053802282,52477054786097,983.815
512,52477087135579,52477087461774,326.195
513,52477120469315,52477120922232,452.917
514,52477153802382,52477154616194,813.812
515,52477187135569,52477187249750,114.181
516,52477220468925,52477220998333,529.408
517,52477253802282,52477254677464,875.182
518,52477287135538,52477287382082,246.544
519,52477320468935,52477321107514,638.579
520,52477353802271,52477354844117,1041.846
521,52477387135558,52477387513764,378.206
522,52477420468925,52477421246786,777.861
523,52477453802281,52477453952544,150.263
524,52477487135548,52477487678916,543.368
525,52477520468924,52477521405838,936.914
526,52477553802281,52477554081745,279.464
527,52477587135557,52477587783297,647.740
528,52477620468944,52477621513379,1044.435
529,52477653802271,52477654142276,340.005
530,52477687135567,52477687902399,766.832
531,52477720468964,52477720573265,104.301
532,52477753802250,52477754300528,498.278
533,52477787135557,52477788029780,894.223
534,52477820468934,52477820727977,259.043
535,52477853802280,52477854439040,636.760
536,52477887135537,52477888140121,1004.584
537,52477920468933,52477920839849,370.916
538,52477953802270,52477954569811,767.541
539,52477987135557,52477987250328,114.771
540,52478020468943,52478020998501,529.558
541,52478053802250,52478054676632,874.382
542,52478087135536,52478087352180,216.644
543,52478120468873,52478121028241,559.368
544,52478153802279,52478154781164,978.885
545,52478187135566,52478187407210,271.644
546,52478220468873,52478221137062,668.189
547,52478253802249,52478254838744,1036.495
548,52478287135546,52478287516771,381.225
549,52478320468932,52478321245534,776.602
550,52478353802269,52478353944551,142.282
551,52478387135546,52478387695694,560.148
552,52478420468952,52478421434216,965.264
553,52478453802229,52478454082433,280.204
554,52478487135545,52478487784255,648.710
555,52478520468922,52478521514417,1045.495
556,52478553802269,52478554189364,387.095
557,52478587135525,52478587945427,809.902
558,52478620468942,52478620620944,152.002
559,52478653802258,52478654353176,550.918
560,52478687135555,52478688082229,946.674
561,52478720468911,52478720782596,313.685
562,52478753802218,52478754514548,712.330
563,52478787135545,52478788193660,1058.115
564,52478820468911,52478820890847,421.936
565,52478853802268,52478854626770,824.502
566,52478887135544,52478887300957,165.413
567,52478920468921,52478921028019,559.098
568,52478953802207,52478954784742,982.535
569,52478987135524,52478987459159,323.635
570,52479020468921,52479021191611,722.690
571,52479053802197,52479053888799,86.602
572,52479087135544,52479087569150,433.606
573,52479120468910,52479121300213,831.303
574,52479153802247,52479153998940,196.693
575,52479187135524,52479187728182,592.658
576,52479220468920,52479221407654,938.734
577,52479253802237,52479254082191,279.954
578,52479287135533,52479287782523,646.990
579,52479320468900,52479321462104,993.204
580,52479353802246,52479354138161,335.915
581,52479387135543,52479387892234,756.691
582,52479420468850,52479420571611,102.761
583,52479453802266,52479454300613,498.347
584,52479487135543,52479488028136,892.593
585,52479520468919,52479520731653,262.734
586,52479553802256,52479554461966,659.710
587,52479587135542,52479588190618,1055.076
588,52479620468929,52479620886755,417.826
589,52479653802256,52479654568067,765.811
590,52479687135532,52479687252374,116.842
591,52479720468899,52479721005417,536.518
592,52479753802245,52479754733689,931.444
593,52479787135522,52479787405706,270.184
594,52479820468919,52479821135588,666.669
595,52479853802255,52479854836970,1034.715
596,52479887135512,52479887514967,379.455
597,52479920468868,52479921245600,776.732
598,52479953802265,52479953952217,149.952
599,52479987135521,52479987675499,539.978
600,52480020468848,52480021410132,941.284
601,52480053802275,52480054082439,280.164
602,52480087135531,52480087828831,693.300
603,52480120468918,52480121548174,1079.256
604,52480153802244,52480154192910,390.666
605,52480187135541,52480187942123,806.582
606,52480220468898,52480220571529,102.631
607,52480253802304,52480254299861,497.557
608,52480287135511,52480288047454,911.943
609,52480320468907,52480320730981,262.074
610,52480353802254,52480354460353,658.099
611,52480387135520,52480388194516,1058.996
612,52480420468907,52480420892493,423.586
613,52480453802224,52480454622986,820.762
614,52480487135530,52480487298172,162.642
615,52480520468907,52480521027765,558.858
616,52480553802263,52480554788348,986.085
617,52480587135510,52480587459765,324.255
618,52480620468916,52480621188657,719.741
619,52480653802233,52480654889719,1087.486
620,52480687135540,52480687566666,431.126
621,52480720468966,52480721302778,833.812
622,52480753802263,52480754011556,209.293
623,52480787135509,52480787728638,593.129
624,52480820468906,52480821462440,993.534
625,52480853802233,52480854138118,335.885
626,52480887135529,52480887844250,708.721
627,52480920468846,52480921572382,1103.536
628,52480953802222,52480954245979,443.757
629,52480987135509,52480987998581,863.072
630,52481020468835,52481020619908,151.073
631,52481053802252,52481054323300,521.048
632,52481087135929,52481087285451,149.522
633,52481120469005,52481121472150,1003.145
634,52481153802252,52481154163817,361.565
635,52481187135518,52481187894429,758.911
636,52481220468905,52481220574696,105.791
637,52481253802221,52481254301119,498.898
638,52481287135518,52481288028201,892.683
639,52481320468835,52481320721748,252.913
640,52481353802241,52481354410310,608.069
641,52481387135568,52481388136642,1001.074
642,52481420468884,52481420840080,371.196
643,52481453802231,52481454568242,766.011
644,52481487135567,52481487249019,113.452
645,52481520468894,52481520998392,529.498
646,52481553802251,52481554676753,874.502
647,52481587135577,52481587354510,218.933
648,52481620468884,52481621080813,611.929
649,52481653802240,52481654785575,983.335
650,52481687135587,52481687466112,330.525
651,52481720468904,52481721190274,721.370
652,52481753802240,52481754893626,1091.386
653,52481787135527,52481787566763,431.236
654,52481820468833,52481821298925,830.092
655,52481853802180,52481853999313,197.133
656,52481887135496,52481887730455,594.959
657,52481920468903,52481921460087,991.184
658,52481953802220,52481954139535,337.315
659,52481987135546,52481987890507,754.961
660,52482020468893,52482020573264,104.371
661,52482053802219,52482054303607,501.388
662,52482087135556,52482088027849,892.293
663,52482120468942,52482120892039,423.097
664,52482153802219,52482154622791,820.572
665,52482187135556,52482187325008,189.452
666,52482220468902,52482221058641,589.739
667,52482253802229,52482254783273,981.044
668,52482287135495,52482287460320,324.825
669,52482320468912,52482321189592,720.680
670,52482353802238,52482354894284,1092.046
671,52482387135545,52482387569661,434.116
672,52482420468912,52482421303224,834.312
673,52482453802228,52482454011931,209.703
674,52482487135545,52482487728154,592.609
675,52482520468901,52482521461996,993.095
676,52482553802228,52482554144413,342.185
677,52482587135565,52482587902956,767.391
678,52482620468891,52482620573303,104.412
679,52482653802208,52482654299465,497.257
680,52482687135564,52482688027307,891.743
681,52482720468911,52482720724805,255.894
682,52482753802218,52482754408986,606.768
683,52482787135494,52482788141609,1006.115
684,52482820468881,52482820839346,370.465
685,52482853802237,52482854567568,765.331
686,52482887135494,52482887250906,115.412
687,52482920468830,52482921006978,538.148
688,52482953802227,52482954736100,933.873
689,52482987135533,52482987405697,270.164
690,52483020468840,52483021135570,666.730
691,52483053802217,52483054890582,1088.365
692,52483087135563,52483087516509,380.946
693,52483120468830,52483121246111,777.281
694,52483153802226,52483153945878,143.652
695,52483187135553,52483187679411,543.858
696,52483220468890,52483221406463,937.573
697,52483253802166,52483254106150,303.984
698,52483287135543,52483287839503,703.960
699,52483320468829,52483321574705,1105.876
700,52483353802206,52483354251352,449.146
701,52483387135552,52483388006905,871.353
702,52483420468889,52483420677792,208.903
703,52483453802216,52483454407064,604.848
704,52483487135552,52483488136127,1000.575
705,52483520468889,52483520784073,315.184
706,52483553802215,52483554516176,713.961
707,52483587135542,52483588244558,1109.016
708,52483620468878,52483620945205,476.327
709,52483653802215,52483654676708,874.493
710,52483687135562,52483687353495,217.933
711,52483720468818,52483721082067,613.249
712,52483753802655,52483754744918,942.263
713,52483787136181,52483788215457,1079.276
714,52483820468878,52483820897734,428.856
715,52483853802214,52483854626586,824.372
716,52483887135501,52483887306563,171.062
717,52483920468827,52483921029026,560.199
718,52483953802214,52483954786238,984.024
719,52483987135521,52483987461655,326.134
720,52484020468847,52484021222278,753.431
721,52484053802204,52484053893545,91.341
722,52484087135540,52484087623238,487.698
723,52484120468827,52484121354220,885.393
724,52484153802223,52484154057757,255.534
725,52484187135550,52484187786030,650.480
726,52484220468827,52484221513902,1045.075
727,52484253802193,52484254190179,387.986
728,52484287135540,52484287891131,755.591
729,52484320468866,52484320572198,103.332
730,52484353802203,52484354297430,495.227
731,52484387135540,52484388005502,869.962
732,52484420468876,52484420678099,209.223
733,52484453802183,52484454437072,634.889
734,52484487135529,52484488136454,1000.925
735,52484520468886,52484520835251,366.365
736,52484553802183,52484554519813,717.630
737,52484587135529,52484588251005,1115.476
738,52484620468886,52484620948473,479.587
739,52484653802212,52484654680775,878.563
740,52484687135539,52484687352872,217.333
741,52484720468805,52484721081374,612.569
742,52484753802142,52484754831387,1029.245
743,52484787135469,52484787486524,351.055
744,52484820468895,52484821191726,722.831
745,52484853802212,52484853892133,89.921
746,52484887135488,52484887649616,514.128
747,52484920468895,52484921352688,883.793
748,52484953802201,52484954029405,227.204
749,52484987135468,52484987781657,646.189
750,52485020468834,52485021462429,993.595
751,52485053802201,52485054139246,337.045
752,52485087135538,52485087894469,758.931
753,52485120468824,52485120571256,102.432
754,52485153802191,52485154305578,503.387
755,52485187135497,52485188028040,892.543
756,52485220468874,52485220732508,263.634
757,52485253802190,52485254467350,665.160
758,52485287135517,52485288190712,1055.195
759,52485320468804,52485320894470,425.666
760,52485353802210,52485354627112,824.902
761,52485387135537,52485387305979,170.442
762,52485420468863,52485421028011,559.148
763,52485453802190,52485454783534,981.344
764,52485487135527,52485487470792,335.265
765,52485520468853,52485521189754,720.901
766,52485553802210,52485554889936,1087.726
767,52485587135536,52485587570013,434.477
768,52485620468853,52485621305005,836.152
769,52485653802190,52485654006212,204.022
770,52485687135466,52485687728905,593.439
771,52485720468863,52485721462897,994.034
772,52485753802199,52485754137114,334.915
773,52485787135506,52485787895067,759.561
774,52485820468872,52485820598394,129.522
775,52485853802169,52485854331247,529.078
776,52485887135455,52485888030129,894.674
777,52485920468862,52485920736026,267.164
778,52485953802179,52485954463478,661.299
779,52485987135455,52485988190811,1055.356
780,52486020468852,52486020893708,424.856
781,52486053802188,52486054651131,848.943
782,52486087135665,52486088216001,1080.336
783,52486120469061,52486120939398,470.337
784,52486153802118,52486154626250,824.132
785,52486187135515,52486187303887,168.372
786,52486220468871,52486221028309,559.438
787,52486253802198,52486254784812,982.614
788,52486287135464,52486287484239,348.775
789,52486320468871,52486321215422,746.551
790,52486353802097,52486353893189,91.092
791,52486387135524,52486387622691,487.167
792,52486420468841,52486421387164,918.323
793,52486453802177,52486454057241,255.064
794,52486487135474,52486487787693,652.219
795,52486520468869,52486521515085,1046.216
796,52486553802196,52486554192612,390.416
797,52486587135473,52486587948295,812.822
798,52486620468800,52486620622862,154.062
799,52486653802117,52486654358965,556.848
800,52486687135464,52486688082638,947.174
801,52486720468850,52486720783205,314.355
802,52486753802116,52486754540007,737.891
803,52486787135512,52486787191933,56.421
804,52486820468799,52486820945606,476.807
805,52486853802116,52486854675819,873.703
806,52486887135473,52486887353806,218.333
807,52486920468859,52486921082328,613.469
808,52486953802196,52486954835781,1033.585
809,52486987135503,52486987462197,326.694
810,52487020468779,52487021192430,723.651
811,52487053802196,52487053893248,91.052
812,52487087135453,52487087647270,511.817
813,52487120468819,52487120593141,124.322
814,52487153802066,52487154297303,495.237
815,52487187135492,52487188006594,871.102
816,52487220468857,52487220677670,208.813
817,52487253802173,52487254413112,610.939
818,52487287135440,52487288136855,1001.415
819,52487320468767,52487320831342,362.575
820,52487353802114,52487354520914,718.800
821,52487387135511,52487387199692,64.181
822,52487420468838,52487420954025,485.187
823,52487453802164,52487454676276,874.112
824,52487487135460,52487487351603,216.143
825,52487520468827,52487521052005,583.178
826,52487553802163,52487554788228,986.065
827,52487587135470,52487587460224,324.754
828,52487620468806,52487621190707,721.901
829,52487653802103,52487653891194,89.091
830,52487687135449,52487687623427,487.978
831,52487720468836,52487721352479,883.643
832,52487753802153,52487754029386,227.233
833,52487787135449,52487787786319,650.870
834,52487820468846,52487821541301,1072.455
835,52487853802112,52487854216398,414.286
836,52487887135469,52487887946321,810.852
837,52487920468845,52487920622428,153.583
838,52487953802152,52487954355630,553.478
839,52487987135458,52487988083392,947.934
840,52488020468815,52488020780830,312.015
841,52488053802132,52488054516952,714.820
842,52488087135458,52488087190859,55.401
843,52488120468795,52488120960302,491.507
844,52488153802121,52488154685074,882.953
845,52488187135488,52488187351731,216.243
846,52488220468755,52488221082043,613.288
847,52488253802161,52488254834716,1032.555
848,52488287135478,52488287467863,332.385
849,52488320468814,52488321190845,722.031
850,52488353802121,52488353893122,91.001
851,52488387135507,52488387624565,489.058
852,52488420468814,52488421353817,885.003
853,52488453802181,52488454028384,226.203
854,52488487135497,52488487784797,649.300
855,52488520468814,52488521515549,1046.735
856,52488553802180,52488554192426,390.246
857,52488587135507,52488587947589,812.082
858,52488620468783,52488620622596,153.813
859,52488653802110,52488654352658,550.548
860,52488687135487,52488688082091,946.604
861,52488720468843,52488720783738,314.895
862,52488753802120,52488754546141,744.021
863,52488787135486,52488787217147,81.661
864,52488820468823,52488820945770,476.947
865,52488853802090,52488854678042,875.952
866,52488887135426,52488887355399,219.973
867,52488920468833,52488921082162,613.329
868,52488953802089,52488954844384,1042.295
869,52488987135496,52488987521161,385.665
870,52489020468832,52489021246814,777.982
871,52489053802109,52489053948981,146.872
872,52489087135495,52489087702674,567.179
873,52489120468772,52489121412646,943.874
874,52489153802089,52489154119343,317.254
875,52489187135505,52489187840095,704.590
876,52489220468832,52489221573448,1104.616
877,52489253802168,52489254271795,469.627
878,52489287135475,52489288006257,870.782
879,52489320468761,52489320680885,212.124
880,52489353802098,52489354409847,607.749
881,52489387135504,52489388135939,1000.435
882,52489420468811,52489420833666,364.855
883,52489453802178,52489454521978,719.800
884,52489487135474,52489487192565,57.091
885,52489520468831,52489520951038,482.207
886,52489553802137,52489554676920,874.783
887,52489587135484,52489587351437,215.953
888,52489620468751,52489621082359,613.608
889,52489653802087,52489654782981,980.894
890,52489687135464,52489687462578,327.114
891,52489720468760,52489721192011,723.251
892,52489753802157,52489753898378,96.221
893,52489787135473,52489787622191,486.718
894,52489820468820,52489821380143,911.323
895,52489853802096,52489854028550,226.454
896,52489887135463,52489887786793,651.330
897,52489920468770,52489921551525,1082.755
898,52489953802156,52489954193582,391.426
899,52489987135483,52489987950975,815.492
900,52490020468749,52490020650652,181.903
901,52490053802136,52490054356954,554.818
902,52490087135473,52490088083216,947.743
903,52490120468749,52490120793984,325.235
904,52490153802086,52490154556547,754.461
905,52490187135432,52490187217903,82.471
906,52490220468829,52490220946776,477.947
907,52490253802155,52490254682928,880.773
908,52490287135462,52490287352725,217.263
909,52490320468829,52490321083048,614.219
910,52490353802075,52490354839600,1037.525
911,52490387135482,52490387513047,377.565
912,52490420468818,52490421249560,780.742
913,52490453802135,52490453947307,145.172
914,52490487135481,52490487679029,543.548
915,52490520468808,52490521406931,938.123
916,52490553802144,52490554082409,280.265
917,52490587135491,52490587835151,699.660
918,52490620468758,52490621512083,1043.325
919,52490653802074,52490654161159,359.085
920,52490687135481,52490687896132,760.651
921,52490720468797,52490720580399,111.602
922,52490753802124,52490754297761,495.637
923,52490787135420,52490788028474,893.054
924,52490820468807,52490820726941,258.134
925,52490853802083,52490854407382,605.299
926,52490887135470,52490888136755,1001.285
927,52490920468757,52490920853852,385.095
928,52490953802143,52490954603055,800.912
929,52490987135480,52490987273262,137.782
930,52491020468746,52491020999834,531.088
931,52491053802133,52491054729346,927.213
932,52491087135709,52491087422024,286.315
933,52491120468896,52491121465661,996.765
934,52491153802083,52491154144008,341.925
935,52491187135419,52491187896270,760.851
936,52491220468796,52491220575437,106.641
937,52491253802162,52491254298580,496.418
938,52491287135489,52491288028962,893.473
939,52491320468735,52491320730279,261.544
940,52491353802102,52491354459692,657.590
941,52491387135459,52491388160133,1024.674
942,52491420468805,52491420842801,373.996
943,52491453802192,52491454570233,768.041
944,52491487135468,52491487247350,111.882
945,52491520468805,52491521007893,539.088
946,52491553802131,52491554731405,929.274
947,52491587135448,52491587407502,272.054
948,52491620468755,52491621135294,666.539
949,52491653802091,52491654891297,1089.206
950,52491687135458,52491687568844,433.386
951,52491720468754,52491721301136,832.382
952,52491753802131,52491754007894,205.763
953,52491787135467,52491787729856,594.389
954,52491820468804,52491821461098,992.294
955,52491853802091,52491854135785,333.694
956,52491887135427,52491887892718,757.291
957,52491920468794,52491920572085,103.291
958,52491953802120,52491954298207,496.087
959,52491987135427,52491988027540,892.113
960,52492020468733,52492020730027,261.294
961,52492053802140,52492054461080,658.940
962,52492087135466,52492088190462,1054.996
963,52492120468753,52492121090702,621.949
964,52492153802030,52492154790114,988.084
965,52492187135456,52492187461131,325.675
966,52492220468803,52492221190773,721.970
967,52492253802129,52492253892410,90.281
968,52492287135466,52492287621593,486.127
969,52492320468742,52492321353505,884.763
970,52492353802119,52492354027532,225.413
971,52492387135425,52492387783495,648.070
972,52492420468802,52492421538758,1069.956
973,52492453802109,52492454191294,389.185
974,52492487135465,52492487946347,810.882
975,52492520468732,52492520644734,176.002
976,52492553802088,52492554385167,583.079
977,52492587135445,52492588083669,948.224
978,52492620468771,52492620784186,315.415
979,52492653802058,52492654513448,711.390
980,52492687135455,52492688244031,1108.576
981,52492720468721,52492720894627,425.906
982,52492753802128,52492754624530,822.402
983,52492787135404,52492787297607,162.203
984,52492820468771,52492821028099,559.328
985,52492853802057,52492854780142,978.085
986,52492887135394,52492887514529,379.135
987,52492920468741,52492921244062,775.321
988,52492953802117,52492953944339,142.222
989,52492987135404,52492987620791,485.387
990,52493020468770,52493021298592,829.822
991,52493053802117,52493053997290,195.173
992,52493087135433,52493087674321,538.888
993,52493120468730,52493121408214,939.484
994,52493153802076,52493154081930,279.854
995,52493187135453,52493187841233,705.780
996,52493220468790,52493221459874,991.084
997,52493253802096,52493254136421,334.325
998,52493287135463,52493287892574,757.111
999,52493320468739,52493320570851,102.112
1000,52493353802076,52493354298643,496.567
1001,52493387135443,52493388028525,893.082
1002,52493420468769,52493420737943,269.174
1003,52493453802126,52493454461855,659.729
1004,52493487135462,52493488189948,1054.486
1005,52493520468719,52493520886975,418.256
1006,52493553802115,52493554569566,767.451
1007,52493587135422,52493587249443,114.021
1008,52493620468768,52493621007276,538.508
1009,52493653802055,52493654736949,934.894
1010,52493687135462,52493687405516,270.054
1011,52493720468708,52493721137028,668.320
1012,52493753802125,52493754836910,1034.785
1013,52493787135451,52493787517527,382.076
1014,52493820468708,52493821247579,778.871
1015,52493853802094,52493853952646,150.552
1016,52493887135381,52493887676839,541.458
1017,52493920468728,52493921404271,935.543
1018,52493953802044,52493954081818,279.774
1019,52493987135431,52493987838631,703.200
1020,52494020468737,52494021566233,1097.496
1021,52494053802054,52494054244740,442.686
1022,52494087135420,52494087997803,862.383
1023,52494120468707,52494120625879,157.172
1024,52494153802073,52494154356532,554.459
1025,52494187135430,52494188082814,947.384
1026,52494220468776,52494220792291,323.515
1027,52494253802113,52494254512633,710.520
1028,52494287135420,52494288244416,1108.996
1029,52494320468726,52494320889712,420.986
1030,52494353802113,52494354568174,766.061
1031,52494387135449,52494387250311,114.862
1032,52494420468776,52494421007164,538.388
1033,52494453802102,52494454731226,929.124
1034,52494487135439,52494487406593,271.154
1035,52494520468695,52494521134695,666.000
1036,52494553802092,52494554885898,1083.806
1037,52494587135439,52494587542735,407.296
1038,52494620468775,52494621244717,775.942
1039,52494653802052,52494653943774,141.722
1040,52494687135448,52494687619666,484.218
1041,52494720468725,52494721352288,883.563
1042,52494753802042,52494753998694,196.652
1043,52494787135818,52494787688686,552.868
1044,52494820468825,52494821411768,942.943
1045,52494853802091,52494854082155,280.064
1046,52494887135388,52494887841748,706.360
1047,52494920468774,52494920543285,74.511
1048,52494953802111,52494954271678,469.567
1049,52494987135367,52494988008030,872.663
1050,52495020468754,52495020677787,209.033
1051,52495053802091,52495054434150,632.059
1052,52495087135417,52495088163552,1028.135
1053,52495120468754,52495120843209,374.455
1054,52495153802040,52495154568151,766.111
1055,52495187135377,52495187248568,113.191
1056,52495220468773,52495221005691,536.918
1057,52495253802090,52495254729323,927.233
1058,52495287135417,52495287350360,214.943
1059,52495320468713,52495321051121,582.408
1060,52495353802080,52495354780604,978.524
1061,52495387135436,52495387459011,323.575
1062,52495420468763,52495421190343,721.580
1063,52495453802119,52495454890545,1088.426
1064,52495487135426,52495487566382,430.956
1065,52495520468762,52495521263804,795.042
1066,52495553802099,52495553943001,140.902
1067,52495587135416,52495587617833,482.417
1068,52495620468732,52495621352985,884.253
1069,52495653802029,52495654033362,231.333
1070,52495687135435,52495687781695,646.260
1071,52495720468752,52495721462426,993.674
1072,52495753802108,52495754162044,359.936
1073,52495787135365,52495787890616,755.251
1074,52495820468771,52495820576203,107.432
1075,52495853802078,52495854298575,496.497
1076,52495887135365,52495888027928,892.563
1077,52495920468741,52495920728865,260.124
1078,52495953802098,52495954406767,604.669
1079,52495987135424,52495988137319,1001.895
1080,52496020468771,52496020838636,369.865
1081,52496053802077,52496054594819,792.742
1082,52496087135954,52496087363967,228.013
1083,52496120468871,52496121202041,733.170
1084,52496153802017,52496153894249,92.232
1085,52496187135414,52496187622041,486.627
1086,52496220468710,52496221357053,888.343
1087,52496253802097,52496254027570,225.473
1088,52496287135433,52496287782483,647.050
1089,52496320468710,52496321460734,992.024
1090,52496353802077,52496354135721,333.644
1091,52496387135413,52496387898934,763.521
1092,52496420468760,52496420573341,104.581
1093,52496453802096,52496454327674,525.578
1094,52496487135413,52496488052886,917.473
1095,52496520468699,52496520730143,261.444
1096,52496553802036,52496554459465,657.429
1097,52496587135353,52496588136287,1000.934
1098,52496620468759,52496620836054,367.295
1099,52496653802016,52496654543206,741.190
1100,52496687135352,52496687192453,57.101
1101,52496720468709,52496720940126,471.417
1102,52496753802015,52496754622067,820.052
1103,52496787135472,52496787297814,162.342
1104,52496820468738,52496821027626,558.888
1105,52496853802025,52496854786579,984.554
1106,52496887135362,52496887460826,325.464
1107,52496920468688,52496921190399,721.711
1108,52496953802085,52496953884876,82.791
1109,52496987135371,52496987568627,433.256
1110,52497020468758,52497021299840,831.082
1111,52497053802084,52497054006067,203.983
1112,52497087135411,52497087728259,592.848
1113,52497120468777,52497120777642,308.865
1114,52497153801974,52497154455184,653.210
1115,52497187135421,52497188167886,1032.465
1116,52497220468747,52497220837643,368.896
1117,52497253802084,52497254567005,764.921
1118,52497287135420,52497288244816,1109.396
1119,52497320468717,52497320940244,471.527
1120,52497353802063,52497354649676,847.613
1121,52497387135410,52497387297862,162.452
1122,52497420468777,52497421032445,563.668
1123,52497453802073,52497454783017,980.944
1124,52497487135400,52497487459704,324.304
1125,52497520468746,52497521135606,666.860
1126,52497553802073,52497554889519,1087.446
1127,52497587135389,52497587515965,380.576
1128,52497620468776,52497621244697,775.921
1129,52497653802012,52497653941605,139.593
1130,52497687135389,52497687674447,539.058
1131,52497720468746,52497721429830,961.084
1132,52497753802062,52497754082006,279.944
1133,52497787135659,52497787840369,704.710
1134,52497820468745,52497821567081,1098.336
1135,52497853802082,52497854243298,441.216
1136,52497887135368,52497888007191,871.823
1137,52497920468745,52497920706098,237.353
1138,52497953802071,52497954406680,604.609
1139,52497987135358,52497988136143,1000.785
1140,52498020468735,52498020836820,368.085
1141,52498053802061,52498054566042,763.981
1142,52498087135388,52498087247769,112.381
1143,52498120468674,52498121021732,553.058
1144,52498153801991,52498154732434,930.443
1145,52498187135397,52498187407621,272.224
1146,52498220468714,52498221136094,667.380
1147,52498253802050,52498254888486,1086.436
1148,52498287135407,52498287539973,404.566
1149,52498320468723,52498321267855,799.132
1150,52498353802060,52498353946362,144.302
1151,52498387135407,52498387677245,541.838
1152,52498420468753,52498421406237,937.484
1153,52498453802080,52498454081594,279.514
1154,52498487135376,52498487833256,697.880
1155,52498520468723,52498521513338,1044.615
1156,52498553802069,52498554194785,392.716
1157,52498587135376,52498587949578,814.202
1158,52498620468712,52498620625655,156.943
1159,52498653802019,52498654352227,550.208
1160,52498687135396,52498688082129,946.733
1161,52498720468722,52498720781617,312.895
1162,52498753801999,52498754463398,661.399
1163,52498787135325,52498788191171,1055.846
1164,52498820468722,52498820891338,422.616
1165,52498853802068,52498854622201,820.133
1166,52498887135375,52498887299027,163.652
1167,52498920468672,52498921034580,565.908
1168,52498953801988,52498954787923,985.935
1169,52498987135375,52498987464110,328.735
1170,52499020468741,52499021191982,723.241
1171,52499053801998,52499053886589,84.591
1172,52499087135404,52499087566371,430.967
1173,52499120468681,52499121305693,837.012
1174,52499153801987,52499154014121,212.134
1175,52499187135374,52499187731983,596.609
1176,52499220468711,52499221461625,992.914
1177,52499253802067,52499254136892,334.825
1178,52499287135374,52499287883435,748.061
1179,52499320468720,52499320539831,71.111
1180,52499353802047,52499354246843,444.796
1181,52499387135403,52499387998036,862.633
1182,52499420468720,52499420627642,158.922
1183,52499453802067,52499454354795,552.728
1184,52499487135383,52499488106187,970.804
1185,52499520468660,52499520783094,314.434
1186,52499553802056,52499554517757,715.701
1187,52499587135383,52499587193384,58.001
1188,52499620468709,52499620947486,478.777
1189,52499653802006,52499654677769,875.763
1190,52499687135382,52499687353116,217.734
1191,52499720468679,52499721090608,621.929
1192,52499753802056,52499754841681,1039.625
1193,52499787135372,52499787516478,381.106
1194,52499820468739,52499821249120,780.381
1195,52499853802055,52499853946427,144.372
1196,52499887135312,52499887675750,540.438
1197,52499920468718,52499921404842,936.124
1198,52499953802065,52499954087659,285.594
1199,52499987135331,52499987835262,699.931
1200,52500020468698,52500021538824,1070.126
1201,52500053802065,52500054190090,388.025
1202,52500087135381,52500087900752,765.371
1203,52500120469638,52500120650410,180.772
1204,52500153802104,52500154376943,574.839
1205,52500187135331,52500188084194,948.863
1206,52500220468707,52500220783002,314.295
1207,52500253802034,52500254537805,735.771
1208,52500287135390,52500287190351,54.961
1209,52500320468727,52500320941804,473.077
1210,52500353802043,52500354626386,824.343
1211,52500387135390,52500387299082,163.692
1212,52500420468697,52500421055375,586.678
1213,52500453802023,52500454784157,982.134
1214,52500487135370,52500487461464,326.094
1215,52500520468706,52500521221407,752.701
1216,52500553802033,52500553900564,98.531
1217,52500587135389,52500587623427,488.038
1218,52500620468696,52500621351689,882.993
1219,52500653801972,52500654027586,225.614
1220,52500687135369,52500687778398,643.029
1221,52500720468766,52500721460230,991.464
1222,52500753801972,52500754142227,340.255
1223,52500787135379,52500787899880,764.501
1224,52500820468705,52500820598257,129.552
1225,52500853802052,52500854303369,501.317
1226,52500887135338,52500888027351,892.013
1227,52500920468695,52500920677188,208.493
1228,52500953802021,52500954407990,605.969
1229,52500987135358,52500988141093,1005.735
1230,52501020468705,52501020838410,369.705
1231,52501053802051,52501054568282,766.231
1232,52501087135528,52501087255109,119.581
1233,52501120468824,52501121253886,785.062
1234,52501153802001,52501153941523,139.522
1235,52501187135377,52501187653835,518.458
1236,52501220468684,52501221353507,884.823
1237,52501253802040,52501254028334,226.294
1238,52501287135367,52501287781156,645.789
1239,52501320468644,52501321462228,993.584
1240,52501353802050,52501354135315,333.265
1241,52501387135337,52501387887088,751.751
1242,52501420468693,52501421567579,1098.886
1243,52501453802030,52501454213786,411.756
1244,52501487135306,52501487947468,812.162
1245,52501520468663,52501520623915,155.252
1246,52501553802029,52501554357948,555.919
1247,52501587135526,52501588081620,946.094
1248,52501620468653,52501620777077,308.424
1249,52501653801969,52501654459079,657.110
1250,52501687135376,52501688159101,1023.725
1251,52501720468642,52501720836868,368.226
1252,52501753802099,52501754594090,791.991
1253,52501787135295,52501787247877,112.582
1254,52501820468712,52501820998760,530.048
1255,52501853801968,52501854675261,873.293
1256,52501887135315,52501887352848,217.533
1257,52501920468652,52501921027660,559.008
1258,52501953802028,52501954780752,978.724
1259,52501987135305,52501987434709,299.404
1260,52502020468661,52502021138321,669.660
1261,52502053802028,52502054887474,1085.446
1262,52502087135374,52502087514630,379.256
1263,52502120468721,52502121436385,967.664
1264,52502153801907,52502154085732,283.825
1265,52502187135364,52502187837294,701.930
1266,52502220468701,52502221568657,1099.956
1267,52502253802037,52502254268184,466.147
1268,52502287135344,52502287995936,860.592
1269,52502320468690,52502320679583,210.893
1270,52502353802007,52502354413086,611.079
1271,52502387135293,52502388136408,1001.115
1272,52502420468680,52502420833735,365.055
1273,52502453802026,52502454539377,737.351
1274,52502487135373,52502487221424,86.051
1275,52502520468680,52502520946637,477.957
1276,52502553802036,52502554677859,875.823
1277,52502587135363,52502587353246,217.883
1278,52502620468629,52502621110309,641.680
1279,52502653801956,52502654837241,1035.285
1280,52502687135342,52502687516388,381.046
1281,52502720468679,52502721250830,782.151
1282,52502753801955,52502753947598,145.643
1283,52502787135412,52502787676120,540.708
1284,52502820468679,52502821406632,937.953
1285,52502853802015,52502854081839,279.824
1286,52502887135282,52502887829252,693.970
1287,52502920468668,52502921514763,1046.095
1288,52502953802035,52502954190931,388.896
1289,52502987135351,52502987944363,809.012
1290,52503020468688,52503020573769,105.081
1291,52503053802014,52503054299142,497.128
1292,52503087135361,52503088028384,893.023
1293,52503120468618,52503120734511,265.893
1294,52503153801964,52503154461014,659.050
1295,52503187135351,52503188189786,1054.435
1296,52503220468617,52503220889473,420.856
1297,52503253802014,52503254594555,792.541
1298,52503287135360,52503287247602,112.242
1299,52503320468647,52503320996535,527.888
1300,52503353802013,52503354677716,875.703
1301,52503387135300,52503387353083,217.783
1302,52503420468687,52503421081846,613.159
1303,52503453802003,52503454836638,1034.635
1304,52503487135350,52503487514925,379.575
1305,52503520468696,52503521245288,776.592
1306,52503553802023,52503553949365,147.342
1307,52503587135349,52503587676887,541.538
1308,52503620468616,52503621408970,940.354
1309,52503653801942,52503654081757,279.815
1310,52503687135339,52503687835649,700.310
1311,52503720468686,52503721517781,1049.095
1312,52503753801992,52503754190768,388.776
1313,52503787135349,52503787944961,809.612
1314,52503820468675,52503820573797,105.122
1315,52503853802002,52503854304979,502.977
1316,52503887135308,52503888027151,891.843
1317,52503920468915,52503920725349,256.434
1318,52503953801962,52503954405890,603.928
1319,52503987135348,52503988135402,1000.054
1320,52504020468665,52504020835980,367.315
1321,52504053801961,52504054518342,716.381
1322,52504087135348,52504088244204,1108.856
1323,52504120468634,52504120890520,421.886
1324,52504153801941,52504154570442,768.501
1325,52504187135347,52504187250169,114.822
1326,52504220468664,52504221006472,537.808
1327,52504253802011,52504254730904,928.893
1328,52504287135357,52504287405251,269.894
1329,52504320468654,52504321136213,667.559
1330,52504353802010,52504354892476,1090.466
1331,52504387135287,52504387569643,434.356
1332,52504420468663,52504421298105,829.442
1333,52504453802000,52504454005693,203.693
1334,52504487135336,52504487728045,592.709
1335,52504520468673,52504521459347,990.674
1336,52504553801999,52504554137414,335.415
1337,52504587135346,52504587894247,758.901
1338,52504620468622,52504620571344,102.722
1339,52504653801959,52504654298006,496.047
1340,52504687135346,52504688027629,892.283
1341,52504720468672,52504720676425,207.753
1342,52504753801999,52504754408638,606.639
1343,52504787135285,52504788135000,999.715
1344,52504820468662,52504820835407,366.745
1345,52504853801998,52504854514299,712.301
1346,52504887135265,52504888190750,1055.485
1347,52504920468671,52504920890457,421.786
1348,52504953801998,52504954570759,768.761
1349,52504987135335,52504987248866,113.531
1350,52505020468681,52505021006239,537.558
1351,52505053801998,52505054731121,929.123
1352,52505087135324,52505087406748,271.424
1353,52505120468601,52505121138300,669.699
1354,52505153801957,52505154891903,1089.946
1355,52505187135284,52505187568630,433.346
1356,52505220468660,52505221298732,830.072
1357,52505253801997,52505253995460,193.463
1358,52505287135334,52505287677791,542.457
1359,52505320468600,52505321410034,941.434
1360,52505353801997,52505354082921,280.924
1361,52505387135313,52505387842663,707.350
1362,52505420468640,52505420546321,77.681
1363,52505453802006,52505454244573,442.567
1364,52505487135333,52505487998835,863.502
1365,52505520468649,52505520622602,153.953
1366,52505553801996,52505554352114,550.118
1367,52505587135332,52505588083586,948.254
1368,52505620468649,52505620785864,317.215
1369,52505653801925,52505654523516,721.591
1370,52505687135332,52505687196653,61.321
1371,52505720468599,52505720946065,477.466
1372,52505753801975,52505754677658,875.683
1373,52505787135322,52505787351475,216.153
1374,52505820468668,52505821083477,614.809
1375,52505853801985,52505854834290,1032.305
1376,52505887135261,52505887459396,324.135
1377,52505920468668,52505921190378,721.710
1378,52505953801994,52505954891920,1089.926
1379,52505987135251,52505987569057,433.806
1380,52506020468668,52506021298610,829.942
1381,52506053801994,52506053995597,193.603
1382,52506087135781,52506087691149,555.368
1383,52506120468717,52506120863573,394.856
1384,52506153802014,52506154570855,768.841
1385,52506187135310,52506187249502,114.192
1386,52506220468657,52506221006025,537.368
1387,52506253801983,52506254755327,953.344
1388,52506287135260,52506287447854,312.594
1389,52506320468676,52506321139346,670.670
1390,52506353801973,52506354893889,1091.916
1391,52506387135340,52506387566656,431.316
1392,52506420468666,52506421245047,776.381
1393,52506453801973,52506453941875,139.902
1394,52506487135309,52506487628346,493.037
1395,52506520468666,52506521353069,884.403
1396,52506553801972,52506554027306,225.334
1397,52506587135279,52506587780658,645.379
1398,52506620468635,52506621465430,996.795
1399,52506653801932,52506654136317,334.385
1400,52506687135308,52506687892310,757.002
1401,52506720468655,52506720578017,109.362
1402,52506753801972,52506754297909,495.937
1403,52506787135298,52506788028981,893.683
1404,52506820468655,52506820728208,259.553
1405,52506853801931,52506854408070,606.139
1406,52506887135268,52506888136532,1001.264
1407,52506920468634,52506920839230,370.596
1408,52506953801961,52506954570832,768.871
1409,52506987135277,52506987249409,114.132
1410,52507020468644,52507021009092,540.448
1411,52507053801981,52507054730224,928.243
1412,52507087135327,52507087410281,274.954
1413,52507120468844,52507121150434,681.590
1414,52507153801920,52507154894886,1092.966
1415,52507187135317,52507187568883,433.566
1416,52507220468633,52507221299745,831.112
1417,52507253801910,52507254012293,210.383
1418,52507287135316,52507287737325,602.009
1419,52507320468593,52507321461607,993.014
1420,52507353801960,52507354137084,335.124
1421,52507387135316,52507387891117,755.801
1422,52507420468653,52507420572964,104.311
1423,52507453801969,52507454297986,496.017
1424,52507487135296,52507488053919,918.623
1425,52507520468612,52507520731806,263.194
1426,52507553801959,52507554491119,689.160
1427,52507587135315,52507588218391,1083.076
1428,52507620468632,52507620890728,422.096
1429,52507653801919,52507654569390,767.471
1430,52507687135315,52507687268397,133.082
1431,52507720468582,52507721007260,538.678
1432,52507753801968,52507754731602,929.634
1433,52507787135255,52507787404469,269.214
1434,52507820468621,52507821082240,613.619
1435,52507853801968,52507854832793,1030.825
1436,52507887135244,52507887462109,326.865
1437,52507920468641,52507921192111,723.470
1438,52507953801977,52507953888159,86.182
1439,52507987135294,52507987567450,432.156
1440,52508020468641,52508021297853,829.212
1441,52508053801947,52508053995210,193.263
1442,52508087135304,52508087731432,596.128
1443,52508120468580,52508121466515,997.935
1444,52508153801907,52508154138202,336.295
1445,52508187135293,52508187892064,756.771
1446,52508220468580,52508221208471,739.891
1447,52508253801966,52508253914938,112.972
1448,52508287135303,52508287621970,486.667
1449,52508320468639,52508321353082,884.443
1450,52508353801946,52508354028779,226.833
1451,52508387135302,52508387788122,652.820
1452,52508420468619,52508421514084,1045.465
1453,52508453801976,52508454190801,388.825
1454,52508487135292,52508487945354,810.062
1455,52508520468639,52508520623361,154.722
1456,52508553801975,52508554324443,522.468
1457,52508587135312,52508588054085,918.773
1458,52508620468618,52508620732612,263.994
1459,52508653801915,52508654460295,658.380
1460,52508687135291,52508688216707,1081.416
1461,52508720468628,52508720890054,421.426
1462,52508753801964,52508754626857,824.893
1463,52508787135301,52508787298203,162.902
1464,52508820468558,52508821028776,560.218
1465,52508853801964,52508854788679,986.715
1466,52508887135241,52508887460515,325.274
1467,52508920468627,52508921191408,722.781
1468,52508953801924,52508953891015,89.091
1469,52508987135300,52508987576547,441.247
1470,52509020468627,52509021299099,830.472
1471,52509053801893,52509053997106,195.213
1472,52509087135290,52509087707488,572.198
1473,52509120468577,52509121430881,962.304
1474,52509153801913,52509154082837,280.924
1475,52509187135240,52509187839400,704.160
1476,52509220468616,52509221567772,1099.156
1477,52509253801943,52509254268979,467.036
1478,52509287135289,52509288004672,869.383
1479,52509320468576,52509320676859,208.283
1480,52509353801952,52509354352550,550.598
1481,52509387135289,52509388082873,947.584
1482,52509420468636,52509420783710,315.074
1483,52509453802002,52509454460272,658.270
1484,52509487135259,52509488189634,1054.375
1485,52509520468615,52509520889261,420.646
1486,52509553801962,52509554567633,765.671
1487,52509587135298,52509587249010,113.712
1488,52509620468635,52509621006113,537.478
1489,52509653801901,52509654730895,928.994
1490,52509687135268,52509687405632,270.364
1491,52509720468624,52509721082623,613.999
1492,52509753801941,52509754834346,1032.405
1493,52509787135218,52509787488283,353.065
1494,52509820468634,52509821189365,720.731
1495,52509853801961,52509853892082,90.121
1496,52509887135297,52509887627934,492.637
1497,52509920468614,52509921353357,884.743
1498,52509953801930,52509954028104,226.174
1499,52509987135297,52509987780686,645.389
1500,52510020468603,52510021462448,993.845
1501,52510053802190,52510054135695,333.505
1502,52510087135276,52510087889837,754.561
1503,52510120468563,52510121573929,1105.366
1504,52510153801909,52510154246896,444.987
1505,52510187135216,52510188006079,870.863
1506,52510220468613,52510220683376,214.763
1507,52510253801949,52510254405828,603.879
1508,52510287135286,52510288136060,1000.774
1509,52510320468602,52510320835048,366.446
1510,52510353801959,52510354513189,711.230
1511,52510387135265,52510388214311,1079.046
1512,52510420468602,52510420892408,423.806
1513,52510453801928,52510454621210,819.282
1514,52510487135275,52510487298347,163.072
1515,52510520468601,52510521056890,588.289
1516,52510553801948,52510554783622,981.674
1517,52510587135274,52510587460219,324.945
1518,52510620468591,52510621190092,721.501
1519,52510653801878,52510653894559,92.681
1520,52510687135284,52510687621921,486.637
1521,52510720468631,52510721351974,883.343
1522,52510753801967,52510754028221,226.254
1523,52510787135254,52510787728822,593.568
1524,52510820468600,52510821461135,992.535
1525,52510853801937,52510854135932,333.995
1526,52510887135223,52510887888634,753.411
1527,52510920468560,52510921567726,1099.166
1528,52510953801946,52510954244373,442.427
1529,52510987135273,52510987993916,858.643
1530,52511020468540,52511020625452,156.912
1531,52511053801926,52511054355384,553.458
1532,52511087135503,52511088095917,960.414
1533,52511120468639,52511121038417,569.778
1534,52511153801866,52511154781190,979.324
1535,52511187135262,52511187438227,302.965
1536,52511220468599,52511221136388,667.789
1537,52511253801955,52511254895941,1093.986
1538,52511287135252,52511287566668,431.416
1539,52511320468559,52511321243850,775.291
1540,52511353801915,52511353943227,141.312
1541,52511387135252,52511387622259,487.007
1542,52511420468598,52511421352281,883.683
1543,52511453801935,52511454028068,226.133
1544,52511487135271,52511487780601,645.330
1545,52511520468598,52511521459542,990.944
1546,52511553801934,52511554161189,359.255
1547,52511587135281,52511587894082,758.801
1548,52511620468587,52511620572649,104.062
1549,52511653801874,52511654298731,496.857
1550,52511687135291,52511688051314,916.023
1551,52511720468597,52511720755461,286.864
1552,52511753801934,52511754460643,658.709
1553,52511787135280,52511788191005,1055.725
1554,52511820468587,52511820893393,424.806
1555,52511853801873,52511854643035,841.162
1556,52511887135210,52511887296862,161.652
1557,52511920468596,52511921016874,548.278
1558,52511953801913,52511954735516,933.603
1559,52511987135209,52511987407293,272.084
1560,52512020468596,52512021136106,667.510
1561,52512053801872,52512054892068,1090.196
1562,52512087135289,52512087568055,432.766
1563,52512120468736,52512121505871,1037.135
1564,52512153801872,52512154140637,338.765
1565,52512187135249,52512187894580,759.331
1566,52512220468595,52512220595317,126.722
1567,52512253801952,52512254327189,525.237
1568,52512287135268,52512288082532,947.264
1569,52512320468605,52512320730459,261.854
1570,52512353801941,52512354461811,659.870
1571,52512387135258,52512388192143,1056.885
1572,52512420468604,52512420890001,421.397
1573,52512453801921,52512454569632,767.711
1574,52512487135247,52512487248629,113.382
1575,52512520468584,52512520997442,528.858
1576,52512553801930,52512554675403,873.473
1577,52512587135247,52512587352890,217.643
1578,52512620468594,52512621083353,614.759
1579,52512653801850,52512654840815,1038.965
1580,52512687135277,52512687541463,406.186
1581,52512720468573,52512721244854,776.281
1582,52512753801920,52512753946862,144.942
1583,52512787135206,52512787703235,568.029
1584,52512820468603,52512821404996,936.393
1585,52512853801919,52512854082574,280.655
1586,52512887135196,52512887834236,699.040
1587,52512920468583,52512921513278,1044.695
1588,52512953801859,52512954191085,389.226
1589,52512987135206,52512987947477,812.271
1590,52513020468522,52513020624734,156.212
1591,52513053801929,52513054352457,550.528
1592,52513087135255,52513088082679,947.424
1593,52513120468532,52513120786086,317.554
1594,52513153801888,52513154516549,714.661
1595,52513187135255,52513188245131,1109.876
1596,52513220468591,52513220948838,480.247
1597,52513253801898,52513254676741,874.843
1598,52513287135245,52513287352818,217.573
1599,52513320468521,52513321082520,613.999
1600,52513353801898,52513354848293,1046.395
1601,52513387135274,52513387513990,378.716
1602,52513420468581,52513421245232,776.651
1603,52513453801927,52513453943339,141.412
1604,52513487135254,52513487622111,486.857
1605,52513520468570,52513521297842,829.272
1606,52513553801907,52513554005830,203.923
1607,52513587135273,52513587731142,595.869
1608,52513620468560,52513621461804,993.244
1609,52513653801846,52513654135481,333.635
1610,52513687135253,52513687889374,754.121
1611,52513720468559,52513721569716,1101.157
1612,52513753801946,52513754245382,443.436
1613,52513787135262,52513788004885,869.623
1614,52513820468549,52513820676702,208.153
1615,52513853801906,52513854405354,603.448
1616,52513887135212,52513888082296,947.084
1617,52513920468579,52513920779253,310.674
1618,52513953801945,52513954468675,666.730
1619,52513987135182,52513988190497,1055.315
1620,52514020468568,52514020892065,423.497
1621,52514053801855,52514054622207,820.352
1622,52514087135251,52514087298194,162.943
1623,52514120468598,52514121006436,537.838
1624,52514153801865,52514154731798,929.933
1625,52514187135241,52514187407225,271.984
1626,52514220468568,52514221136907,668.339
1627,52514253801904,52514254893150,1091.246
1628,52514287135251,52514287568137,432.886
1629,52514320468587,52514321244459,775.872
1630,52514353801894,52514353891505,89.611
1631,52514387135260,52514387624987,489.727
1632,52514420468567,52514421353480,884.913
1633,52514453801923,52514454028187,226.264
1634,52514487135250,52514487779839,644.589
1635,52514520468586,52514521459281,990.695
1636,52514553801913,52514554107368,305.455
1637,52514587135260,52514587839760,704.500
1638,52514620468566,52514621569442,1100.876
1639,52514653801843,52514654266729,464.886
1640,52514687135249,52514688006952,871.703
1641,52514720468576,52514720676899,208.323
1642,52514753801912,52514754406621,604.709
1643,52514787135179,52514788138043,1002.864
1644,52514820468555,52514820837721,369.166
1645,52514853801912,52514854567093,765.181
1646,52514887135168,52514887250610,115.442
1647,52514920468545,52514921011703,543.158
1648,52514953801861,52514954729935,928.074
1649,52514987135238,52514987407422,272.184
1650,52515020468565,52515021136754,668.189
1651,52515053801901,52515054894067,1092.166
1652,52515087135228,52515087567324,432.096
1653,52515120468564,52515121300976,832.412
1654,52515153801861,52515153996483,194.622
1655,52515187135197,52515187710446,575.249
1656,52515220468514,52515221436438,967.924
1657,52515253801910,52515254082015,280.105
1658,52515287135237,52515287786096,650.859
1659,52515320468503,52515321514769,1046.266
1660,52515353801910,52515354190806,388.896
1661,52515387135217,52515387948138,812.921
1662,52515420468553,52515420622405,153.852
1663,52515453801920,52515454353778,551.858
1664,52515487135506,52515488082660,947.154
1665,52515520468553,52515520782807,314.254
1666,52515553801899,52515554513650,711.751
1667,52515587135226,52515587192417,57.191
1668,52515620468542,52515620950269,481.727
1669,52515653801859,52515654678232,876.373
1670,52515687135235,52515687352938,217.703
1671,52515720468502,52515721084271,615.769
1672,52515753801888,52515754834103,1032.215
1673,52515787135225,52515787461770,326.545
1674,52515820468571,52515821191702,723.131
1675,52515853801898,52515853890489,88.591
1676,52515887135195,52515887625162,489.967
1677,52515920468551,52515921352214,883.663
1678,52515953801888,52515953999231,197.343
1679,52515987135244,52515987732103,596.859
1680,52516020468551,52516021465775,997.224
1681,52516053801867,52516054140352,338.485
1682,52516087135224,52516087432958,297.734
1683,52516120468710,52516121474915,1006.205
1684,52516153801847,52516154145382,343.535
1685,52516187135473,52516187894735,759.262
1686,52516220468570,52516220606032,137.462
1687,52516253801816,52516254332874,531.058
1688,52516287135203,52516288082007,946.804
1689,52516320468549,52516320784294,315.745
1690,52516353801826,52516354513486,711.660
1691,52516387135233,52516388190608,1055.375
1692,52516420468609,52516420896355,427.746
1693,52516453801886,52516454624588,822.702
1694,52516487135222,52516487298105,162.883
1695,52516520468559,52516521029767,561.208
1696,52516553801875,52516554779069,977.194
1697,52516587135212,52516587408296,273.084
1698,52516620468528,52516621138568,670.040
1699,52516653801845,52516654892581,1090.736
1700,52516687135941,52516687608388,472.447
1701,52516720468538,52516721355221,886.683
1702,52516753801875,52516754029188,227.313
1703,52516787135231,52516787784931,649.700
1704,52516820468478,52516821516713,1048.235
1705,52516853802314,52516854216930,414.616
1706,52516887135361,52516887958973,823.612
1707,52516920468477,52516920622809,154.332
1708,52516953801824,52516954353532,551.708
1709,52516987135210,52516988083234,948.024
1710,52517020468477,52517020790772,322.295
1711,52517053801863,52517054516354,714.491
1712,52517087135200,52517088245716,1110.516
1713,52517120468636,52517120996074,527.438
1714,52517153801813,52517154678246,876.433
1715,52517187135219,52517187354783,219.564
1716,52517220468556,52517221081645,613.089
1717,52517253801873,52517254838198,1036.325
1718,52517287135189,52517287515855,380.666
1719,52517320468486,52517321296808,828.322
1720,52517353801832,52517353999105,197.273
1721,52517387135189,52517387731987,596.798
1722,52517420468545,52517421463840,995.295
1723,52517453801882,52517454138017,336.135
1724,52517487135208,52517487891979,756.771
1725,52517520468525,52517520571196,102.671
1726,52517553801881,52517554297949,496.068
1727,52517587135188,52517588028601,893.413
1728,52517620468555,52517620725808,257.253
1729,52517653801811,52517654406910,605.099
1730,52517687135198,52517688138152,1002.954
1731,52517720468474,52517720841310,372.836
1732,52517753801861,52517754572282,770.421
1733,52517787135137,52517787254969,119.832
1734,52517820468614,52517821011782,543.168
1735,52517853801850,52517854732204,930.354
1736,52517887135217,52517887407781,272.564
1737,52517920468493,52517921136933,668.440
1738,52517953801880,52517954896946,1095.066
1739,52517987135206,52517987570473,435.267
1740,52518020468493,52518021301805,833.312
1741,52518053801869,52518054008812,206.943
1742,52518087135216,52518087730865,595.649
1743,52518120468563,52518121466847,998.284
1744,52518153801829,52518154173294,371.465
1745,52518187135206,52518187894287,759.081
1746,52518220468522,52518220572824,104.302
1747,52518253801849,52518254301236,499.387
1748,52518287135205,52518288028908,893.703
1749,52518320468482,52518320732786,264.304
1750,52518353801878,52518354463118,661.240
1751,52518387135215,52518388192910,1057.695
1752,52518420468521,52518420891058,422.537
1753,52518453801868,52518454621610,819.742
1754,52518487135205,52518487288317,153.112
1755,52518520468531,52518521008779,540.248
1756,52518553801848,52518554733601,931.753
1757,52518587135194,52518587407188,271.994
1758,52518620468521,52518621144131,675.610
1759,52518653801787,52518654895693,1093.906
1760,52518687135194,52518687571280,436.086
1761,52518720468540,52518721303282,834.742
1762,52518753801857,52518754009930,208.073
1763,52518787135143,52518787733612,598.469
1764,52518820468530,52518821460414,991.884
1765,52518853801886,52518854144661,342.775
1766,52518887135143,52518887899124,763.981
1767,52518920468520,52518920601021,132.501
1768,52518953801816,52518954302403,500.587
1769,52518987135182,52518988028666,893.484
1770,52519020468529,52519020731903,263.374
1771,52519053801806,52519054463585,661.779
1772,52519087135192,52519088191928,1056.736
1773,52519120468479,52519120899465,430.986
1774,52519153801805,52519154653078,851.273
1775,52519187135202,52519187325655,190.453
1776,52519220468538,52519221029416,560.878
1777,52519253801865,52519254786419,984.554
1778,52519287135131,52519287489967,354.836
1779,52519320468518,52519321190789,722.271
1780,52519353801834,52519353888396,86.562
1781,52519387135191,52519387567467,432.276
1782,52519420468508,52519421298640,830.132
1783,52519453801864,52519453991467,189.603
1784,52519487135181,52519487676939,541.758
1785,52519520468527,52519521410061,941.534
1786,52519553801864,52519554082598,280.734
1787,52519587135190,52519587839281,704.091
1788,52519620468527,52519620541578,73.051
1789,52519653801803,52519654268190,466.387
1790,52519687135200,52519688009413,874.213
1791,52519720468516,52519720715160,246.644
1792,52519753801793,52519754408792,606.999
1793,52519787135169,52519788137474,1002.305
1794,52519820468526,52519820837921,369.395
1795,52519853801852,52519854569994,768.142
1796,52519887135119,52519887271721,136.602
1797,52519920468496,52519921007323,538.827
1798,52519953801842,52519954731506,929.664
1799,52519987135129,52519987436743,301.614
1800,52520020468505,52520021166015,697.510
1801,52520053801862,52520054891038,1089.176
1802,52520087135178,52520087516224,381.046
1803,52520120468445,52520121247566,779.121
1804,52520153801791,52520153948863,147.072
1805,52520187135118,52520187678256,543.138
1806,52520220468504,52520221407588,939.084
1807,52520253801791,52520254082415,280.624
1808,52520287135188,52520287842578,707.390
1809,52520320468524,52520321570170,1101.646
1810,52520353801861,52520354250577,448.716
1811,52520387135167,52520388005880,870.713
1812,52520420468514,52520420677307,208.793
1813,52520453801850,52520454406709,604.859
1814,52520487135177,52520488137171,1001.994
1815,52520520468513,52520520838749,370.236
1816,52520553801830,52520554567141,765.311
1817,52520587135196,52520587254528,119.332
1818,52520620468523,52520620998581,530.058
1819,52520653801799,52520654675372,873.573
1820,52520687135096,52520687305908,170.812
1821,52520720468512,52520721027901,559.389
1822,52520753801839,52520754788673,986.834
1823,52520787135135,52520787461220,326.085
1824,52520820468502,52520821190403,721.901
1825,52520853801838,52520853889660,87.822
1826,52520887135125,52520887569611,434.486
1827,52520920468492,52520921300204,831.712
1828,52520953801858,52520954006771,204.913
1829,52520987135125,52520987732623,597.498
1830,52521020468501,52521021461276,992.775
1831,52521053801838,52521054136123,334.285
1832,52521087135294,52521087325417,190.123
1833,52521120468541,52521121097290,628.749
1834,52521153801807,52521154838622,1036.815
1835,52521187135124,52521187518119,382.995
1836,52521220468490,52521221250882,782.392
1837,52521253801837,52521253945909,144.072
1838,52521287135184,52521287663811,528.627
1839,52521320468490,52521321380413,911.923
1840,52521353801786,52521354029500,227.714
1841,52521387135193,52521387786503,651.310
1842,52521420468480,52521421518865,1050.385
1843,52521453801816,52521454190102,388.286
1844,52521487135183,52521487945644,810.461
1845,52521520468499,52521520622671,154.172
1846,52521553801766,52521554352444,550.678
1847,52521587135102,52521588082886,947.784
1848,52521620468499,52521620787393,318.894
1849,52521653801765,52521654516506,714.741
1850,52521687135182,52521687199023,63.841
1851,52521720468498,52521720945455,476.957
1852,52521753801765,52521754674608,872.843
1853,52521787135171,52521787301344,166.173
1854,52521820468488,52521821027626,559.138
1855,52521853801785,52521854780569,978.784
1856,52521887135111,52521887408865,273.754
1857,52521920468728,52521921135307,666.579
1858,52521953801794,52521954836959,1035.165
1859,52521987135121,52521987516866,381.745
1860,52522020468507,52522021273169,804.662
1861,52522053801834,52522053946536,144.702
1862,52522087135140,52522087678918,543.778
1863,52522120468447,52522120747991,279.544
1864,52522153801833,52522154456693,654.860
1865,52522187135160,52522188167315,1032.155
1866,52522220468506,52522220837972,369.466
1867,52522253801823,52522254594684,792.861
1868,52522287135179,52522287272921,137.742
1869,52522320468496,52522321007204,538.708
1870,52522353801812,52522354733086,931.274
1871,52522387135159,52522387434913,299.754
1872,52522420468505,52522421163276,694.771
1873,52522453801882,52522454890068,1088.186
1874,52522487135138,52522487515964,380.826
1875,52522520468485,52522521245356,776.871
1876,52522553801832,52522553945814,143.982
1877,52522587135168,52522587682066,546.898
1878,52522620468505,52522621408768,940.263
1879,52522653801821,52522654082015,280.194
1880,52522687135168,52522687833848,698.680
1881,52522720468484,52522721521910,1053.426
1882,52522753801811,52522754190096,388.285
1883,52522787135137,52522787944419,809.282
1884,52522820468504,52522820622006,153.502
1885,52522853801820,52522854357508,555.688
1886,52522887135087,52522888108731,973.644
1887,52522920468493,52522920788518,320.025
1888,52522953801800,52522954521410,719.610
1889,52522987135107,52522988243963,1108.856
1890,52523020468483,52523020947750,479.267
1891,52523053801830,52523054675742,873.912
1892,52523087135146,52523087360119,224.973
1893,52523120468433,52523121085182,616.749
1894,52523153801829,52523154839704,1037.875
1895,52523187135166,52523187515631,380.465
1896,52523220468462,52523220782637,314.175
1897,52523253801799,52523254461388,659.589
1898,52523287135155,52523288191611,1056.456
1899,52523320468482,52523320895448,426.966
1900,52523353801808,52523354649601,847.793
1901,52523387135155,52523387326318,191.163
1902,52523420468491,52523421030810,562.319
1903,52523453801808,52523454787192,985.384
1904,52523487135145,52523487460539,325.394
1905,52523520468481,52523521218472,749.991
1906,52523553801808,52523553890879,89.071
1907,52523587135144,52523587626521,491.377
1908,52523620468471,52523621355284,886.813
1909,52523653801807,52523654027970,226.163
1910,52523687135124,52523687785583,650.459
1911,52523720468480,52523721516735,1048.255
1912,52523753801797,52523754212043,410.246
1913,52523787135103,52523787950105,815.002
1914,52523820468460,52523820623412,154.952
1915,52523853802066,52523854350954,548.888
1916,52523887135093,52523888084717,949.624
1917,52523920468469,52523920785334,316.865
1918,52523953801746,52523954513426,711.680
1919,52523987135132,52523988245329,1110.197
1920,52524020468469,52524020950826,482.357
1921,52524053801755,52524054702409,900.654
1922,52524087135132,52524087381906,246.774
1923,52524120468489,52524121084538,616.049
1924,52524153801795,52524154837780,1035.985
1925,52524187135122,52524187518497,383.375
1926,52524220468488,52524221245370,776.882
1927,52524253801785,52524253945657,143.872
1928,52524287135141,52524287676149,541.008
1929,52524320468478,52524321419682,951.204
1930,52524353801804,52524354081758,279.954
1931,52524387135131,52524387842531,707.400
1932,52524420468477,52524421571283,1102.806
1933,52524453801824,52524454245810,443.986
1934,52524487135120,52524487998033,862.913
1935,52524520468477,52524520624349,155.872
1936,52524553801803,52524554354321,552.518
1937,52524587135130,52524588083514,948.384
1938,52524620468476,52524620785071,316.595
1939,52524653801783,52524654538394,736.611
1940,52524687135139,52524687190880,55.741
1941,52524720468476,52524720893742,425.266
1942,52524753801803,52524754620275,818.472
1943,52524787135119,52524787300571,165.452
1944,52524820468456,52524821032884,564.428
1945,52524853801792,52524854785147,983.355
1946,52524887135089,52524887470244,335.155
1947,52524920468465,52524921193446,724.981
1948,52524953801782,52524953897483,95.701
1949,52524987135138,52524987626745,491.607
1950,52525020468445,52525021353368,884.923
1951,52525053801811,52525054028895,227.084
1952,52525087135148,52525087788927,653.779
1953,52525120468454,52525121516650,1048.196
1954,52525153801791,52525154191987,390.196
1955,52525187135078,52525187952049,816.971
1956,52525220468474,52525220626646,158.172
1957,52525253801780,52525254354069,552.289
1958,52525287135117,52525288087181,952.064
1959,52525320468454,52525320790278,321.824
1960,52525353801790,52525354542701,740.911
1961,52525387135117,52525387190768,55.651
1962,52525420468453,52525420948620,480.167
1963,52525453801810,52525454705953,904.143
1964,52525487135126,52525487374280,239.154
1965,52525520468453,52525521082172,613.719
1966,52525553801799,52525554842914,1041.115
1967,52525587135076,52525587522822,387.746
1968,52525620468442,52525621243684,775.242
1969,52525653801819,52525653943471,141.652
1970,52525687135136,52525687620383,485.247
1971,52525720468392,52525721309534,841.142
1972,52525753801789,52525754004252,202.463
1973,52525787135135,52525787734344,599.209
1974,52525820468472,52525821461556,993.084
1975,52525853801778,52525854136283,334.505
1976,52525887135055,52525887897366,762.311
1977,52525920468451,52525920597773,129.322
1978,52525953801798,52525954330895,529.097
1979,52525987135054,52525988028857,893.803
1980,52526020468441,52526020729984,261.543
1981,52526053801717,52526054485947,684.230
1982,52526087135224,52526087234875,99.651
1983,52526120468730,52526120968467,499.737
1984,52526153801877,52526154684760,882.883
1985,52526187135113,52526187384907,249.794
1986,52526220468460,52526221110159,641.699
1987,52526253801796,52526254842502,1040.706
1988,52526287135103,52526287522929,387.826
1989,52526320468459,52526321245251,776.792
1990,52526353801806,52526353948058,146.252
1991,52526387135133,52526387676500,541.367
1992,52526420468449,52526421407993,939.544
1993,52526453801786,52526454083690,281.904
1994,52526487135122,52526487841252,706.130
1995,52526520468439,52526521568905,1100.466
1996,52526553801765,52526554246522,444.757
1997,52526587135062,52526588009514,874.452
1998,52526620468448,52526620676951,208.503
1999,52526653801775,52526654408634,606.859
2000,52526687135111,52526688136666,1001.555
2001,52526720468458,52526720840063,371.605
2002,52526753801784,52526754577716,775.932
2003,52526787135071,52526787249173,114.102
2004,52526820468437,52526821010125,541.688
2005,52526853801744,52526854735157,933.413
2006,52526887135060,52526887404974,269.914
2007,52526920468457,52526921136407,667.950
2008,52526953801794,52526954887549,1085.755
2009,52526987135060,52526987511605,376.545
2010,52527020468437,52527021246198,777.761
2011,52527053801773,52527053939135,137.362
2012,52527087135110,52527087622927,487.817
2013,52527120468536,52527121429460,960.924
2014,52527153801723,52527154092447,290.724
2015,52527187135109,52527187843809,708.700
2016,52527220468446,52527221575852,1107.406
2017,52527253801772,52527254245339,443.567
2018,52527287135099,52527288006081,870.982
2019,52527320468435,52527320677388,208.953
2020,52527353801762,52527354427691,625.929
2021,52527387135088,52527388166603,1031.515
2022,52527420468515,52527420859301,390.786
2023,52527453801791,52527454572153,770.362
2024,52527487135098,52527487250300,115.202
2025,52527520468434,52527521017733,549.299
2026,52527553801771,52527554734494,932.723
2027,52527587135117,52527587406471,271.354
2028,52527620468434,52527621137474,669.040
2029,52527653801751,52527654895566,1093.815
2030,52527687135087,52527687612684,477.597
2031,52527720468384,52527721306586,838.202
2032,52527753801770,52527754015323,213.553
2033,52527787135117,52527787736065,600.948
2034,52527820468443,52527821463078,994.635
2035,52527853801770,52527854136805,335.035
2036,52527887135056,52527887899227,764.171
2037,52527920468443,52527920574254,105.811
2038,52527953801769,52527954299417,497.648
2039,52527987135046,52527988028589,893.543
2040,52528020468422,52528020730896,262.474
2041,52528053801779,52528054461098,659.319
2042,52528087135115,52528088190121,1055.006
2043,52528120468402,52528120916839,448.437
2044,52528153801768,52528154676261,874.493
2045,52528187135105,52528187354258,219.153
2046,52528220468371,52528221083811,615.440
2047,52528253801778,52528254840853,1039.075
2048,52528287135085,52528287462879,327.794
2049,52528320468421,52528321193352,724.931
2050,52528353801748,52528353891779,90.031
2051,52528387135094,52528387683082,547.988
2052,52528420468431,52528421407464,939.033
2053,52528453801777,52528454028410,226.633
2054,52528487135104,52528487787703,652.599
2055,52528520468420,52528521516795,1048.375
2056,52528553801757,52528554189572,387.815
2057,52528587135113,52528587944545,809.432
2058,52528620468430,52528620599082,130.652
2059,52528653801756,52528654298534,496.778
2060,52528687135083,52528688028816,893.733
2061,52528720468409,52528720727933,259.524
2062,52528753801776,52528754479756,677.980
2063,52528787135082,52528788216878,1081.796
2064,52528820468409,52528820889455,421.046
2065,52528853801915,52528854566527,764.612
2066,52528887135042,52528887248674,113.632
2067,52528920468438,52528920998406,529.968
2068,52528953801715,52528954678648,876.933
2069,52528987135082,52528987350355,215.273
2070,52529020468438,52529021027706,559.268
2071,52529053801704,52529054732458,930.754
2072,52529087135081,52529087408585,273.504
2073,52529120468518,52529121148437,679.919
2074,52529153801694,52529154898080,1096.386
2075,52529187135071,52529187569867,434.796
2076,52529220468437,52529221302289,833.852
2077,52529253801754,52529253997326,195.572
2078,52529287135080,52529287713989,578.909
2079,52529320468437,52529321409610,941.173
2080,52529353801773,52529354087957,286.184
2081,52529387135090,52529387847070,711.980
2082,52529420468426,52529421568142,1099.716
2083,52529453801753,52529454244079,442.326
2084,52529487135089,52529487954341,819.252
2085,52529520468416,52529520623468,155.052
2086,52529553801752,52529554353770,552.018
2087,52529587135099,52529588086003,950.904
2088,52529620468415,52529620788750,320.335
2089,52529653801732,52529654542173,740.441
2090,52529687135098,52529687199559,64.461
2091,52529720468405,52529720962362,493.957
2092,52529753801751,52529754675994,874.243
2093,52529787135018,52529787384022,249.004
2094,52529820468425,52529821083693,615.268
2095,52529853801741,52529854838486,1036.745
2096,52529887135017,52529887516783,381.766
2097,52529920468424,52529921244155,775.731
2098,52529953801741,52529953944393,142.652
2099,52529987135047,52529987675635,540.588
2100,52530020468424,52530021408327,939.903
2101,52530053801760,52530054085424,283.664
2102,52530087135077,52530087845057,709.980
2103,52530120468323,52530120572875,104.552
2104,52530153801700,52530154299547,497.847
2105,52530187135036,52530188030009,894.973
2106,52530220468413,52530220737467,269.054
2107,52530253801759,52530254461059,659.300
2108,52530287135076,52530288201091,1066.015
2109,52530320468422,52530320907059,438.637
2110,52530353801759,52530354656051,854.292
2111,52530387135065,52530387299068,164.003
2112,52530420468422,52530421029340,560.918
2113,52530453801738,52530454793983,992.245
2114,52530487135095,52530487466240,331.145
2115,52530520468401,52530521191372,722.971
2116,52530553801728,52530553890199,88.471
2117,52530587135065,52530587602641,467.576
2118,52530620468401,52530621297693,829.292
2119,52530653801738,52530653948330,146.592
2120,52530687135074,52530687679702,544.628
2121,52530720468421,52530721405504,937.083
2122,52530753801747,52530754082241,280.494
2123,52530787135064,52530787794533,659.469
2124,52530820468390,52530821514405,1046.015
2125,52530853801757,52530854190892,389.135
2126,52530887135003,52530887947195,812.192
2127,52530920468400,52530920620642,152.242
2128,52530953801746,52530954351224,549.478
2129,52530987135083,52530988081687,946.604
2130,52531020468419,52531020787914,319.495
2131,52531053801746,52531054513926,712.180
2132,52531087135472,52531087273854,138.382
2133,52531120468659,52531121324841,856.182
2134,52531153801685,52531154011069,209.384
2135,52531187135072,52531187734881,599.809
2136,52531220468409,52531221461033,992.624
2137,52531253801665,52531254142170,340.505
2138,52531287135042,52531287897443,762.401
2139,52531320468398,52531320575400,107.002
2140,52531353801685,52531354298362,496.677
2141,52531387135051,52531388028874,893.823
2142,52531420468398,52531420733272,264.874
2143,52531453801714,52531454459694,657.980
2144,52531487135061,52531488190966,1055.905
2145,52531520468387,52531520897704,429.317
2146,52531553801664,52531554623586,821.922
2147,52531587135000,52531587332403,197.403
2148,52531620468407,52531621063795,595.388
2149,52531653801723,52531654785298,983.575
2150,52531687135080,52531687461415,326.335
2151,52531720468386,52531721198077,729.691
2152,52531753801683,52531753903944,102.261
2153,52531787135069,52531787621046,485.977
2154,52531820468396,52531821354989,886.593
2155,52531853801672,52531854035376,233.704
2156,52531887134999,52531887790698,655.699
2157,52531920468405,52531921515141,1046.736
2158,52531953801672,52531954191318,389.646
2159,52531987135008,52531987948820,813.812
2160,52532020468405,52532021382338,913.933
2161,52532053801721,52532054028465,226.744
2162,52532087135058,52532087784687,649.629
2163,52532120468425,52532121763253,1294.828
2164,52532153801691,52532154409620,607.929
2165,52532187135067,52532188086221,951.154
2166,52532220468374,52532220814019,345.645
2167,52532253801721,52532254517041,715.320
2168,52532287135117,52532287191248,56.131
2169,52532320468404,52532320944221,475.817
2170,52532353801730,52532354677213,875.483
2171,52532387135047,52532387354060,219.013
2172,52532420468403,52532421083452,615.049
2173,52532453801730,52532454838385,1036.655
2174,52532487135046,52532487517932,382.886
2175,52532520468383,52532521244504,776.121
2176,52532553801749,52532553943531,141.782
2177,52532587135066,52532587656413,521.347
2178,52532620468402,52532621354775,886.373
2179,52532653801719,52532654028252,226.533
2180,52532687135065,52532687783695,648.630
2181,52532720468372,52532721541828,1073.456
2182,52532753801728,52532754218985,417.257
2183,52532787134995,52532787949597,814.602
2184,52532820468401,52532820624264,155.863
2185,52532853801718,52532854354586,552.868
2186,52532887134984,52532888110459,975.475
2187,52532920468371,52532920782786,314.415
2188,52532953801718,52532954513918,712.200
2189,52532987134994,52532988244820,1109.826
2190,52533020468391,52533020949258,480.867
2191,52533053801697,52533054673840,872.143
2192,52533087135054,52533087354567,219.513
2193,52533120468570,52533120680233,211.663
2194,52533153801927,52533154436406,634.479
2195,52533187135153,52533188204379,1069.226
2196,52533220468320,52533220894646,426.326
2197,52533253801696,52533254622668,820.972
2198,52533287135043,52533287299055,164.012
2199,52533320468379,52533321029897,561.518
