output_frame,output_time_s,source_frame,camera_recorded_time_s,plot_visible_through_frame,plot_cursor_recorded_time_s,phase
0,0.000000000,25,0.835151123047,25,0.835151123047,initial_hold
1,0.033333333,25,0.835151123047,25,0.835151123047,initial_hold
2,0.066666667,25,0.835151123047,25,0.835151123047,initial_hold
3,0.100000000,25,0.835151123047,25,0.835151123047,initial_hold
4,0.133333333,25,0.835151123047,25,0.835151123047,initial_hold
5,0.166666667,25,0.835151123047,25,0.835151123047,initial_hold
6,0.200000000,25,0.835151123047,25,0.835151123047,initial_hold
7,0.233333333,25,0.835151123047,25,0.835151123047,initial_hold
8,0.266666667,25,0.835151123047,25,0.835151123047,initial_hold
9,0.300000000,25,0.835151123047,25,0.835151123047,initial_hold
10,0.333333333,25,0.835151123047,25,0.835151123047,initial_hold
11,0.366666667,25,0.835151123047,25,0.835151123047,initial_hold
12,0.400000000,25,0.835151123047,25,0.835151123047,initial_hold
13,0.433333333,25,0.835151123047,25,0.835151123047,initial_hold
14,0.466666667,25,0.835151123047,25,0.835151123047,initial_hold
15,0.500000000,25,0.835151123047,25,0.835151123047,initial_hold
16,0.533333333,25,0.835151123047,25,0.835151123047,initial_hold
17,0.566666667,25,0.835151123047,25,0.835151123047,initial_hold
18,0.600000000,25,0.835151123047,25,0.835151123047,initial_hold
19,0.633333333,25,0.835151123047,25,0.835151123047,initial_hold
20,0.666666667,25,0.835151123047,25,0.835151123047,initial_hold
21,0.700000000,25,0.835151123047,25,0.835151123047,initial_hold
22,0.733333333,25,0.835151123047,25,0.835151123047,initial_hold
23,0.766666667,25,0.835151123047,25,0.835151123047,initial_hold
24,0.800000000,25,0.835151123047,25,0.835151123047,initial_hold
25,0.833333333,25,0.835151123047,25,0.835151123047,initial_hold
26,0.866666667,25,0.835151123047,25,0.835151123047,initial_hold
27,0.900000000,25,0.835151123047,25,0.835151123047,initial_hold
28,0.933333333,25,0.835151123047,25,0.835151123047,initial_hold
29,0.966666667,25,0.835151123047,25,0.835151123047,initial_hold
30,1.000000000,25,0.835151123047,25,0.835151123047,initial_hold
31,1.033333333,25,0.835151123047,25,0.835151123047,initial_hold
32,1.066666667,25,0.835151123047,25,0.835151123047,initial_hold
33,1.100000000,25,0.835151123047,25,0.835151123047,initial_hold
34,1.133333333,25,0.835151123047,25,0.835151123047,initial_hold
35,1.166666667,25,0.835151123047,25,0.835151123047,initial_hold
36,1.200000000,25,0.835151123047,25,0.835151123047,initial_hold
37,1.233333333,25,0.835151123047,25,0.835151123047,initial_hold
38,1.266666667,25,0.835151123047,25,0.835151123047,initial_hold
39,1.300000000,25,0.835151123047,25,0.835151123047,initial_hold
40,1.333333333,25,0.835151123047,25,0.835151123047,initial_hold
41,1.366666667,25,0.835151123047,25,0.835151123047,initial_hold
42,1.400000000,25,0.835151123047,25,0.835151123047,initial_hold
43,1.433333333,25,0.835151123047,25,0.835151123047,initial_hold
44,1.466666667,25,0.835151123047,25,0.835151123047,initial_hold
45,1.500000000,25,0.835151123047,25,0.835151123047,initial_hold
46,1.533333333,25,0.835151123047,25,0.835151123047,initial_hold
47,1.566666667,25,0.835151123047,25,0.835151123047,initial_hold
48,1.600000000,25,0.835151123047,25,0.835151123047,initial_hold
49,1.633333333,25,0.835151123047,25,0.835151123047,initial_hold
50,1.666666667,25,0.835151123047,25,0.835151123047,initial_hold
51,1.700000000,25,0.835151123047,25,0.835151123047,initial_hold
52,1.733333333,25,0.835151123047,25,0.835151123047,initial_hold
53,1.766666667,25,0.835151123047,25,0.835151123047,initial_hold
54,1.800000000,25,0.835151123047,25,0.835151123047,initial_hold
55,1.833333333,25,0.835151123047,25,0.835151123047,initial_hold
56,1.866666667,25,0.835151123047,25,0.835151123047,initial_hold
57,1.900000000,25,0.835151123047,25,0.835151123047,initial_hold
58,1.933333333,25,0.835151123047,25,0.835151123047,initial_hold
59,1.966666667,25,0.835151123047,25,0.835151123047,initial_hold
60,2.000000000,25,0.835151123047,25,0.835151123047,initial_hold
61,2.033333333,25,0.835151123047,25,0.835151123047,initial_hold
62,2.066666667,25,0.835151123047,25,0.835151123047,initial_hold
63,2.100000000,25,0.835151123047,25,0.835151123047,initial_hold
64,2.133333333,25,0.835151123047,25,0.835151123047,initial_hold
65,2.166666667,25,0.835151123047,25,0.835151123047,initial_hold
66,2.200000000,25,0.835151123047,25,0.835151123047,initial_hold
67,2.233333333,25,0.835151123047,25,0.835151123047,initial_hold
68,2.266666667,25,0.835151123047,25,0.835151123047,initial_hold
69,2.300000000,25,0.835151123047,25,0.835151123047,initial_hold
70,2.333333333,25,0.835151123047,25,0.835151123047,initial_hold
71,2.366666667,25,0.835151123047,25,0.835151123047,initial_hold
72,2.400000000,25,0.835151123047,25,0.835151123047,initial_hold
73,2.433333333,25,0.835151123047,25,0.835151123047,initial_hold
74,2.466666667,25,0.835151123047,25,0.835151123047,initial_hold
75,2.500000000,25,0.835151123047,25,0.835151123047,initial_hold
76,2.533333333,25,0.835151123047,25,0.835151123047,initial_hold
77,2.566666667,25,0.835151123047,25,0.835151123047,initial_hold
78,2.600000000,25,0.835151123047,25,0.835151123047,initial_hold
79,2.633333333,25,0.835151123047,25,0.835151123047,initial_hold
80,2.666666667,25,0.835151123047,25,0.835151123047,initial_hold
81,2.700000000,25,0.835151123047,25,0.835151123047,initial_hold
82,2.733333333,25,0.835151123047,25,0.835151123047,initial_hold
83,2.766666667,25,0.835151123047,25,0.835151123047,initial_hold
84,2.800000000,25,0.835151123047,25,0.835151123047,initial_hold
85,2.833333333,25,0.835151123047,25,0.835151123047,initial_hold
86,2.866666667,25,0.835151123047,25,0.835151123047,initial_hold
87,2.900000000,25,0.835151123047,25,0.835151123047,initial_hold
88,2.933333333,25,0.835151123047,25,0.835151123047,initial_hold
89,2.966666667,25,0.835151123047,25,0.835151123047,initial_hold
90,3.000000000,25,0.835151123047,25,0.835151123047,progression
91,3.033333333,25,0.835151123047,25,0.835151123047,progression
92,3.066666667,25,0.835151123047,25,0.835151123047,progression
93,3.100000000,26,0.868562500000,26,0.868562500000,progression
94,3.133333333,26,0.868562500000,26,0.868562500000,progression
95,3.166666667,27,0.901974121094,27,0.901974121094,progression
96,3.200000000,27,0.901974121094,27,0.901974121094,progression
97,3.233333333,28,0.935386230469,28,0.935386230469,progression
98,3.266666667,28,0.935386230469,28,0.935386230469,progression
99,3.300000000,29,0.968797607422,29,0.968797607422,progression
100,3.333333333,29,0.968797607422,29,0.968797607422,progression
101,3.366666667,30,1.002158691406,30,1.002158691406,progression
102,3.400000000,30,1.002158691406,30,1.002158691406,progression
103,3.433333333,31,1.035504882812,31,1.035504882812,progression
104,3.466666667,31,1.035504882812,31,1.035504882812,progression
105,3.500000000,32,1.068851074219,32,1.068851074219,progression
106,3.533333333,32,1.068851074219,32,1.068851074219,progression
107,3.566666667,33,1.102197021484,33,1.102197021484,progression
108,3.600000000,33,1.102197021484,33,1.102197021484,progression
109,3.633333333,34,1.135542968750,34,1.135542968750,progression
110,3.666666667,34,1.135542968750,34,1.135542968750,progression
111,3.700000000,35,1.168888671875,35,1.168888671875,progression
112,3.733333333,35,1.168888671875,35,1.168888671875,progression
113,3.766666667,36,1.202234375000,36,1.202234375000,progression
114,3.800000000,36,1.202234375000,36,1.202234375000,progression
115,3.833333333,37,1.235579833984,37,1.235579833984,progression
116,3.866666667,37,1.235579833984,37,1.235579833984,progression
117,3.900000000,38,1.268925292969,38,1.268925292969,progression
118,3.933333333,38,1.268925292969,38,1.268925292969,progression
119,3.966666667,39,1.302270507813,39,1.302270507813,progression
120,4.000000000,39,1.302270507813,39,1.302270507813,progression
121,4.033333333,40,1.335615478516,40,1.335615478516,progression
122,4.066666667,40,1.335615478516,40,1.335615478516,progression
123,4.100000000,41,1.368960449219,41,1.368960449219,progression
124,4.133333333,41,1.368960449219,41,1.368960449219,progression
125,4.166666667,42,1.402305175781,42,1.402305175781,progression
126,4.200000000,42,1.402305175781,42,1.402305175781,progression
127,4.233333333,43,1.435649902344,43,1.435649902344,progression
128,4.266666667,43,1.435649902344,43,1.435649902344,progression
129,4.300000000,44,1.468994384766,44,1.468994384766,progression
130,4.333333333,44,1.468994384766,44,1.468994384766,progression
131,4.366666667,45,1.502338867187,45,1.502338867187,progression
132,4.400000000,45,1.502338867187,45,1.502338867187,progression
133,4.433333333,46,1.535683105469,46,1.535683105469,progression
134,4.466666667,46,1.535683105469,46,1.535683105469,progression
135,4.500000000,47,1.569027343750,47,1.569027343750,progression
136,4.533333333,47,1.569027343750,47,1.569027343750,progression
137,4.566666667,48,1.602371337891,48,1.602371337891,progression
138,4.600000000,48,1.602371337891,48,1.602371337891,progression
139,4.633333333,49,1.635715087891,49,1.635715087891,progression
140,4.666666667,49,1.635715087891,49,1.635715087891,progression
141,4.700000000,50,1.669058837891,50,1.669058837891,progression
142,4.733333333,50,1.669058837891,50,1.669058837891,progression
143,4.766666667,51,1.702402343750,51,1.702402343750,progression
144,4.800000000,51,1.702402343750,51,1.702402343750,progression
145,4.833333333,52,1.735745849609,52,1.735745849609,progression
146,4.866666667,52,1.735745849609,52,1.735745849609,progression
147,4.900000000,53,1.769089111328,53,1.769089111328,progression
148,4.933333333,53,1.769089111328,53,1.769089111328,progression
149,4.966666667,54,1.802432373047,54,1.802432373047,progression
150,5.000000000,54,1.802432373047,54,1.802432373047,progression
151,5.033333333,55,1.835775390625,55,1.835775390625,progression
152,5.066666667,55,1.835775390625,55,1.835775390625,progression
153,5.100000000,56,1.869118408203,56,1.869118408203,progression
154,5.133333333,56,1.869118408203,56,1.869118408203,progression
155,5.166666667,57,1.902461181641,57,1.902461181641,progression
156,5.200000000,57,1.902461181641,57,1.902461181641,progression
157,5.233333333,58,1.935803710937,58,1.935803710937,progression
158,5.266666667,58,1.935803710937,58,1.935803710937,progression
159,5.300000000,59,1.969146240234,59,1.969146240234,progression
160,5.333333333,59,1.969146240234,59,1.969146240234,progression
161,5.366666667,60,2.002489013672,60,2.002489013672,progression
162,5.400000000,60,2.002489013672,60,2.002489013672,progression
163,5.433333333,61,2.035848144531,61,2.035848144531,progression
164,5.466666667,61,2.035848144531,61,2.035848144531,progression
165,5.500000000,62,2.069197021484,62,2.069197021484,progression
166,5.533333333,62,2.069197021484,62,2.069197021484,progression
167,5.566666667,63,2.102545898438,63,2.102545898438,progression
168,5.600000000,63,2.102545898438,63,2.102545898438,progression
169,5.633333333,64,2.135894531250,64,2.135894531250,progression
170,5.666666667,64,2.135894531250,64,2.135894531250,progression
171,5.700000000,65,2.169243164062,65,2.169243164062,progression
172,5.733333333,65,2.169243164062,65,2.169243164062,progression
173,5.766666667,66,2.202591796875,66,2.202591796875,progression
174,5.800000000,66,2.202591796875,66,2.202591796875,progression
175,5.833333333,67,2.235940185547,67,2.235940185547,progression
176,5.866666667,67,2.235940185547,67,2.235940185547,progression
177,5.900000000,68,2.269288574219,68,2.269288574219,progression
178,5.933333333,68,2.269288574219,68,2.269288574219,progression
179,5.966666667,69,2.302636718750,69,2.302636718750,progression
180,6.000000000,69,2.302636718750,69,2.302636718750,progression
181,6.033333333,70,2.335984863281,70,2.335984863281,progression
182,6.066666667,70,2.335984863281,70,2.335984863281,progression
183,6.100000000,71,2.369333007813,71,2.369333007813,progression
184,6.133333333,71,2.369333007813,71,2.369333007813,progression
185,6.166666667,72,2.402680908203,72,2.402680908203,progression
186,6.200000000,72,2.402680908203,72,2.402680908203,progression
187,6.233333333,73,2.436028808594,73,2.436028808594,progression
188,6.266666667,73,2.436028808594,73,2.436028808594,progression
189,6.300000000,74,2.469376708984,74,2.469376708984,progression
190,6.333333333,74,2.469376708984,74,2.469376708984,progression
191,6.366666667,75,2.502724365234,75,2.502724365234,progression
192,6.400000000,75,2.502724365234,75,2.502724365234,progression
193,6.433333333,76,2.536072021484,76,2.536072021484,progression
194,6.466666667,76,2.536072021484,76,2.536072021484,progression
195,6.500000000,77,2.569419677734,77,2.569419677734,progression
196,6.533333333,77,2.569419677734,77,2.569419677734,progression
197,6.566666667,78,2.602767089844,78,2.602767089844,progression
198,6.600000000,78,2.602767089844,78,2.602767089844,progression
199,6.633333333,79,2.636114257812,79,2.636114257812,progression
200,6.666666667,79,2.636114257812,79,2.636114257812,progression
201,6.700000000,80,2.669461669922,80,2.669461669922,progression
202,6.733333333,80,2.669461669922,80,2.669461669922,progression
203,6.766666667,81,2.702808837891,81,2.702808837891,progression
204,6.800000000,81,2.702808837891,81,2.702808837891,progression
205,6.833333333,82,2.736155761719,82,2.736155761719,progression
206,6.866666667,82,2.736155761719,82,2.736155761719,progression
207,6.900000000,83,2.769502929688,83,2.769502929688,progression
208,6.933333333,83,2.769502929688,83,2.769502929688,progression
209,6.966666667,84,2.802849853516,84,2.802849853516,progression
210,7.000000000,84,2.802849853516,84,2.802849853516,progression
211,7.033333333,85,2.836196533203,85,2.836196533203,progression
212,7.066666667,85,2.836196533203,85,2.836196533203,progression
213,7.100000000,86,2.869543212891,86,2.869543212891,progression
214,7.133333333,86,2.869543212891,86,2.869543212891,progression
215,7.166666667,87,2.902889892578,87,2.902889892578,progression
216,7.200000000,87,2.902889892578,87,2.902889892578,progression
217,7.233333333,88,2.936236328125,88,2.936236328125,progression
218,7.266666667,88,2.936236328125,88,2.936236328125,progression
219,7.300000000,89,2.969582763672,89,2.969582763672,progression
220,7.333333333,89,2.969582763672,89,2.969582763672,progression
221,7.366666667,90,3.002929199219,90,3.002929199219,progression
222,7.400000000,90,3.002929199219,90,3.002929199219,progression
223,7.433333333,91,3.036275634766,91,3.036275634766,progression
224,7.466666667,91,3.036275634766,91,3.036275634766,progression
225,7.500000000,92,3.069633300781,92,3.069633300781,progression
226,7.533333333,92,3.069633300781,92,3.069633300781,progression
227,7.566666667,93,3.102983398437,93,3.102983398437,progression
228,7.600000000,93,3.102983398437,93,3.102983398437,progression
229,7.633333333,94,3.136333496094,94,3.136333496094,progression
230,7.666666667,94,3.136333496094,94,3.136333496094,progression
231,7.700000000,95,3.169683349609,95,3.169683349609,progression
232,7.733333333,95,3.169683349609,95,3.169683349609,progression
233,7.766666667,96,3.203033203125,96,3.203033203125,progression
234,7.800000000,96,3.203033203125,96,3.203033203125,progression
235,7.833333333,97,3.236382812500,97,3.236382812500,progression
236,7.866666667,97,3.236382812500,97,3.236382812500,progression
237,7.900000000,98,3.269732666016,98,3.269732666016,progression
238,7.933333333,98,3.269732666016,98,3.269732666016,progression
239,7.966666667,99,3.303082275391,99,3.303082275391,progression
240,8.000000000,99,3.303082275391,99,3.303082275391,progression
241,8.033333333,100,3.336431884766,100,3.336431884766,progression
242,8.066666667,100,3.336431884766,100,3.336431884766,progression
243,8.100000000,101,3.369781250000,101,3.369781250000,progression
244,8.133333333,101,3.369781250000,101,3.369781250000,progression
245,8.166666667,102,3.403130615234,102,3.403130615234,progression
246,8.200000000,102,3.403130615234,102,3.403130615234,progression
247,8.233333333,103,3.436479980469,103,3.436479980469,progression
248,8.266666667,103,3.436479980469,103,3.436479980469,progression
249,8.300000000,104,3.469829345703,104,3.469829345703,progression
250,8.333333333,104,3.469829345703,104,3.469829345703,progression
251,8.366666667,105,3.503178466797,105,3.503178466797,progression
252,8.400000000,105,3.503178466797,105,3.503178466797,progression
253,8.433333333,106,3.536527587891,106,3.536527587891,progression
254,8.466666667,106,3.536527587891,106,3.536527587891,progression
255,8.500000000,107,3.569876708984,107,3.569876708984,progression
256,8.533333333,107,3.569876708984,107,3.569876708984,progression
257,8.566666667,108,3.603225830078,108,3.603225830078,progression
258,8.600000000,108,3.603225830078,108,3.603225830078,progression
259,8.633333333,109,3.636574707031,109,3.636574707031,progression
260,8.666666667,109,3.636574707031,109,3.636574707031,progression
261,8.700000000,110,3.669923583984,110,3.669923583984,progression
262,8.733333333,110,3.669923583984,110,3.669923583984,progression
263,8.766666667,111,3.703272216797,111,3.703272216797,progression
264,8.800000000,111,3.703272216797,111,3.703272216797,progression
265,8.833333333,112,3.736621093750,112,3.736621093750,progression
266,8.866666667,112,3.736621093750,112,3.736621093750,progression
267,8.900000000,113,3.769969726563,113,3.769969726563,progression
268,8.933333333,113,3.769969726563,113,3.769969726563,progression
269,8.966666667,114,3.803318359375,114,3.803318359375,progression
270,9.000000000,114,3.803318359375,114,3.803318359375,progression
271,9.033333333,115,3.836666748047,115,3.836666748047,progression
272,9.066666667,115,3.836666748047,115,3.836666748047,progression
273,9.100000000,116,3.870015136719,116,3.870015136719,progression
274,9.133333333,116,3.870015136719,116,3.870015136719,progression
275,9.166666667,117,3.903363525391,117,3.903363525391,progression
276,9.200000000,117,3.903363525391,117,3.903363525391,progression
277,9.233333333,118,3.936711914063,118,3.936711914063,progression
278,9.266666667,118,3.936711914063,118,3.936711914063,progression
279,9.300000000,119,3.970060058594,119,3.970060058594,progression
280,9.333333333,119,3.970060058594,119,3.970060058594,progression
281,9.366666667,120,4.003408203125,120,4.003408203125,progression
282,9.400000000,120,4.003408203125,120,4.003408203125,progression
283,9.433333333,121,4.036756347656,121,4.036756347656,progression
284,9.466666667,121,4.036756347656,121,4.036756347656,progression
285,9.500000000,122,4.070104492188,122,4.070104492188,progression
286,9.533333333,122,4.070104492188,122,4.070104492188,progression
287,9.566666667,123,4.103461181641,123,4.103461181641,progression
288,9.600000000,123,4.103461181641,123,4.103461181641,progression
289,9.633333333,124,4.136812988281,124,4.136812988281,progression
290,9.666666667,124,4.136812988281,124,4.136812988281,progression
291,9.700000000,125,4.170164794922,125,4.170164794922,progression
292,9.733333333,125,4.170164794922,125,4.170164794922,progression
293,9.766666667,126,4.203516601562,126,4.203516601562,progression
294,9.800000000,126,4.203516601562,126,4.203516601562,progression
295,9.833333333,127,4.236868408203,127,4.236868408203,progression
296,9.866666667,127,4.236868408203,127,4.236868408203,progression
297,9.900000000,128,4.270219970703,128,4.270219970703,progression
298,9.933333333,128,4.270219970703,128,4.270219970703,progression
299,9.966666667,129,4.303571533203,129,4.303571533203,progression
300,10.000000000,129,4.303571533203,129,4.303571533203,progression
301,10.033333333,130,4.336923095703,130,4.336923095703,progression
302,10.066666667,130,4.336923095703,130,4.336923095703,progression
303,10.100000000,131,4.370274658203,131,4.370274658203,progression
304,10.133333333,131,4.370274658203,131,4.370274658203,progression
305,10.166666667,132,4.403626220703,132,4.403626220703,progression
306,10.200000000,132,4.403626220703,132,4.403626220703,progression
307,10.233333333,133,4.436977539063,133,4.436977539063,progression
308,10.266666667,133,4.436977539063,133,4.436977539063,progression
309,10.300000000,134,4.470328857422,134,4.470328857422,progression
310,10.333333333,134,4.470328857422,134,4.470328857422,progression
311,10.366666667,135,4.503680419922,135,4.503680419922,progression
312,10.400000000,135,4.503680419922,135,4.503680419922,progression
313,10.433333333,136,4.537031494141,136,4.537031494141,progression
314,10.466666667,136,4.537031494141,136,4.537031494141,progression
315,10.500000000,137,4.570382812500,137,4.570382812500,progression
316,10.533333333,137,4.570382812500,137,4.570382812500,progression
317,10.566666667,138,4.603733886719,138,4.603733886719,progression
318,10.600000000,138,4.603733886719,138,4.603733886719,progression
319,10.633333333,139,4.637085205078,139,4.637085205078,progression
320,10.666666667,139,4.637085205078,139,4.637085205078,progression
321,10.700000000,140,4.670436279297,140,4.670436279297,progression
322,10.733333333,140,4.670436279297,140,4.670436279297,progression
323,10.766666667,141,4.703787109375,141,4.703787109375,progression
324,10.800000000,141,4.703787109375,141,4.703787109375,progression
325,10.833333333,142,4.737138183594,142,4.737138183594,progression
326,10.866666667,142,4.737138183594,142,4.737138183594,progression
327,10.900000000,143,4.770489013672,143,4.770489013672,progression
328,10.933333333,143,4.770489013672,143,4.770489013672,progression
329,10.966666667,144,4.803840087891,144,4.803840087891,progression
330,11.000000000,144,4.803840087891,144,4.803840087891,progression
331,11.033333333,145,4.837190917969,145,4.837190917969,progression
332,11.066666667,145,4.837190917969,145,4.837190917969,progression
333,11.100000000,146,4.870541503906,146,4.870541503906,progression
334,11.133333333,146,4.870541503906,146,4.870541503906,progression
335,11.166666667,147,4.903892333984,147,4.903892333984,progression
336,11.200000000,147,4.903892333984,147,4.903892333984,progression
337,11.233333333,148,4.937242919922,148,4.937242919922,progression
338,11.266666667,148,4.937242919922,148,4.937242919922,progression
339,11.300000000,149,4.970593750000,149,4.970593750000,progression
340,11.333333333,149,4.970593750000,149,4.970593750000,progression
341,11.366666667,150,5.003944335937,150,5.003944335937,progression
342,11.400000000,150,5.003944335937,150,5.003944335937,progression
343,11.433333333,151,5.037294677734,151,5.037294677734,progression
344,11.466666667,151,5.037294677734,151,5.037294677734,progression
345,11.500000000,152,5.070645263672,152,5.070645263672,progression
346,11.533333333,152,5.070645263672,152,5.070645263672,progression
347,11.566666667,153,5.103995849609,153,5.103995849609,progression
348,11.600000000,153,5.103995849609,153,5.103995849609,progression
349,11.633333333,154,5.137351562500,154,5.137351562500,progression
350,11.666666667,154,5.137351562500,154,5.137351562500,progression
351,11.700000000,155,5.170717041016,155,5.170717041016,progression
352,11.733333333,155,5.170717041016,155,5.170717041016,progression
353,11.766666667,156,5.204082519531,156,5.204082519531,progression
354,11.800000000,156,5.204082519531,156,5.204082519531,progression
355,11.833333333,157,5.237448242187,157,5.237448242187,progression
356,11.866666667,157,5.237448242187,157,5.237448242187,progression
357,11.900000000,158,5.270814208984,158,5.270814208984,progression
358,11.933333333,158,5.270814208984,158,5.270814208984,progression
359,11.966666667,159,5.304180175781,159,5.304180175781,progression
360,12.000000000,159,5.304180175781,159,5.304180175781,progression
361,12.033333333,160,5.337546386719,160,5.337546386719,progression
362,12.066666667,160,5.337546386719,160,5.337546386719,progression
363,12.100000000,161,5.370912841797,161,5.370912841797,progression
364,12.133333333,161,5.370912841797,161,5.370912841797,progression
365,12.166666667,162,5.404279541016,162,5.404279541016,progression
366,12.200000000,162,5.404279541016,162,5.404279541016,progression
367,12.233333333,163,5.437646240234,163,5.437646240234,progression
368,12.266666667,163,5.437646240234,163,5.437646240234,progression
369,12.300000000,164,5.471013183594,164,5.471013183594,progression
370,12.333333333,164,5.471013183594,164,5.471013183594,progression
371,12.366666667,165,5.504380126953,165,5.504380126953,progression
372,12.400000000,165,5.504380126953,165,5.504380126953,progression
373,12.433333333,166,5.537747558594,166,5.537747558594,progression
374,12.466666667,166,5.537747558594,166,5.537747558594,progression
375,12.500000000,167,5.571114990234,167,5.571114990234,progression
376,12.533333333,167,5.571114990234,167,5.571114990234,progression
377,12.566666667,168,5.604482421875,168,5.604482421875,progression
378,12.600000000,168,5.604482421875,168,5.604482421875,progression
379,12.633333333,169,5.637850341797,169,5.637850341797,progression
380,12.666666667,169,5.637850341797,169,5.637850341797,progression
381,12.700000000,170,5.671218261719,170,5.671218261719,progression
382,12.733333333,170,5.671218261719,170,5.671218261719,progression
383,12.766666667,171,5.704586181641,171,5.704586181641,progression
384,12.800000000,171,5.704586181641,171,5.704586181641,progression
385,12.833333333,172,5.737954589844,172,5.737954589844,progression
386,12.866666667,172,5.737954589844,172,5.737954589844,progression
387,12.900000000,173,5.771322998047,173,5.771322998047,progression
388,12.933333333,173,5.771322998047,173,5.771322998047,progression
389,12.966666667,174,5.804691650391,174,5.804691650391,progression
390,13.000000000,174,5.804691650391,174,5.804691650391,progression
391,13.033333333,175,5.838060302734,175,5.838060302734,progression
392,13.066666667,175,5.838060302734,175,5.838060302734,progression
393,13.100000000,176,5.871429443359,176,5.871429443359,progression
394,13.133333333,176,5.871429443359,176,5.871429443359,progression
395,13.166666667,177,5.904798583984,177,5.904798583984,progression
396,13.200000000,177,5.904798583984,177,5.904798583984,progression
397,13.233333333,178,5.938167724609,178,5.938167724609,progression
398,13.266666667,178,5.938167724609,178,5.938167724609,progression
399,13.300000000,179,5.971537353516,179,5.971537353516,progression
400,13.333333333,179,5.971537353516,179,5.971537353516,progression
401,13.366666667,179,5.971537353516,179,5.971537353516,final_hold
402,13.400000000,179,5.971537353516,179,5.971537353516,final_hold
403,13.433333333,179,5.971537353516,179,5.971537353516,final_hold
404,13.466666667,179,5.971537353516,179,5.971537353516,final_hold
405,13.500000000,179,5.971537353516,179,5.971537353516,final_hold
406,13.533333333,179,5.971537353516,179,5.971537353516,final_hold
407,13.566666667,179,5.971537353516,179,5.971537353516,final_hold
408,13.600000000,179,5.971537353516,179,5.971537353516,final_hold
409,13.633333333,179,5.971537353516,179,5.971537353516,final_hold
410,13.666666667,179,5.971537353516,179,5.971537353516,final_hold
411,13.700000000,179,5.971537353516,179,5.971537353516,final_hold
412,13.733333333,179,5.971537353516,179,5.971537353516,final_hold
413,13.766666667,179,5.971537353516,179,5.971537353516,final_hold
414,13.800000000,179,5.971537353516,179,5.971537353516,final_hold
415,13.833333333,179,5.971537353516,179,5.971537353516,final_hold
416,13.866666667,179,5.971537353516,179,5.971537353516,final_hold
417,13.900000000,179,5.971537353516,179,5.971537353516,final_hold
418,13.933333333,179,5.971537353516,179,5.971537353516,final_hold
419,13.966666667,179,5.971537353516,179,5.971537353516,final_hold
420,14.000000000,179,5.971537353516,179,5.971537353516,final_hold
421,14.033333333,179,5.971537353516,179,5.971537353516,final_hold
422,14.066666667,179,5.971537353516,179,5.971537353516,final_hold
423,14.100000000,179,5.971537353516,179,5.971537353516,final_hold
424,14.133333333,179,5.971537353516,179,5.971537353516,final_hold
425,14.166666667,179,5.971537353516,179,5.971537353516,final_hold
426,14.200000000,179,5.971537353516,179,5.971537353516,final_hold
427,14.233333333,179,5.971537353516,179,5.971537353516,final_hold
428,14.266666667,179,5.971537353516,179,5.971537353516,final_hold
429,14.300000000,179,5.971537353516,179,5.971537353516,final_hold
430,14.333333333,179,5.971537353516,179,5.971537353516,final_hold
431,14.366666667,179,5.971537353516,179,5.971537353516,final_hold
432,14.400000000,179,5.971537353516,179,5.971537353516,final_hold
433,14.433333333,179,5.971537353516,179,5.971537353516,final_hold
434,14.466666667,179,5.971537353516,179,5.971537353516,final_hold
435,14.500000000,179,5.971537353516,179,5.971537353516,final_hold
436,14.533333333,179,5.971537353516,179,5.971537353516,final_hold
437,14.566666667,179,5.971537353516,179,5.971537353516,final_hold
438,14.600000000,179,5.971537353516,179,5.971537353516,final_hold
439,14.633333333,179,5.971537353516,179,5.971537353516,final_hold
440,14.666666667,179,5.971537353516,179,5.971537353516,final_hold
441,14.700000000,179,5.971537353516,179,5.971537353516,final_hold
442,14.733333333,179,5.971537353516,179,5.971537353516,final_hold
443,14.766666667,179,5.971537353516,179,5.971537353516,final_hold
444,14.800000000,179,5.971537353516,179,5.971537353516,final_hold
445,14.833333333,179,5.971537353516,179,5.971537353516,final_hold
446,14.866666667,179,5.971537353516,179,5.971537353516,final_hold
447,14.900000000,179,5.971537353516,179,5.971537353516,final_hold
448,14.933333333,179,5.971537353516,179,5.971537353516,final_hold
449,14.966666667,179,5.971537353516,179,5.971537353516,final_hold
450,15.000000000,179,5.971537353516,179,5.971537353516,final_hold
451,15.033333333,179,5.971537353516,179,5.971537353516,final_hold
452,15.066666667,179,5.971537353516,179,5.971537353516,final_hold
453,15.100000000,179,5.971537353516,179,5.971537353516,final_hold
454,15.133333333,179,5.971537353516,179,5.971537353516,final_hold
455,15.166666667,179,5.971537353516,179,5.971537353516,final_hold
456,15.200000000,179,5.971537353516,179,5.971537353516,final_hold
457,15.233333333,179,5.971537353516,179,5.971537353516,final_hold
458,15.266666667,179,5.971537353516,179,5.971537353516,final_hold
459,15.300000000,179,5.971537353516,179,5.971537353516,final_hold
460,15.333333333,179,5.971537353516,179,5.971537353516,final_hold
461,15.366666667,179,5.971537353516,179,5.971537353516,final_hold
462,15.400000000,179,5.971537353516,179,5.971537353516,final_hold
463,15.433333333,179,5.971537353516,179,5.971537353516,final_hold
464,15.466666667,179,5.971537353516,179,5.971537353516,final_hold
465,15.500000000,179,5.971537353516,179,5.971537353516,final_hold
466,15.533333333,179,5.971537353516,179,5.971537353516,final_hold
467,15.566666667,179,5.971537353516,179,5.971537353516,final_hold
468,15.600000000,179,5.971537353516,179,5.971537353516,final_hold
469,15.633333333,179,5.971537353516,179,5.971537353516,final_hold
470,15.666666667,179,5.971537353516,179,5.971537353516,final_hold
471,15.700000000,179,5.971537353516,179,5.971537353516,final_hold
472,15.733333333,179,5.971537353516,179,5.971537353516,final_hold
473,15.766666667,179,5.971537353516,179,5.971537353516,final_hold
474,15.800000000,179,5.971537353516,179,5.971537353516,final_hold
475,15.833333333,179,5.971537353516,179,5.971537353516,final_hold
476,15.866666667,179,5.971537353516,179,5.971537353516,final_hold
477,15.900000000,179,5.971537353516,179,5.971537353516,final_hold
478,15.933333333,179,5.971537353516,179,5.971537353516,final_hold
479,15.966666667,179,5.971537353516,179,5.971537353516,final_hold
480,16.000000000,179,5.971537353516,179,5.971537353516,final_hold
481,16.033333333,179,5.971537353516,179,5.971537353516,final_hold
482,16.066666667,179,5.971537353516,179,5.971537353516,final_hold
483,16.100000000,179,5.971537353516,179,5.971537353516,final_hold
484,16.133333333,179,5.971537353516,179,5.971537353516,final_hold
485,16.166666667,179,5.971537353516,179,5.971537353516,final_hold
486,16.200000000,179,5.971537353516,179,5.971537353516,final_hold
487,16.233333333,179,5.971537353516,179,5.971537353516,final_hold
488,16.266666667,179,5.971537353516,179,5.971537353516,final_hold
489,16.300000000,179,5.971537353516,179,5.971537353516,final_hold
490,16.333333333,179,5.971537353516,179,5.971537353516,final_hold
491,16.366666667,179,5.971537353516,179,5.971537353516,final_hold
492,16.400000000,179,5.971537353516,179,5.971537353516,final_hold
493,16.433333333,179,5.971537353516,179,5.971537353516,final_hold
494,16.466666667,179,5.971537353516,179,5.971537353516,final_hold
495,16.500000000,179,5.971537353516,179,5.971537353516,final_hold
496,16.533333333,179,5.971537353516,179,5.971537353516,final_hold
497,16.566666667,179,5.971537353516,179,5.971537353516,final_hold
498,16.600000000,179,5.971537353516,179,5.971537353516,final_hold
499,16.633333333,179,5.971537353516,179,5.971537353516,final_hold
500,16.666666667,179,5.971537353516,179,5.971537353516,final_hold
501,16.700000000,179,5.971537353516,179,5.971537353516,final_hold
502,16.733333333,179,5.971537353516,179,5.971537353516,final_hold
503,16.766666667,179,5.971537353516,179,5.971537353516,final_hold
504,16.800000000,179,5.971537353516,179,5.971537353516,final_hold
505,16.833333333,179,5.971537353516,179,5.971537353516,final_hold
506,16.866666667,179,5.971537353516,179,5.971537353516,final_hold
507,16.900000000,179,5.971537353516,179,5.971537353516,final_hold
508,16.933333333,179,5.971537353516,179,5.971537353516,final_hold
509,16.966666667,179,5.971537353516,179,5.971537353516,final_hold
510,17.000000000,179,5.971537353516,179,5.971537353516,final_hold
511,17.033333333,179,5.971537353516,179,5.971537353516,final_hold
512,17.066666667,179,5.971537353516,179,5.971537353516,final_hold
513,17.100000000,179,5.971537353516,179,5.971537353516,final_hold
514,17.133333333,179,5.971537353516,179,5.971537353516,final_hold
515,17.166666667,179,5.971537353516,179,5.971537353516,final_hold
516,17.200000000,179,5.971537353516,179,5.971537353516,final_hold
517,17.233333333,179,5.971537353516,179,5.971537353516,final_hold
518,17.266666667,179,5.971537353516,179,5.971537353516,final_hold
519,17.300000000,179,5.971537353516,179,5.971537353516,final_hold
520,17.333333333,179,5.971537353516,179,5.971537353516,final_hold
521,17.366666667,179,5.971537353516,179,5.971537353516,final_hold
522,17.400000000,179,5.971537353516,179,5.971537353516,final_hold
523,17.433333333,179,5.971537353516,179,5.971537353516,final_hold
524,17.466666667,179,5.971537353516,179,5.971537353516,final_hold
525,17.500000000,179,5.971537353516,179,5.971537353516,final_hold
526,17.533333333,179,5.971537353516,179,5.971537353516,final_hold
527,17.566666667,179,5.971537353516,179,5.971537353516,final_hold
528,17.600000000,179,5.971537353516,179,5.971537353516,final_hold
529,17.633333333,179,5.971537353516,179,5.971537353516,final_hold
530,17.666666667,179,5.971537353516,179,5.971537353516,final_hold
531,17.700000000,179,5.971537353516,179,5.971537353516,final_hold
532,17.733333333,179,5.971537353516,179,5.971537353516,final_hold
533,17.766666667,179,5.971537353516,179,5.971537353516,final_hold
534,17.800000000,179,5.971537353516,179,5.971537353516,final_hold
535,17.833333333,179,5.971537353516,179,5.971537353516,final_hold
536,17.866666667,179,5.971537353516,179,5.971537353516,final_hold
537,17.900000000,179,5.971537353516,179,5.971537353516,final_hold
538,17.933333333,179,5.971537353516,179,5.971537353516,final_hold
539,17.966666667,179,5.971537353516,179,5.971537353516,final_hold
540,18.000000000,179,5.971537353516,179,5.971537353516,final_hold
541,18.033333333,179,5.971537353516,179,5.971537353516,final_hold
542,18.066666667,179,5.971537353516,179,5.971537353516,final_hold
543,18.100000000,179,5.971537353516,179,5.971537353516,final_hold
544,18.133333333,179,5.971537353516,179,5.971537353516,final_hold
545,18.166666667,179,5.971537353516,179,5.971537353516,final_hold
546,18.200000000,179,5.971537353516,179,5.971537353516,final_hold
547,18.233333333,179,5.971537353516,179,5.971537353516,final_hold
548,18.266666667,179,5.971537353516,179,5.971537353516,final_hold
549,18.300000000,179,5.971537353516,179,5.971537353516,final_hold
550,18.333333333,179,5.971537353516,179,5.971537353516,final_hold
