source_frame,recorded_time_s,raw_value_m,output_value_m,flagged,inferred
25,0.835151123047,1.152000000000,1.152077454712,0,0
26,0.868562500000,1.147000000000,1.148249457303,0,0
27,0.901974121094,1.145000000000,1.144120442055,0,0
28,0.935386230469,1.137000000000,1.139517042462,0,0
29,0.968797607422,1.141000000000,1.134476798241,0,0
30,1.002158691406,1.131000000000,1.129273328143,0,0
31,1.035504882812,1.125000000000,1.124341055503,0,0
32,1.068851074219,1.119000000000,1.120099426971,0,0
33,1.102197021484,1.113000000000,1.116730661997,0,0
34,1.135542968750,1.101000000000,1.114013155180,0,0
35,1.168888671875,1.107000000000,1.111316623562,0,0
36,1.202234375000,1.133000000000,1.107799518130,1,0
37,1.235579833984,1.101000000000,1.102732529184,0,0
38,1.268925292969,1.089000000000,1.095784480218,0,0
39,1.302270507813,1.095000000000,1.087128503780,0,0
40,1.335615478516,1.072000000000,1.077338580281,0,0
41,1.368960449219,1.060000000000,1.067152986959,0,0
42,1.402305175781,1.060000000000,1.057221574291,0,0
43,1.435649902344,1.049000000000,1.047934277572,0,0
44,1.468994384766,1.040000000000,1.039375136517,0,0
45,1.502338867187,1.025000000000,1.031389699943,0,0
46,1.535683105469,1.030000000000,1.023720318680,0,0
47,1.569027343750,1.020000000000,1.016151986381,0,0
48,1.602371337891,1.013000000000,1.008607868241,0,0
49,1.635715087891,0.996000000000,1.001148908177,0,0
50,1.669058837891,0.988000000000,0.993882141145,0,0
51,1.702402343750,0.983000000000,0.986844710918,0,0
52,1.735745849609,0.983000000000,0.979951531478,0,0
53,1.769089111328,0.977000000000,0.973048089192,0,0
54,1.802432373047,0.971000000000,0.966030718988,0,0
55,1.835775390625,0.957000000000,0.958948627386,0,0
56,1.869118408203,0.950000000000,0.952019361206,0,0
57,1.902461181641,0.944000000000,0.945551099189,0,0
58,1.935803710937,0.940000000000,0.939820132966,0,0
59,1.969146240234,0.934000000000,0.934966530298,0,0
60,2.002489013672,0.930000000000,0.930950078884,0,0
61,2.035848144531,0.927000000000,0.927576403404,0,0
62,2.069197021484,0.929000000000,0.924575359250,0,0
63,2.102545898438,0.921000000000,0.921694589331,0,0
64,2.135894531250,0.921000000000,0.918765914286,0,0
65,2.169243164062,0.914000000000,0.915717693976,0,0
66,2.202591796875,0.910000000000,0.912537627107,0,0
67,2.235940185547,0.907000000000,0.909219069707,0,0
68,2.269288574219,0.907000000000,0.905730463465,0,0
69,2.302636718750,0.906000000000,0.902026234572,0,0
70,2.335984863281,0.897000000000,0.898083726709,0,0
71,2.369333007813,0.893000000000,0.893931284634,0,0
72,2.402680908203,0.893000000000,0.889641370184,0,0
73,2.436028808594,0.883000000000,0.885287953859,0,0
74,2.469376708984,0.879000000000,0.880890374483,0,0
75,2.502724365234,0.872000000000,0.876378088064,0,0
76,2.536072021484,0.875000000000,0.871607349869,0,0
77,2.569419677734,0.867000000000,0.866435429240,0,0
78,2.602767089844,0.866000000000,0.860818534486,0,0
79,2.636114257812,0.856000000000,0.854874369257,0,0
80,2.669461669922,0.847000000000,0.848863774157,0,0
81,2.702808837891,0.837000000000,0.843094673201,0,0
82,2.736155761719,0.838000000000,0.837803372746,0,0
83,2.769502929688,0.832000000000,0.833084882137,0,0
84,2.802849853516,0.831000000000,0.828911826961,0,0
85,2.836196533203,0.829000000000,0.825224490791,0,0
86,2.869543212891,0.823000000000,0.822032446390,0,0
87,2.902889892578,0.818000000000,0.819465682841,0,0
88,2.936236328125,0.818000000000,0.817746548898,0,0
89,2.969582763672,0.815000000000,0.817098750772,0,0
90,3.002929199219,0.818000000000,0.817639354706,0,0
91,3.036275634766,0.815000000000,0.819303110397,0,0
92,3.069633300781,0.826000000000,0.821830584051,0,0
93,3.102983398437,0.825000000000,0.824822968990,0,0
94,3.136333496094,0.828000000000,0.827839120928,0,0
95,3.169683349609,0.830000000000,0.830497868024,0,0
96,3.203033203125,0.832000000000,0.832555435560,0,0
97,3.236382812500,0.836000000000,0.833942680566,0,0
98,3.269732666016,0.837000000000,0.834756720680,0,0
99,3.303082275391,0.833000000000,0.835207841375,0,0
100,3.336431884766,0.832000000000,0.835535082953,0,0
101,3.369781250000,0.837000000000,0.835921035360,0,0
102,3.403130615234,0.836000000000,0.836441172454,0,0
103,3.436479980469,0.839000000000,0.837064858898,0,0
104,3.469829345703,0.838000000000,0.837696601398,0,0
105,3.503178466797,0.838000000000,0.838229546354,0,0
106,3.536527587891,0.838000000000,0.838586922671,0,0
107,3.569876708984,0.839000000000,0.838741701619,0,0
108,3.603225830078,0.840000000000,0.838716795153,0,0
109,3.636574707031,0.836000000000,0.838572452626,0,0
110,3.669923583984,0.840000000000,0.838387643708,0,0
111,3.703272216797,0.837000000000,0.838241544972,0,0
112,3.736621093750,0.840000000000,0.838198657960,0,0
113,3.769969726563,0.839000000000,0.838296679490,0,0
114,3.803318359375,0.836000000000,0.838535022527,0,0
115,3.836666748047,0.838000000000,0.838867047701,0,0
116,3.870015136719,0.841000000000,0.839204774815,0,0
117,3.903363525391,0.839000000000,0.839441513228,0,0
118,3.936711914063,0.841000000000,0.839485820063,0,0
119,3.970060058594,0.838000000000,0.839291346467,0,0
120,4.003408203125,0.840000000000,0.838869885516,0,0
121,4.036756347656,0.837000000000,0.838285204372,0,0
122,4.070104492188,0.837000000000,0.837634051318,0,0
123,4.103461181641,0.839000000000,0.837023195101,0,0
124,4.136812988281,0.837000000000,0.836548103762,0,0
125,4.170164794922,0.833000000000,0.836274998261,0,0
126,4.203516601562,0.838000000000,0.836228690713,0,0
127,4.236868408203,0.836000000000,0.836391368990,0,0
128,4.270219970703,0.837000000000,0.836714837303,0,0
129,4.303571533203,0.837000000000,0.837140651720,0,0
130,4.336923095703,0.840000000000,0.837617059262,0,0
131,4.370274658203,0.836000000000,0.838103483995,0,0
132,4.403626220703,0.839000000000,0.838561346053,0,0
133,4.436977539063,0.837000000000,0.838940270093,0,0
134,4.470328857422,0.839000000000,0.839174281937,0,0
135,4.503680419922,0.842000000000,0.839197067790,0,0
136,4.537031494141,0.838000000000,0.838971211346,0,0
137,4.570382812500,0.838000000000,0.838514976863,0,0
138,4.603733886719,0.840000000000,0.837910796502,0,0
139,4.637085205078,0.836000000000,0.837289636256,0,0
140,4.670436279297,0.837000000000,0.836796483299,0,0
141,4.703787109375,0.834000000000,0.836550280714,0,0
142,4.737138183594,0.838000000000,0.836615000364,0,0
143,4.770489013672,0.837000000000,0.836993346734,0,0
144,4.803840087891,0.839000000000,0.837641187826,0,0
145,4.837190917969,0.839000000000,0.838488572782,0,0
146,4.870541503906,0.839000000000,0.839452403973,0,0
147,4.903892333984,0.838000000000,0.840437243684,0,0
148,4.937242919922,0.842000000000,0.841334634819,0,0
149,4.970593750000,0.841000000000,0.842035229360,0,0
150,5.003944335937,0.846000000000,0.842457252742,0,0
151,5.037294677734,0.842000000000,0.842577996511,0,0
152,5.070645263672,0.842000000000,0.842447410988,0,0
153,5.103995849609,0.843000000000,0.842171981070,0,0
154,5.137351562500,0.839000000000,0.841875509628,0,0
155,5.170717041016,0.842000000000,0.841656843635,0,0
156,5.204082519531,0.843000000000,0.841564319443,0,0
157,5.237448242187,0.841000000000,0.841594642888,0,0
158,5.270814208984,0.842000000000,0.841709725020,0,0
159,5.304180175781,0.842000000000,0.841858524143,0,0
160,5.337546386719,0.842000000000,0.841993612314,0,0
161,5.370912841797,0.843000000000,0.842078107922,0,0
162,5.404279541016,0.841000000000,0.842083800323,0,0
163,5.437646240234,0.842000000000,0.841986148187,0,0
164,5.471013183594,0.839000000000,0.841765807672,0,0
165,5.504380126953,0.842000000000,0.841424937134,0,0
166,5.537747558594,0.846000000000,0.841015311605,0,0
167,5.571114990234,0.841000000000,0.840658747538,0,0
168,5.604482421875,0.837000000000,0.840534735905,0,0
169,5.637850341797,0.841000000000,0.840827504265,0,0
170,5.671218261719,0.843000000000,0.841652921680,0,0
171,5.704586181641,0.841000000000,0.842999743410,0,0
172,5.737954589844,0.842000000000,0.844712412391,0,0
173,5.771322998047,0.850000000000,0.846525806527,0,0
174,5.804691650391,0.847000000000,0.848143750349,0,0
175,5.838060302734,0.852000000000,0.849334518105,0,0
176,5.871429443359,0.849000000000,0.850006126456,0,0
177,5.904798583984,0.853000000000,0.850230658826,0,0
178,5.938167724609,0.848000000000,0.850207477379,0,0
179,5.971537353516,0.849000000000,0.850179983727,0,0
