output_frame,output_time_s,source_frame,source_recorded_time_s
0,0.000000,0,0.000000000
1,0.033333,0,0.000000000
2,0.066667,1,0.033401123
3,0.100000,1,0.033401123
4,0.133333,2,0.066802734
5,0.166667,2,0.066802734
6,0.200000,3,0.100204590
7,0.233333,3,0.100204590
8,0.266667,4,0.133606934
9,0.300000,4,0.133606934
10,0.333333,5,0.167009766
11,0.366667,5,0.167009766
12,0.400000,6,0.200412842
13,0.433333,6,0.200412842
14,0.466667,7,0.233816650
15,0.500000,7,0.233816650
16,0.533333,8,0.267220459
17,0.566667,8,0.267220459
18,0.600000,9,0.300625000
19,0.633333,9,0.300625000
20,0.666667,10,0.334029785
21,0.700000,10,0.334029785
22,0.733333,11,0.367435059
23,0.766667,11,0.367435059
24,0.800000,12,0.400840576
25,0.833333,12,0.400840576
26,0.866667,13,0.434246582
27,0.900000,13,0.434246582
28,0.933333,14,0.467653076
29,0.966667,14,0.467653076
30,1.000000,15,0.501060059
31,1.033333,15,0.501060059
32,1.066667,16,0.534467285
33,1.100000,16,0.534467285
34,1.133333,17,0.567875000
35,1.166667,17,0.567875000
36,1.200000,18,0.601282959
37,1.233333,18,0.601282959
38,1.266667,19,0.634691406
39,1.300000,19,0.634691406
40,1.333333,20,0.668100342
41,1.366667,20,0.668100342
42,1.400000,21,0.701509766
43,1.433333,21,0.701509766
44,1.466667,22,0.734919434
45,1.500000,22,0.734919434
46,1.533333,23,0.768329590
47,1.566667,23,0.768329590
48,1.600000,24,0.801739990
49,1.633333,24,0.801739990
50,1.666667,25,0.835151123
51,1.700000,25,0.835151123
52,1.733333,26,0.868562500
53,1.766667,26,0.868562500
54,1.800000,27,0.901974121
55,1.833333,27,0.901974121
56,1.866667,28,0.935386230
57,1.900000,28,0.935386230
58,1.933333,29,0.968797607
59,1.966667,29,0.968797607
60,2.000000,30,1.002158691
61,2.033333,30,1.002158691
62,2.066667,31,1.035504883
63,2.100000,31,1.035504883
64,2.133333,32,1.068851074
65,2.166667,32,1.068851074
66,2.200000,33,1.102197021
67,2.233333,33,1.102197021
68,2.266667,34,1.135542969
69,2.300000,34,1.135542969
70,2.333333,35,1.168888672
71,2.366667,35,1.168888672
72,2.400000,36,1.202234375
73,2.433333,36,1.202234375
74,2.466667,37,1.235579834
75,2.500000,37,1.235579834
76,2.533333,38,1.268925293
77,2.566667,38,1.268925293
78,2.600000,39,1.302270508
79,2.633333,39,1.302270508
80,2.666667,40,1.335615479
81,2.700000,40,1.335615479
82,2.733333,41,1.368960449
83,2.766667,41,1.368960449
84,2.800000,42,1.402305176
85,2.833333,42,1.402305176
86,2.866667,43,1.435649902
87,2.900000,43,1.435649902
88,2.933333,44,1.468994385
89,2.966667,44,1.468994385
90,3.000000,45,1.502338867
91,3.033333,45,1.502338867
92,3.066667,46,1.535683105
93,3.100000,46,1.535683105
94,3.133333,47,1.569027344
95,3.166667,47,1.569027344
96,3.200000,48,1.602371338
97,3.233333,48,1.602371338
98,3.266667,49,1.635715088
99,3.300000,49,1.635715088
100,3.333333,50,1.669058838
101,3.366667,50,1.669058838
102,3.400000,51,1.702402344
103,3.433333,51,1.702402344
104,3.466667,52,1.735745850
105,3.500000,52,1.735745850
106,3.533333,53,1.769089111
107,3.566667,53,1.769089111
108,3.600000,54,1.802432373
109,3.633333,54,1.802432373
110,3.666667,55,1.835775391
111,3.700000,55,1.835775391
112,3.733333,56,1.869118408
113,3.766667,56,1.869118408
114,3.800000,57,1.902461182
115,3.833333,57,1.902461182
116,3.866667,58,1.935803711
117,3.900000,58,1.935803711
118,3.933333,59,1.969146240
119,3.966667,59,1.969146240
120,4.000000,60,2.002489014
121,4.033333,60,2.002489014
122,4.066667,61,2.035848145
123,4.100000,61,2.035848145
124,4.133333,62,2.069197021
125,4.166667,62,2.069197021
126,4.200000,63,2.102545898
127,4.233333,63,2.102545898
128,4.266667,64,2.135894531
129,4.300000,64,2.135894531
130,4.333333,65,2.169243164
131,4.366667,65,2.169243164
132,4.400000,66,2.202591797
133,4.433333,66,2.202591797
134,4.466667,67,2.235940186
135,4.500000,67,2.235940186
136,4.533333,68,2.269288574
137,4.566667,68,2.269288574
138,4.600000,69,2.302636719
139,4.633333,69,2.302636719
140,4.666667,70,2.335984863
141,4.700000,70,2.335984863
142,4.733333,71,2.369333008
143,4.766667,71,2.369333008
144,4.800000,72,2.402680908
145,4.833333,72,2.402680908
146,4.866667,73,2.436028809
147,4.900000,73,2.436028809
148,4.933333,74,2.469376709
149,4.966667,74,2.469376709
150,5.000000,75,2.502724365
151,5.033333,75,2.502724365
152,5.066667,76,2.536072021
153,5.100000,76,2.536072021
154,5.133333,77,2.569419678
155,5.166667,77,2.569419678
156,5.200000,78,2.602767090
157,5.233333,78,2.602767090
158,5.266667,79,2.636114258
159,5.300000,79,2.636114258
160,5.333333,80,2.669461670
161,5.366667,80,2.669461670
162,5.400000,81,2.702808838
163,5.433333,81,2.702808838
164,5.466667,82,2.736155762
165,5.500000,82,2.736155762
166,5.533333,83,2.769502930
167,5.566667,83,2.769502930
168,5.600000,84,2.802849854
169,5.633333,84,2.802849854
170,5.666667,85,2.836196533
171,5.700000,85,2.836196533
172,5.733333,86,2.869543213
173,5.766667,86,2.869543213
174,5.800000,87,2.902889893
175,5.833333,87,2.902889893
176,5.866667,88,2.936236328
177,5.900000,88,2.936236328
178,5.933333,89,2.969582764
179,5.966667,89,2.969582764
180,6.000000,90,3.002929199
181,6.033333,90,3.002929199
182,6.066667,91,3.036275635
183,6.100000,91,3.036275635
184,6.133333,92,3.069633301
185,6.166667,92,3.069633301
186,6.200000,93,3.102983398
187,6.233333,93,3.102983398
188,6.266667,94,3.136333496
189,6.300000,94,3.136333496
190,6.333333,95,3.169683350
191,6.366667,95,3.169683350
192,6.400000,96,3.203033203
193,6.433333,96,3.203033203
194,6.466667,97,3.236382813
195,6.500000,97,3.236382813
196,6.533333,98,3.269732666
197,6.566667,98,3.269732666
198,6.600000,99,3.303082275
199,6.633333,99,3.303082275
200,6.666667,100,3.336431885
201,6.700000,100,3.336431885
202,6.733333,101,3.369781250
203,6.766667,101,3.369781250
204,6.800000,102,3.403130615
205,6.833333,102,3.403130615
206,6.866667,103,3.436479980
207,6.900000,103,3.436479980
208,6.933333,104,3.469829346
209,6.966667,104,3.469829346
210,7.000000,105,3.503178467
211,7.033333,105,3.503178467
212,7.066667,106,3.536527588
213,7.100000,106,3.536527588
214,7.133333,107,3.569876709
215,7.166667,107,3.569876709
216,7.200000,108,3.603225830
217,7.233333,108,3.603225830
218,7.266667,109,3.636574707
219,7.300000,109,3.636574707
220,7.333333,110,3.669923584
221,7.366667,110,3.669923584
222,7.400000,111,3.703272217
223,7.433333,111,3.703272217
224,7.466667,112,3.736621094
225,7.500000,112,3.736621094
226,7.533333,113,3.769969727
227,7.566667,113,3.769969727
228,7.600000,114,3.803318359
229,7.633333,114,3.803318359
230,7.666667,115,3.836666748
231,7.700000,115,3.836666748
232,7.733333,116,3.870015137
233,7.766667,116,3.870015137
234,7.800000,117,3.903363525
235,7.833333,117,3.903363525
236,7.866667,118,3.936711914
237,7.900000,118,3.936711914
238,7.933333,119,3.970060059
239,7.966667,119,3.970060059
240,8.000000,120,4.003408203
241,8.033333,120,4.003408203
242,8.066667,121,4.036756348
243,8.100000,121,4.036756348
244,8.133333,122,4.070104492
245,8.166667,122,4.070104492
246,8.200000,123,4.103461182
247,8.233333,123,4.103461182
248,8.266667,124,4.136812988
249,8.300000,124,4.136812988
250,8.333333,125,4.170164795
251,8.366667,125,4.170164795
252,8.400000,126,4.203516602
253,8.433333,126,4.203516602
254,8.466667,127,4.236868408
255,8.500000,127,4.236868408
256,8.533333,128,4.270219971
257,8.566667,128,4.270219971
258,8.600000,129,4.303571533
259,8.633333,129,4.303571533
260,8.666667,130,4.336923096
261,8.700000,130,4.336923096
262,8.733333,131,4.370274658
263,8.766667,131,4.370274658
264,8.800000,132,4.403626221
265,8.833333,132,4.403626221
266,8.866667,133,4.436977539
267,8.900000,133,4.436977539
268,8.933333,134,4.470328857
269,8.966667,134,4.470328857
270,9.000000,135,4.503680420
271,9.033333,135,4.503680420
272,9.066667,136,4.537031494
273,9.100000,136,4.537031494
274,9.133333,137,4.570382813
275,9.166667,137,4.570382813
276,9.200000,138,4.603733887
277,9.233333,138,4.603733887
278,9.266667,139,4.637085205
279,9.300000,139,4.637085205
280,9.333333,140,4.670436279
281,9.366667,140,4.670436279
282,9.400000,141,4.703787109
283,9.433333,141,4.703787109
284,9.466667,142,4.737138184
285,9.500000,142,4.737138184
286,9.533333,143,4.770489014
287,9.566667,143,4.770489014
288,9.600000,144,4.803840088
289,9.633333,144,4.803840088
290,9.666667,145,4.837190918
291,9.700000,145,4.837190918
292,9.733333,146,4.870541504
293,9.766667,146,4.870541504
294,9.800000,147,4.903892334
295,9.833333,147,4.903892334
296,9.866667,148,4.937242920
297,9.900000,148,4.937242920
298,9.933333,149,4.970593750
299,9.966667,149,4.970593750
300,10.000000,150,5.003944336
301,10.033333,150,5.003944336
302,10.066667,151,5.037294678
303,10.100000,151,5.037294678
304,10.133333,152,5.070645264
305,10.166667,152,5.070645264
306,10.200000,153,5.103995850
307,10.233333,153,5.103995850
308,10.266667,154,5.137351563
309,10.300000,154,5.137351563
310,10.333333,155,5.170717041
311,10.366667,155,5.170717041
312,10.400000,156,5.204082520
313,10.433333,156,5.204082520
314,10.466667,157,5.237448242
315,10.500000,157,5.237448242
316,10.533333,158,5.270814209
317,10.566667,158,5.270814209
318,10.600000,159,5.304180176
319,10.633333,159,5.304180176
320,10.666667,160,5.337546387
321,10.700000,160,5.337546387
322,10.733333,161,5.370912842
323,10.766667,161,5.370912842
324,10.800000,162,5.404279541
325,10.833333,162,5.404279541
326,10.866667,163,5.437646240
327,10.900000,163,5.437646240
328,10.933333,164,5.471013184
329,10.966667,164,5.471013184
330,11.000000,165,5.504380127
331,11.033333,165,5.504380127
332,11.066667,166,5.537747559
333,11.100000,166,5.537747559
334,11.133333,167,5.571114990
335,11.166667,167,5.571114990
336,11.200000,168,5.604482422
337,11.233333,168,5.604482422
338,11.266667,169,5.637850342
339,11.300000,169,5.637850342
340,11.333333,170,5.671218262
341,11.366667,170,5.671218262
342,11.400000,171,5.704586182
343,11.433333,171,5.704586182
344,11.466667,172,5.737954590
345,11.500000,172,5.737954590
346,11.533333,173,5.771322998
347,11.566667,173,5.771322998
348,11.600000,174,5.804691650
349,11.633333,174,5.804691650
350,11.666667,175,5.838060303
351,11.700000,175,5.838060303
352,11.733333,176,5.871429443
353,11.766667,176,5.871429443
354,11.800000,177,5.904798584
355,11.833333,177,5.904798584
356,11.866667,178,5.938167725
357,11.900000,178,5.938167725
358,11.933333,179,5.971537354
359,11.966667,179,5.971537354
