recording,waypoint,frame,time_s,x_m,y_m,z_m
r6b,W1,0,0.0,-0.21367494308535903,0.03414042154272267,0.21386109927790461
r6b,W1,1,0.033401,-0.21366833895636983,0.03415098606820113,0.21379902048698765
r6b,W1,2,0.066803,-0.21367220168319095,0.034153930039834884,0.21378659420948695
r6b,W1,3,0.100205,-0.21368754616585806,0.03414895702371192,0.21382519234366879
r6b,W1,4,0.133607,-0.2137153721603053,0.034136088255711114,0.21391480879775596
r6b,W1,5,0.16701,-0.21380668711119014,0.034083658428036914,0.21427254849769847
r6b,W1,6,0.200413,-0.2138472005430639,0.034058976569178764,0.21443332308425098
r6b,W1,7,0.233817,-0.21387134240868033,0.03404062423654232,0.21455582354225564
r6b,W1,8,0.267221,-0.21387365072367673,0.03403579812527332,0.21458951894746014
r6b,W1,9,0.300625,-0.213860151180631,0.03404526275555234,0.2145410505751826
r6b,W1,10,0.33403,-0.21374817824318582,0.03410594319019031,0.21410488782329742
r6b,W1,11,0.367435,-0.21362758635009904,0.0341794781992248,0.21361227621384427
r6b,W1,12,0.400841,-0.21360435946758377,0.03419922774839227,0.21348065377185085
r6b,W1,13,0.434247,-0.2136828357107078,0.034159772858599655,0.21374645969905448
r6b,W1,14,0.467653,-0.21376166914981254,0.03411523878280329,0.21405318107909163
r6b,W1,15,0.50106,-0.21382556386576573,0.0340683730832643,0.21436243190201695
r6b,W1,16,0.534467,-0.21387646217048153,0.03404020390849431,0.2145738127435562
r6b,W1,17,0.567875,-0.21389726550628155,0.034029306641714725,0.21466686364788454
r6b,W1,18,0.601283,-0.21376448297057657,0.03410342923211054,0.2141454936834593
r6b,W1,19,0.634692,-0.2137983891422312,0.03409058434321998,0.214248111324989
r6b,W1,20,0.6681,-0.21375983292115047,0.03411498923871951,0.21407926873885735
r6b,W1,21,0.70151,-0.21386482897361866,0.03405129759416021,0.2145090084314381
r6b,W1,22,0.734919,-0.21389558106000148,0.03402185069795195,0.21469273972840955
r6b,W1,23,0.76833,-0.2138204372549167,0.034054380559981036,0.21445723130683242
r6b,W1,24,0.80174,-0.21388648943143748,0.03402282318739174,0.21468145272019903
r6b,W1,25,0.835151,-0.21388195148250033,0.03403162946737095,0.21462402575395173
r6b,W1,26,0.868563,-0.2138012977161059,0.03409053921871721,0.214232829369558
r6b,W1,27,0.901974,-0.2138665228135884,0.0340549362044556,0.21447136681323067
r6b,W1,28,0.935386,-0.21384310811007567,0.034079027829207416,0.2143240564426649
r6b,W1,29,0.968798,-0.21380141319304763,0.03410750048967767,0.214146752067367
r6b,W1,30,1.002159,-0.21375768196826547,0.034118123464870906,0.21406550102197622
r6b,W1,31,1.035505,-0.21367474036548278,0.034166068730177294,0.21375307992463718
r6b,W1,32,1.068851,-0.2137388536065422,0.034133198206666555,0.21398282548173236
r6b,W1,33,1.102197,-0.21375153495219154,0.03412191515390258,0.21405483156614782
r6b,W1,34,1.135543,-0.21374021072913954,0.034126125405656786,0.21401673910295058
r6b,W1,35,1.168889,-0.21372491777055463,0.034129615374313645,0.2139814269869492
r6b,W1,36,1.202235,-0.21372062804833908,0.03413482375042977,0.21395219564928655
r6b,W1,37,1.23558,-0.21370296619835105,0.03414441050951931,0.21387767616790646
r6b,W1,38,1.268925,-0.21371325700081284,0.034121099363877805,0.21400789402333947
r6b,W1,39,1.302271,-0.21372842880658421,0.034120150753548274,0.21403218221899245
r6b,W1,40,1.335616,-0.21373941080707465,0.03412271686889179,0.21403773295923786
r6b,W1,41,1.36896,-0.2137216883806799,0.034133574307144976,0.21395770151768356
r6b,W1,42,1.402305,-0.21370524735637397,0.034138947293343,0.21390469374712973
r6b,W1,43,1.43565,-0.21370179080497395,0.03414767127303807,0.21386029842721085
r6b,W1,44,1.468995,-0.2136862616325393,0.034155713920256243,0.21380209051856247
r6b,W1,45,1.502339,-0.21360402629734668,0.034206216483792434,0.21345033799089275
r6b,W1,46,1.535683,-0.21370820136255375,0.03413794915946748,0.2138935457618294
r6b,W1,47,1.569027,-0.2137888071520013,0.03409822260229263,0.2141795851076589
r6b,W1,48,1.602371,-0.21386269333551797,0.03405209929963577,0.21448962296476243
r6b,W1,49,1.635715,-0.21384842136874602,0.03405476279628725,0.2144548347950772
r6b,W1,50,1.669059,-0.21384552793897302,0.03405449025099912,0.21447149474055177
r6b,W1,51,1.702403,-0.2138425285004882,0.034056441394247385,0.21447850875572144
r6b,W1,52,1.735746,-0.21376059883719403,0.03410334781924595,0.2141643856627048
r6b,W1,53,1.769089,-0.21366184345527456,0.03416409901330878,0.21376365299999572
r6b,W1,54,1.802433,-0.21373159448882237,0.03411873494436975,0.21405431757397803
r6b,W1,55,1.835776,-0.21374866547362187,0.03410054986504659,0.21416604887831117
r6b,W1,56,1.869118,-0.21376671810970638,0.03408196128499745,0.2142733222068796
r6b,W1,57,1.902461,-0.213753409518888,0.03408581139520298,0.2142366199172803
r6b,W1,58,1.935804,-0.2137531733050382,0.034090364073764305,0.2142137241246333
r6b,W1,59,1.969146,-0.2137637036978025,0.03408221524715172,0.21427196249216765
r6b,W1,60,2.002489,-0.2137668119348638,0.034080797672647725,0.21428466404108487
r6b,W1,61,2.035848,-0.2137668422230672,0.034080162333065905,0.214287420021172
r6b,W1,62,2.069197,-0.21375429108255586,0.03408911639580498,0.21422866379909866
r6b,W1,63,2.102546,-0.21375863528940098,0.03408316737861855,0.2142642550488857
r6b,W1,64,2.135895,-0.21373424815761025,0.03410586002151388,0.21411663285624025
r6b,W1,65,2.169243,-0.21372475686130785,0.034113607112725944,0.21406337031900954
r6b,W1,66,2.202592,-0.2136688686585636,0.0341438973272889,0.21386124161818815
r6b,W1,67,2.23594,-0.2137800691722826,0.03407641575902338,0.21431108457266565
r6b,W1,68,2.269289,-0.21380198140395834,0.03406204359509713,0.21440985346962751
r6b,W1,69,2.302637,-0.2139304169429535,0.03399111276460705,0.2148855625504837
r6b,W1,70,2.335985,-0.2140123768944511,0.03394357100002668,0.21520244162358745
r6b,W1,71,2.369333,-0.21404786421899843,0.033920160707751744,0.21536356458288272
r6b,W1,72,2.402681,-0.21399334886954127,0.033960018191823545,0.2150917825789954
r6b,W1,73,2.436029,-0.21390396676234064,0.034014291208512515,0.2147293666872745
r6b,W1,74,2.469377,-0.21378505889962843,0.03407630957011534,0.21430882817178593
r6b,W1,75,2.502725,-0.21377586126235262,0.03407950574809156,0.21428789523327058
r6b,W1,76,2.536072,-0.21366823886875264,0.034154694569529104,0.21379552234457072
r6b,W1,77,2.56942,-0.213734345529903,0.03412239655586949,0.21402610367006175
r6b,W1,78,2.602767,-0.2137372629854196,0.034124578650554044,0.2140200433964626
r6b,W1,79,2.636115,-0.21374365509698517,0.034118461502148416,0.21406283032676984
r6b,W1,80,2.669462,-0.21371542630356966,0.03413937731641062,0.21393516018955658
r6b,W1,81,2.702809,-0.21370432611081305,0.034140094965790235,0.21392165942290672
r6b,W1,82,2.736156,-0.21370803698071184,0.03412724304413872,0.2139934024194601
r6b,W1,83,2.769503,-0.21369158081230424,0.03413293370012764,0.2139390166588627
r6b,W1,84,2.80285,-0.21369221118870327,0.034139094198196974,0.2138997910181524
r6b,W1,85,2.836197,-0.21369865482435113,0.03413149400232522,0.2139458639666401
r6b,W1,86,2.869543,-0.21368912418752087,0.03413966406481668,0.21388761950732854
r6b,W1,87,2.90289,-0.21369966676383959,0.0341304551620174,0.2139441619709625
r6b,W1,88,2.936237,-0.2137089067021905,0.03412757841915758,0.21397315072550266
r6b,W1,89,2.969583,-0.21364605362734113,0.0341558121984974,0.21376989880131456
r6b,W1,90,3.002929,-0.21338299507251102,0.03433899476894729,0.2127678417457463
r6b,W1,91,3.036276,-0.21360987472019574,0.034253413805184096,0.21342559513730566
r6b,W1,92,3.069634,-0.21425431135041922,0.033846221234462626,0.2158275630055286
r6b,W2,493,16.444809,-0.2435072582392474,0.04051718436514118,0.455900526819092
r6b,W3,617,20.581607,-0.2265500458493432,0.07638677483358838,0.4486199858646326
r6b,W4,875,29.187798,0.15921683942717824,0.06565594784823153,0.49858713453514864
r6b,W4,876,29.221156,0.15920924992908606,0.06566066511784749,0.498535888590079
r6b,W4,877,29.254513,0.15923121554075056,0.06565066425216043,0.4986717064629445
r6b,W4,878,29.287871,0.15920667671071034,0.06557372863675845,0.4994759127529616
r6b,W4,879,29.321229,0.15956901248513825,0.06526475082997713,0.501969642189265
r6b,W4,880,29.354586,0.15935213997428213,0.06565210686327769,0.49836567345778293
r6b,W4,881,29.387944,0.15889159615345236,0.0664523163943009,0.4913766736655698
r6b,W4,882,29.421301,0.1584222495213003,0.067437770857525,0.48335915657860334
r6b,W4,883,29.454659,0.15782193969625413,0.06850748931242241,0.47447500391550684
r6b,W4,884,29.488016,0.15741031028107577,0.06938926016233346,0.4676221809648677
r6b,W4,885,29.521374,0.15721135655774693,0.06992858511205569,0.4639054010393702
r6b,W4,886,29.554731,0.15727178654857818,0.06996497175323832,0.4644565473253521
r6b,W4,887,29.588089,0.15769949037775427,0.06956994771160546,0.4679057667212502
r6b,W4,888,29.621447,0.1576630819843335,0.06958343145610661,0.46769004092881283
r6b,W4,889,29.654804,0.15767853027243578,0.06957642767773718,0.4677568114124359
r6b,W4,890,29.688162,0.15784028777224268,0.06950826658178158,0.46871458099655017
r6b,W4,891,29.721519,0.1578373823295979,0.06950949390176796,0.4687032208870133
r6b,W4,892,29.754877,0.15798086791094337,0.06945168229121612,0.46957681787970007
r6b,W4,893,29.788234,0.15804086384945032,0.06943230256980676,0.4700047979186748
r6b,W4,894,29.821592,0.15818614910879472,0.06937106118661099,0.470899394859426
r6b,W4,895,29.85495,0.1580980168581709,0.06940258933584206,0.4703708575549658
r6b,W4,896,29.888307,0.1580338380595732,0.06942905862409636,0.4699974416225394
r6b,W4,897,29.921665,0.15793048468237236,0.06947235559856065,0.4693814639838029
r6b,W4,898,29.955022,0.1577879901460017,0.0695343880433058,0.46852409050456334
r6b,W4,899,29.98838,0.1576063058869262,0.06961293050447007,0.46742553330905706
r7,W1,0,0.0,-0.23926026428859448,0.033102034347822384,0.23619048343781238
r7,W1,1,0.033344,-0.23928491503643126,0.0330964135733524,0.23627672581443457
r7,W1,2,0.066687,-0.2393003046100382,0.03309451724962653,0.23633344939842327
r7,W1,3,0.100046,-0.23930646033707145,0.03309496763066713,0.2363603362759216
r7,W1,4,0.133406,-0.23930433950170724,0.03309948136812161,0.2363563202789657
r7,W1,5,0.166759,-0.23927867038123957,0.03311070072276258,0.2362866193296475
r7,W1,6,0.200112,-0.23927452896881096,0.03311400484545865,0.23627508973831454
r7,W1,7,0.233465,-0.23927143291530403,0.03311436234377596,0.23626069228549693
r7,W1,8,0.266818,-0.23927844931149148,0.03311493573153297,0.23626510152704405
r7,W1,9,0.300171,-0.23928257557981844,0.03311194927862782,0.23627525312833347
r7,W1,10,0.333523,-0.23930001026828118,0.03310712756640203,0.23632910275906033
r7,W1,11,0.366876,-0.23928045770500153,0.033117205422478084,0.2362743110253215
r7,W1,12,0.400229,-0.2393001070539859,0.03310670636044808,0.23634351848720953
r7,W1,13,0.433582,-0.23924665754205865,0.03312782662283223,0.23618133931409668
r7,W1,14,0.466934,-0.2392311586578274,0.03313523393046856,0.2361258873855354
r7,W1,15,0.500287,-0.23922190061482745,0.03313768593672353,0.23609244674700774
r7,W1,16,0.53364,-0.23918476209275075,0.03315374735204963,0.2359630297422685
r7,W1,17,0.566992,-0.23924349812228032,0.03312669754303249,0.2361513602673228
r7,W1,18,0.600344,-0.23923322187733218,0.03313273327857352,0.23612746531626105
r7,W1,19,0.633697,-0.23919928837802146,0.0331469559134417,0.23602516558858821
r7,W1,20,0.667049,-0.2391890821031697,0.03314790363635168,0.23599501706001821
r7,W1,21,0.700401,-0.2391655157134173,0.03315418451693329,0.23592488022366842
r7,W1,22,0.733754,-0.23916748789762934,0.03315560473466867,0.23592518595397088
r7,W1,23,0.767106,-0.23915927487218594,0.033159139818314684,0.2359028689336348
r7,W1,24,0.800458,-0.23916650641702686,0.03315399338450974,0.23592264818989747
r7,W1,25,0.83381,-0.23923747242970247,0.03312593302285189,0.23614471899200473
r7,W1,26,0.867162,-0.23922008021299745,0.033129059319309144,0.23609192943746457
r7,W1,27,0.900514,-0.2392129092445633,0.03313293507395042,0.2360776621413761
r7,W1,28,0.933866,-0.23918282611783667,0.03315317660752398,0.23597162777994105
r7,W1,29,0.967218,-0.23918807016368124,0.03314894247665949,0.2359967190556958
r7,W1,30,1.000569,-0.2392097796009405,0.033137215207223604,0.23607142629420363
r7,W1,31,1.033921,-0.23923552131068668,0.03312567994811719,0.23615193903963372
r7,W1,32,1.067273,-0.2392838722966916,0.03310413230589681,0.2362966590495394
r7,W1,33,1.100625,-0.23933539522739444,0.033078623965519624,0.2364556707226423
r7,W1,34,1.133976,-0.23930651516306622,0.03309019728782698,0.23635270470836978
r7,W1,35,1.167334,-0.23927447203568192,0.033107958527478436,0.23624466871273186
r7,W1,36,1.200688,-0.23919791315077515,0.03315360397784659,0.2359868000833825
r7,W1,37,1.234042,-0.23919914319946442,0.0331475877223726,0.23600354199636442
r7,W1,38,1.267395,-0.2391846983851141,0.03315629047570242,0.23596143962798843
r7,W1,39,1.300748,-0.23919292342342932,0.03315371016675463,0.23598905648426222
r7,W1,40,1.334102,-0.2392321070603618,0.03313472336292863,0.23611559953573966
r7,W1,41,1.367455,-0.23926825522019415,0.03311482337825626,0.23623325709457363
r7,W1,42,1.400808,-0.23924969962298384,0.0331221652129305,0.2361683896352756
r7,W1,43,1.434161,-0.23922402771265147,0.03313062731029076,0.23608861905217535
r7,W1,44,1.467515,-0.23916836057965532,0.03315668251608331,0.23590800815395738
r7,W1,45,1.500868,-0.23917354108854585,0.03315297665798672,0.23592451357559402
r7,W1,46,1.534221,-0.2391787336103082,0.033150225574588334,0.23594631883316833
r7,W1,47,1.567574,-0.23920040979881682,0.03313839123833851,0.23601519619764513
r7,W1,48,1.600927,-0.23924573122881612,0.033117415228063316,0.23615717850279527
r7,W1,49,1.63428,-0.23927973731740537,0.033102876688729695,0.23627029002657998
r7,W1,50,1.667633,-0.23933226296458956,0.03307813199062719,0.23643236950184968
r7,W1,51,1.700986,-0.23932695521110836,0.033084909245144484,0.23640568811181487
r7,W1,52,1.734338,-0.2393042065067046,0.03309905310086581,0.2363330007828415
r7,W1,53,1.767691,-0.23927730716686504,0.033118303561865695,0.2362535536603795
r7,W1,54,1.801044,-0.23926506203961734,0.033119631784297325,0.23621843539328302
r7,W1,55,1.834397,-0.23923628781331827,0.033130996268953154,0.23613211104915346
r7,W1,56,1.867749,-0.23924787278801143,0.0331180983353793,0.23618271175735883
r7,W1,57,1.901102,-0.23925534071738475,0.033106384372128136,0.23621839106643042
r7,W1,58,1.934455,-0.23925434722391048,0.033103818247271,0.2362105534664193
r7,W1,59,1.967807,-0.239259339741121,0.03310646931564366,0.23621836669932164
r7,W1,60,2.00116,-0.2392686037052155,0.03310550212218026,0.2362579551257372
r7,W1,61,2.034512,-0.23927142682352684,0.03311489238186929,0.2362615402374471
r7,W1,62,2.067865,-0.23926921825478245,0.03312003969358016,0.23624533445433576
r7,W1,63,2.101217,-0.23924752988271944,0.0331329341060167,0.2361781529937594
r7,W1,64,2.134569,-0.2392475723544772,0.03313123869024817,0.2361792130699461
r7,W1,65,2.167922,-0.23926610705717385,0.033120714861688355,0.23622955901147458
r7,W1,66,2.201279,-0.23921960135215553,0.033142724416294955,0.236060977283797
r7,W1,67,2.234634,-0.23924441623661138,0.033126822315074377,0.23613831643743996
r7,W1,68,2.267988,-0.2392721600774078,0.03312010163589132,0.23623588237293583
r7,W1,69,2.301343,-0.23934039628488166,0.03308753195484948,0.2364866971170527
r7,W1,70,2.334697,-0.23931583606028978,0.03309527641234379,0.23642271416036803
r7,W1,71,2.368052,-0.23930902279988403,0.033088028428326595,0.23642837509759873
r7,W1,72,2.401406,-0.2392894282768944,0.033093757147516424,0.23635153606815892
r7,W1,73,2.43476,-0.2392709214139016,0.03309685867744385,0.23627988499325925
r7,W1,74,2.468114,-0.23922031084711784,0.03311899212618645,0.23609468596254746
r7,W1,75,2.501469,-0.239220253401941,0.033118990360860995,0.23608525215647913
r7,W1,76,2.534823,-0.23923220156824962,0.033125500347039254,0.23609895841059247
r7,W1,77,2.568177,-0.23925813684940525,0.03311312267602496,0.23620830261232098
r7,W1,78,2.601531,-0.2392477941069557,0.03311894427793811,0.23617274791319712
r7,W1,79,2.634885,-0.23928077624318472,0.03310448980421409,0.23628226159672178
r7,W1,80,2.668239,-0.23927551426337373,0.0331062843475888,0.23624572269714136
r7,W1,81,2.701594,-0.23927444766857314,0.033110078679851836,0.23624806052053268
r7,W1,82,2.734948,-0.23926924279257383,0.033115904690321836,0.23623494690669683
r7,W1,83,2.768302,-0.23927024567973776,0.033114653481711574,0.23623101896902549
r7,W1,84,2.801656,-0.23928761370001664,0.03311163248674283,0.23628020459152835
r7,W1,85,2.835009,-0.23924650000926462,0.03313153335883474,0.23616840736561137
r7,W1,86,2.868363,-0.23926106267451588,0.03312357654255162,0.236232451240068
r7,W1,87,2.901717,-0.2392496411537114,0.03313425255291452,0.23620093026823585
r7,W1,88,2.935071,-0.23920440466722756,0.033151837731652645,0.2360610681154591
r7,W1,89,2.968425,-0.2392198036345242,0.03314612407445937,0.23610602616176535
r7,W1,90,3.001779,-0.23922598110948412,0.03313968219496095,0.23611245585784274
r7,W1,91,3.035132,-0.23922912014679662,0.033131584728220385,0.23610692616733273
r7,W1,92,3.068486,-0.23925993948795146,0.03311729485506464,0.23619037655820044
r7,W1,93,3.10184,-0.2392331981929538,0.033126794027407265,0.23610287416470943
r7,W1,94,3.135194,-0.23924668555244516,0.03311838947331495,0.23615303844088742
r7,W1,95,3.168547,-0.2392487545223619,0.033119388485096386,0.23616775989933908
r7,W1,96,3.201901,-0.2392013944106492,0.0331387301440083,0.23601381211582437
r7,W1,97,3.235258,-0.2392291326717162,0.03312649495026383,0.23609123878375612
r7,W1,98,3.268613,-0.2392455829190292,0.033119319481483354,0.2361394767564656
r7,W1,99,3.301968,-0.23922398558225894,0.03312829302428948,0.23607356749631245
r7,W1,100,3.335322,-0.2392301990958342,0.03312471546888571,0.23609589670020292
r7,W1,101,3.368677,-0.2392013944106492,0.0331387301440083,0.23601381211582437
r7,W1,102,3.402031,-0.23916013519997492,0.03316329252680093,0.2358943827773598
r7,W1,103,3.435386,-0.23917449490012707,0.03315999545589308,0.23594136073320046
r7,W1,104,3.468741,-0.23917230460671424,0.03316355265332391,0.2359226110942385
r7,W1,105,3.502095,-0.23919394737578956,0.03315362610114502,0.23599265432452235
r7,W1,106,3.53545,-0.2392423679905257,0.03313102014806341,0.23614511223659596
r7,W1,107,3.568804,-0.23923820255235348,0.03313241472136305,0.23612298297338757
r7,W1,108,3.602159,-0.23924342553300182,0.033127013447497924,0.2361405484712109
r7,W1,109,3.635513,-0.23919921282819565,0.033146529411511375,0.23601127989853238
r7,W1,110,3.668868,-0.2391468024127303,0.03316724793849497,0.23585407655572319
r7,W1,111,3.702222,-0.2391880097579571,0.033148198304938245,0.23598421135568348
r7,W1,112,3.735576,-0.23917261722380284,0.03314935222226834,0.23592441387775087
r7,W1,113,3.768931,-0.23917589221666527,0.03314242542917936,0.23594527757730904
r7,W1,114,3.802285,-0.23921711470599377,0.033123058125831724,0.2360767903673129
r7,W1,115,3.835639,-0.23925504409781084,0.03311019287896821,0.23618298757377112
r7,W1,116,3.868993,-0.2392920069824445,0.033097413463039765,0.2362950207460376
r7,W1,117,3.902348,-0.2392600999812928,0.033114330525457904,0.2362063824006297
r7,W1,118,3.935702,-0.23927130305153127,0.03311266163203101,0.23623345094347856
r7,W1,119,3.969056,-0.23928888308923374,0.03310519325998942,0.2363019284265911
r7,W1,120,4.00241,-0.23925210227518548,0.033110130936657045,0.23619243965517106
r7,W1,121,4.035764,-0.23923268304827366,0.03311660735821906,0.23614697593788025
r7,W1,122,4.069118,-0.23921095829623013,0.033130667148330795,0.23607788644916697
r7,W1,123,4.102473,-0.23919436566022473,0.033141231683322885,0.23601809451801573
r7,W1,124,4.135827,-0.23916032302097237,0.03315895045121658,0.2359100707059322
r7,W1,125,4.169181,-0.23911497739454685,0.03318003176298025,0.23576448446874473
r7,W1,126,4.202535,-0.23911774027781663,0.03318666300006313,0.23574856614060427
r7,W1,127,4.235889,-0.23914560544210914,0.03317538611166783,0.23585016025661043
r7,W1,128,4.269246,-0.23920548378694778,0.03314295362143306,0.2360430429084912
r7,W1,129,4.302601,-0.2392135270960427,0.033144185349976256,0.23605412388424238
r7,W1,130,4.335956,-0.2392784310361599,0.03311652584581302,0.23626764538289466
r7,W1,131,4.369311,-0.23928369631788338,0.03311144400706428,0.2362932666967428
r7,W1,132,4.402666,-0.239358310858282,0.03305695604032839,0.2365295244624185
r7,W1,133,4.436021,-0.239344838279925,0.03311709206321309,0.2363338100061716
r7,W1,134,4.469375,-0.23918141236627619,0.03321018540407223,0.23593834116968038
r7,W1,135,4.50273,-0.2388980690459881,0.033302101176114776,0.2353929742714385
r7,W1,136,4.536085,-0.23861051783737217,0.03334908750041207,0.23498533768359028
r7,W1,137,4.56944,-0.2380652654738394,0.033450133129368606,0.2336764432489888
r7,W1,138,4.602795,-0.2376320321999866,0.033421473895486234,0.23273482306083434
r7,W2,430,14.343036,-0.2528051181290501,0.044135691212607686,0.4622094857398995
r7,W3,534,17.812221,-0.23809613189788406,0.08479286724407951,0.46664080294782767
r7,W4,1083,36.125566,0.16219281765972168,0.07726345121440852,0.47564532993822084
r7,W4,1084,36.15892,0.16243570379011232,0.07718446455119449,0.47687580807077673
r7,W4,1085,36.192274,0.1625915630931598,0.07713517878809921,0.4775541175806685
r7,W4,1086,36.225628,0.1625878911478834,0.07714172242892155,0.47752292948065145
r7,W4,1087,36.258982,0.16240501762064766,0.07720778812000625,0.47657605588956453
r7,W4,1088,36.292335,0.16223440267353245,0.07726734377293942,0.47572868780896166
r7,W4,1089,36.325689,0.1621807217762191,0.07728712606519562,0.47541480403719777
r7,W4,1090,36.359043,0.162219898046051,0.07727845430935974,0.47552136397588385
r7,W4,1091,36.392397,0.16232727286204798,0.07723803147698355,0.4759798469564974
r7,W4,1092,36.425751,0.16256056912906522,0.07715373030071866,0.47712408826123875
r7,W4,1093,36.459107,0.1629690374954196,0.07700734182724017,0.47917975093019016
r7,W4,1094,36.492462,0.16345954262040616,0.07682711656296508,0.4817713343412497
r7,W4,1095,36.525816,0.16376647370097883,0.07671201462432797,0.48336356920316564
r7,W4,1096,36.55917,0.16403374644510746,0.07661364919301612,0.4847923167393555
r7,W4,1097,36.592525,0.164190492224419,0.0765594770896929,0.4856364193065176
r7,W4,1098,36.625879,0.16427331875415563,0.07653335731808848,0.4860696277130648
r7,W4,1099,36.659233,0.16423568674518801,0.0765453845469788,0.4858854832652356
r7,W4,1100,36.692587,0.1641549086322197,0.07657771700245718,0.4854660663976826
r7,W4,1101,36.725941,0.16413668180469806,0.07658498979546385,0.4853637683564483
r7,W4,1102,36.759295,0.16415018785542645,0.07657601187264176,0.4854140971106105
r7,W4,1103,36.792649,0.16416556372493282,0.07657070704069176,0.4854986751301836
r7,W4,1104,36.826004,0.16419540623125642,0.07655799492964631,0.4856455656576151
r7,W4,1105,36.859358,0.16419437914766627,0.07655663841954762,0.48564524165198103
r7,W4,1106,36.892712,0.16425405248880687,0.0765361986739248,0.48595831402245787
r7,W4,1107,36.926066,0.16406680928898132,0.07660510838310448,0.48491770773951515
r7,W4,1108,36.95942,0.16420110256755754,0.07655957352209437,0.48570114496850164
r7,W4,1109,36.992773,0.16470462981474895,0.07636826430522752,0.48841513577446943
r7,W4,1110,37.026127,0.16530999798702642,0.07613707905991293,0.49167693524076744
r7,W4,1111,37.059481,0.1660641854563259,0.07584011839746213,0.49573000230486947
r7,W4,1112,37.092835,0.16688341207976062,0.07545355570988134,0.49963105165447097
r7,W4,1113,37.126189,0.16703841750375872,0.07542497497361055,0.5005216736057193
r7,W4,1114,37.159543,0.16653086032414458,0.07579867102831302,0.4986123894550173
r7,W4,1115,37.192896,0.1658339413906034,0.07631092643014478,0.49658129630024417
r7,W4,1116,37.22625,0.16514481326622407,0.07687498039265034,0.49476542445576527
r7,W4,1117,37.259604,0.16462364818594108,0.07735175741677665,0.4938071919013408
r7,W4,1118,37.292958,0.16429675897215726,0.07768947579771295,0.4934757907289084
r7,W4,1119,37.326311,0.16424489924339525,0.07780468062680813,0.49385228962118555
r7,W4,1120,37.359665,0.16443142927378632,0.07768073647342591,0.49448977718546006
r7,W4,1121,37.393019,0.16437940200690457,0.0776743903512077,0.4939775790887888
r7,W4,1122,37.426372,0.16424583843507393,0.07773241610490104,0.49311792870392984
r7,W4,1123,37.459726,0.164441327145818,0.07764585044363966,0.49438532625413345
r7,W4,1124,37.493082,0.16436985216678948,0.07767755821297592,0.49391434329824585
r7,W4,1125,37.526437,0.16443564629498378,0.07764861922275237,0.49434236043287955
r7,W4,1126,37.559792,0.16439746538053754,0.0776648956349901,0.49409895686639643
r7,W4,1127,37.593146,0.164379365626924,0.07767322497353253,0.49397948711692574
r7,W4,1128,37.6265,0.16435078294544522,0.07768654412697908,0.493792111476911
r7,W4,1129,37.659855,0.16440509735038755,0.07766187378114267,0.49414914273527927
r7,W4,1130,37.693209,0.16434407205047358,0.0776886988023888,0.493751895543967
r7,W4,1131,37.726564,0.1643621869481888,0.0776806871336373,0.49386998730339404
r7,W4,1132,37.759918,0.16437459679864366,0.07767533894250998,0.4939487171736045
r7,W4,1133,37.793272,0.16441939774345143,0.07765500183611697,0.49424060461329294
r7,W4,1134,37.826627,0.16436029936612706,0.0776814684811399,0.4938541814016469
r7,W4,1135,37.859981,0.1644156650510857,0.07765825994689077,0.49420793273361197
r7,W4,1136,37.893335,0.16438607043011844,0.07767054026002944,0.49401885509791954
r7,W4,1137,37.92669,0.16438035633053355,0.0776734161059561,0.4939817191506967
r7,W4,1138,37.960044,0.16427546926533915,0.07771928631855267,0.49329810257164725
r7,W4,1139,37.993398,0.16426307455898598,0.07772495217947087,0.49321799471139327
r7,W4,1140,38.026752,0.16433933647094384,0.07769070570455228,0.4937152957266146
r7,W4,1141,38.060106,0.1643631412718178,0.07767971288838564,0.49387412736530184
r7,W4,1142,38.09346,0.1643173889639283,0.07770028183363448,0.4935750259697616
r7,W4,1143,38.126815,0.16435932380661916,0.07768159501850724,0.4938505713778324
r7,W4,1144,38.160169,0.16441465015104995,0.07765796351297873,0.4942093046318783
r7,W4,1145,38.193523,0.1644137139320699,0.07765851302162548,0.494200712685983
r7,W4,1146,38.226877,0.16432787798357074,0.07769582205682374,0.49364377981225593
r7,W4,1147,38.260231,0.16433171668464824,0.07769478763458638,0.4936668057616321
r7,W4,1148,38.293585,0.16437653277355774,0.0776747681979843,0.493957315211277
r7,W4,1149,38.326939,0.1643965291615575,0.07766544514363685,0.494090364920501
r7,W4,1150,38.360293,0.1644184676162486,0.07765608138285708,0.4942328606193478
r7,W4,1151,38.393646,0.16445565173530807,0.07763908380010244,0.49447318420010977
r7,W4,1152,38.427,0.16446424412056426,0.07763561773909675,0.4945283580828508
r7,W4,1153,38.460354,0.1644651712872198,0.07763528059875242,0.4945391759707399
r7,W4,1154,38.493708,0.16439368725586676,0.07766720073639113,0.49407041895684606
r7,W4,1155,38.527064,0.1643107386453634,0.07770370718820788,0.49352929807664336
r7,W4,1156,38.560419,0.16426590741235225,0.07772340895501904,0.493240166617042
r7,W4,1157,38.593773,0.16431357149872966,0.07770216396375608,0.4935514699822921
r7,W4,1158,38.627127,0.16437267596783123,0.07767622735682654,0.49393874114588837
r7,W4,1159,38.660482,0.16437170946064783,0.07767614152589146,0.49393290518008015
r7,W4,1160,38.693836,0.1643249664491488,0.07769651933871673,0.4936315717507689
r7,W4,1161,38.72719,0.16433926388166534,0.07769038980008687,0.49372610752272655
r7,W4,1162,38.760544,0.164301185844701,0.07770761745637186,0.4934691361800444
r7,W4,1163,38.793899,0.16419915582929898,0.07775204974600508,0.49280408757460636
r7,W4,1164,38.827253,0.16419915582929898,0.07775204974600508,0.49280408757460636
r7,W4,1165,38.860607,0.16427735980794816,0.07771776256465425,0.49331083457945046
r7,W4,1166,38.893961,0.1643469442443677,0.07768757854921637,0.49376908552753485
r7,W4,1167,38.927315,0.16443561600678042,0.07764798388317051,0.49434511641296663
r7,W4,1168,38.960669,0.16447469379967883,0.07763073499100662,0.494602093847426
r7,W4,1169,38.994023,0.1644537218521712,0.07764018458272141,0.4944654341143874
r7,W4,1170,39.027377,0.1644346465390497,0.07764864045863124,0.49434235434110235
r7,W4,1171,39.060731,0.16439174518917546,0.07766724144282341,0.4940609729672233
r7,W4,1172,39.094085,0.16441561961878065,0.077657306937518,0.4942120667037426
r7,W4,1173,39.127439,0.1643965594497609,0.07766608048321867,0.4940876089404139
r7,W4,1174,39.160793,0.1644088996714845,0.07765967398123015,0.49417407671279234
r7,W4,1175,39.194147,0.16447469989145602,0.07763126502909995,0.49460294179937614
r7,W4,1176,39.227501,0.16446418667538742,0.07763561950442222,0.4945377918889191
r7,W4,1177,39.260855,0.16439555969382683,0.07766610171909756,0.49408760284863673
r7,W4,1178,39.294209,0.16434881059055056,0.07768594949382952,0.49378542146737536
r7,W4,1179,39.327562,0.16433355883440495,0.07769305327771105,0.4936867456335099
r7,W4,1180,39.360916,0.1642658710323717,0.07772224357734388,0.49324207464517894
r7,W4,1181,39.39427,0.16416959149653512,0.07776496539872564,0.4926122539588269
r7,W4,1182,39.427624,0.16413241033802295,0.0777812205750845,0.49236885648412093
r7,W4,1183,39.460977,0.16414289935766535,0.07777676079827374,0.4924376103266153
r7,W4,1184,39.494331,0.16411813414138524,0.07778819782159867,0.49227379067406996
r7,W4,1185,39.527685,0.1641514765988199,0.07777297706747717,0.49249416219939984
r7,W4,1186,39.56104,0.16428206509927448,0.0777151203229089,0.4933501903768899
r7,W4,1187,39.594395,0.1643373460114002,0.07769053580800761,0.4937130576010665
r7,W4,1188,39.627749,0.16427729627099413,0.07771723429188636,0.49331942043356863
r7,W4,1189,39.661104,0.16428117431259953,0.07771662284092841,0.4933374644608639
r7,W4,1190,39.694458,0.1642974077200302,0.0777099225577729,0.493440598270494
r7,W4,1191,39.727812,0.1643402636375994,0.07769036856420798,0.49372611361450375
r7,W4,1192,39.761167,0.16433548871754183,0.07769195249509206,0.49369449571923224
r7,W4,1193,39.794521,0.16438603108959057,0.07767011728875003,0.4940238370200004
r7,W4,1194,39.827875,0.1644174830044162,0.07765642028852689,0.4942314765375271
r7,W4,1195,39.861229,0.16439272074868336,0.07766711490545604,0.4940645829910378
r7,W4,1196,39.894584,0.16432502389432563,0.07769651757339129,0.4936221379447006
r7,W4,1197,39.927938,0.16429067558917967,0.07771122952529835,0.4934009123756434
r7,W4,1198,39.961292,0.1642792654946589,0.07771655648054675,0.4933221885972101
r7,W4,1199,39.994646,0.16424113610429492,0.07773431594025064,0.49307549901254655
r7,W4,1200,40.028,0.1643088026704493,0.07770427793273352,0.49352070003897086
r7,W4,1201,40.061354,0.16435553662962388,0.07768411248821068,0.4938242594102758
r7,W4,1202,40.094708,0.1643154832772176,0.07770148791774197,0.49356367195200196
r7,W4,1203,40.128062,0.16437173974885122,0.07767677686547332,0.49393014919999306
r7,W4,1204,40.161417,0.16442417266350898,0.07765341790523292,0.49427222250856445
r7,W4,1205,40.194771,0.16439744118411137,0.07766479033350163,0.4941025607984337
r7,W4,1206,40.228125,0.16438507972650887,0.07767034912760588,0.4940166230641486
r7,W4,1207,40.261478,0.16434690490383982,0.077687155577937,0.49377406744961566
r7,W4,1208,40.294832,0.1644804291351426,0.07762870685296423,0.4946386997565555
r7,W4,1209,40.328186,0.16447566030686223,0.07763082082194168,0.4946079298132342
r7,W4,1210,40.36154,0.1644651712872198,0.07763528059875242,0.4945391759707399
r7,W4,1211,40.394894,0.1644632595087319,0.07763595664476652,0.49452697400103
r7,W4,1212,40.428248,0.16441364430333869,0.07765745471076424,0.49420845058815094
r7,W4,1213,40.461601,0.16435643646862333,0.07768239760188873,0.49383475938430804
r7,W4,1214,40.494955,0.16430592438477798,0.07770486814781259,0.4935026621034527
r7,W4,1215,40.528309,0.16430495787759458,0.07770478231687751,0.4934968261376445
r7,W4,1216,40.561663,0.164364101687224,0.07767926868122735,0.4938791153791599
r7,W4,1217,40.595018,0.1644108265940741,0.07765931560500693,0.49418490069245863
r7,W4,1218,40.628373,0.16447183674988636,0.07763217291396995,0.49458352587381454
r7,W4,1219,40.661727,0.16446134773024396,0.0776366326907807,0.4945147720313202
r7,W4,1220,40.695081,0.16438221971616912,0.07767252945696501,0.4940011289844812
r7,W4,1221,40.728435,0.16432405146604764,0.07769791655524776,0.4936224497667802
r7,W4,1222,40.761789,0.1642792412982327,0.07771645117905826,0.4933257925292474
r7,W4,1223,40.795143,0.16426879161911817,0.07772133392714846,0.4932520567646722
r7,W4,1224,40.828497,0.16428021076596344,0.07771579460359755,0.4933285546011117
r7,W4,1225,40.861851,0.16432501780254843,0.07769598753529793,0.4936212899927504
r7,W4,1226,40.895205,0.1643154710936632,0.07770042784155527,0.49356197604810154
r7,W4,1227,40.928559,0.1642601720768885,0.07772543709306144,0.4932035607079125
r7,W4,1228,40.961913,0.1642620748030519,0.07772497341534976,0.4932179886196161
r7,W4,1229,40.995267,0.16424682304690633,0.07773207719923128,0.49311931278575066
r7,W4,1230,41.02862,0.16429640796409614,0.07770994379365176,0.49344059217871683
r7,W4,1231,41.061974,0.16426685877543395,0.0777231771161632,0.4932473805728938
r7,W4,1232,41.095328,0.16433169248822208,0.07769468233309791,0.49367040969366943
r7,W4,1233,41.128682,0.16428498272547368,0.07771495307910925,0.49336324639032714
r7,W4,1234,41.162035,0.16427450884993294,0.07771973052571089,0.49329311455778924
r7,W4,1235,41.195389,0.16424014540068532,0.07773412480782707,0.49307326697877557
r7,W4,1236,41.228742,0.1642792776782133,0.07771761655673345,0.49332388450111053
r7,W4,1237,41.262096,0.1642734969104445,0.07771869168540309,0.4932914125621116
r7,W4,1238,41.29545,0.16423537953295225,0.07773549637040873,0.49303942314151034
r7,W4,1239,41.328803,0.16425448513427707,0.07772767583408077,0.4931597469347083
r7,W4,1240,41.362157,0.16432503607788002,0.07769757764957799,0.493623833848601
r7,W4,1241,41.39551,0.1642449293730674,0.07773232850864051,0.4931026589320533
r7,W4,1242,41.428864,0.16433453439391282,0.07769292674034368,0.4936903556573244
r7,W4,1243,41.462217,0.16428973640965236,0.0777125214403409,0.49339539432369195
r7,W4,1244,41.49557,0.16429639281999445,0.07770962612386084,0.49344197016876035
r7,W4,1245,41.528924,0.16425633946758814,0.0777270015533921,0.49318138271048656
r7,W4,1246,41.562277,0.16427352719864785,0.07771932702498491,0.49328865658202453
r7,W4,1247,41.59563,0.16434314488381802,0.0776890359427331,0.49374107765607783
r7,W4,1248,41.628984,0.16434793790852456,0.07768702727524414,0.49376824366736183
r7,W4,1249,41.662338,0.1643260145979352,0.07769670870581483,0.49362436997847153
r7,W4,1250,41.695693,0.16432883839897694,0.07769537784966547,0.493648767826114
r7,W4,1251,41.729048,0.16428404650649361,0.07771550258775603,0.4933546544444318
r7,W4,1252,41.762403,0.16429834393901024,0.07770937304912612,0.4934491902163894
r7,W4,1253,41.795758,0.164260163024564,0.07772564946136386,0.4932057866499063
r7,W4,1254,41.829113,0.16428492824084412,0.07771421243803893,0.4933696063024515
r7,W4,1255,41.862468,0.16427257287501884,0.07772030127023657,0.4932845165201167
r7,W4,1256,41.895823,0.16428397687776242,0.0777144442768948,0.49336239234659973
r7,W4,1257,41.929178,0.16421631031160805,0.07774448228441186,0.49291719132017536
r7,W4,1258,41.962532,0.16414194503403637,0.07777773504352536,0.49243347026470746
r7,W4,1259,41.995887,0.16414767427772292,0.07777517686738965,0.49246922822188677
r7,W4,1260,42.029242,0.16414482628025495,0.07777640242205057,0.4924484343062816
r7,W4,1261,42.062597,0.16412287877323942,0.07778597855113276,0.4923081645494286
r7,W4,1262,42.095951,0.16415816329736535,0.07777071709057892,0.49253798206438115
r7,W4,1263,42.129306,0.16427256382269437,0.07772051363853899,0.49328674246211046
r7,W4,1264,42.162661,0.16435934504249805,0.07768244272639149,0.49385004133973903
r7,W4,1265,42.196016,0.16440990551919576,0.07766018278344465,0.49417493075651975
r7,W4,1266,42.22937,0.16444231175765037,0.07764551153796985,0.49438671033595416
r7,W4,1267,42.262725,0.16442895054411383,0.07765109156795301,0.49430076650989196
r7,W4,1268,42.296079,0.16435358847115542,0.07768362315654963,0.4938139654687029
r7,W4,1269,42.329434,0.16434020915296985,0.07768962792313766,0.49373247352662814
r7,W4,1270,42.362788,0.16426391991335593,0.07772249665207857,0.4932348545975499
r7,W4,1271,42.396143,0.16427064595242924,0.07772065964645976,0.4932736925404504
r7,W4,1272,42.429498,0.1642945355261361,0.07771104281094526,0.49342340828692616
r7,W4,1273,42.462852,0.16432788703589524,0.07769560968852131,0.4936415538702622
r7,W4,1274,42.496206,0.16440989942741857,0.07765965274535129,0.49417408280456954
r7,W4,1275,42.529561,0.16437651762945604,0.07767445052819343,0.4939586932013206
r7,W4,1276,42.562915,0.16428594314087988,0.07771450887195096,0.49336823440418515
r7,W4,1277,42.59627,0.164338342806787,0.07769125697852451,0.4937161375867876
r7,W4,1278,42.629624,0.16426210805180258,0.0777248663485358,0.493212158745585
r7,W4,1279,42.662978,0.16422491784096593,0.07774133389319711,0.49297098721287286
r7,W4,1280,42.696333,0.16428877599424613,0.07771296564749919,0.4933904063098339
r7,W4,1281,42.729704,0.1643030673349855,0.0777063060707759,0.49348409412984134
r7,W4,1282,42.763075,0.16435554864249566,0.0776831577135125,0.4938189595743381
r7,W4,1283,42.796447,0.16437649639357715,0.07767360282030918,0.49395922323941394
r7,W4,1284,42.829818,0.16430692414071205,0.07770484691193373,0.4935026681952299
r7,W4,1285,42.86319,0.1643040519468179,0.07770596716510612,0.49348547821166205
r7,W4,1286,42.896562,0.1642563878604405,0.07772721215636906,0.49317417484641196
r7,W4,1287,42.929935,0.16416101425538063,0.07776874912952227,0.4925557020860424
r7,W4,1288,42.963307,0.16413623389499882,0.07777986848305626,0.4923932604235406
r7,W4,1289,42.99668,0.1642955049938668,0.07771038623548455,0.49342617035879044
r7,W4,1290,43.030052,0.16437556017459717,0.0776741523289559,0.49395063129351857
r7,W4,1291,43.063425,0.16455769985535904,0.07759422677386434,0.4951337809215603
r7,W4,1292,43.096799,0.1645472078751693,0.07759942895707087,0.49506810097300985
r7,W4,1293,43.130172,0.16457201243197728,0.07758841490502535,0.49522693870347434
r7,W4,1294,43.163545,0.16452053384094853,0.07761079962001415,0.4948890054568108
r7,W4,1295,43.196919,0.1643927691415357,0.07766732550843301,0.4940573751269632
r7,W4,1296,43.230293,0.1642487407464888,0.0777299163404256,0.4931253669675726
r7,W4,1297,43.263667,0.1643374427971049,0.07769095701396155,0.49369864187291723
r7,W4,1298,43.297042,0.1643011736611466,0.07770655738018516,0.493467440276144
r7,W4,1299,43.330416,0.16431448648183083,0.07770076674722508,0.4935605919662808
r7,W4,1300,43.363791,0.16427352423810057,0.07772006943138067,0.49329173047596847
r7,W4,1301,43.397166,0.16428205308640267,0.07771607509760714,0.4933554902128276
r7,W4,1302,43.430541,0.16426300196970747,0.0777246362750054,0.49322880650750517
r7,W4,1303,43.463916,0.16424109380321975,0.07773463537536698,0.4930835548285713
r7,W4,1304,43.497291,0.16419341753328792,0.07775482029044326,0.4927705555594208
r7,W4,1305,43.530667,0.16421820694599426,0.07774348856860684,0.4929307712799288
r7,W4,1306,43.564043,0.16422583282406705,0.07773993667666605,0.4929801091968615
r7,W4,1307,43.597419,0.16420198868266525,0.07775050652155331,0.4928262594802551
r7,W4,1308,43.630795,0.1642229818660518,0.07774190463772272,0.49296238917520024
r7,W4,1309,43.664171,0.16429450523793274,0.07771040747136344,0.49342616426701325
r7,W4,1310,43.697548,0.164346947204915,0.07768683614282058,0.4937660116335909
r7,W4,1311,43.730905,0.1643469532966922,0.07768736618091392,0.49376685958554106
r7,W4,1312,43.764262,0.16438791867165234,0.0776693359412474,0.49403964292174757
r7,W4,1313,43.79762,0.1643946083307451,0.07766633355795341,0.49408038889278494
r7,W4,1314,43.830978,0.16437076418934332,0.07767690340284067,0.4939265391761785
r7,W4,1315,43.864335,0.16426968553702306,0.07772110385361802,0.4932687045265923
r7,W4,1316,43.897693,0.1643002435339438,0.07770763692692528,0.4934596962821988
r7,W4,1317,43.93105,0.1643441143515487,0.07768837936727238,0.4937438397279421
r7,W4,1318,43.964408,0.16430313087193957,0.07770683434354377,0.4934755082757232
r7,W4,1319,43.997765,0.16427546317356195,0.0777187562804593,0.49329725461969703
r7,W4,1320,44.031123,0.16437558141047603,0.07767500003684018,0.4939501012554252
r7,W4,1321,44.06448,0.16440610006686893,0.07766111013886799,0.4941460749331126
r7,W4,1322,44.097838,0.16440035567908065,0.07766335064521282,0.49411169496597673
r7,W4,1323,44.131196,0.1643240634789194,0.07769696178054955,0.49361714993084255
r7,W4,1324,44.164553,0.16434600802538765,0.07768812805786313,0.4937604935816395
r7,W4,1325,44.197911,0.1643717639452774,0.07767688216696178,0.4939265452679557
r7,W4,1326,44.231268,0.16431263527974962,0.07770271347240286,0.4935428780363968
r7,W4,1327,44.264626,0.16433547061289286,0.07769237723169693,0.49369894760321975
r7,W4,1328,44.297983,0.16443560695445592,0.07764819625147297,0.49434734235496036
r7,W4,1329,44.331341,0.16442991095952003,0.07765064736079474,0.49430575452375003
r7,W4,1330,44.364698,0.16440036786263504,0.07766441072139953,0.49411339086987716
r7,W4,1331,44.398056,0.16443279829751584,0.07764984477741324,0.4943215665172743
r7,W4,1332,44.431414,0.16451675275573047,0.07761384712781091,0.49486354144120437
r7,W4,1333,44.464771,0.16454819248700167,0.07759909005140109,0.4950694850548306
r7,W4,1334,44.498129,0.16455009817371244,0.07759788396729358,0.49508083907259026
r7,W4,1335,44.531486,0.16453956981354212,0.07760192077282495,0.49501706715217675
r7,W4,1336,44.564844,0.1644985621375068,0.07762027044760787,0.4947523396319951
r7,W4,1337,44.598201,0.16437365448788643,0.0776753584130634,0.4939392772757589
r7,W4,1338,44.631559,0.1642439538135595,0.07773245504600788,0.4930990489082388
r7,W4,1339,44.664917,0.16428973031787517,0.07771199140224752,0.49339454637174174
r7,W4,1340,44.698274,0.1642792564423344,0.0777167688488492,0.49332441453920384
r7,W4,1341,44.731632,0.1642677737585351,0.07772177989963217,0.49325650255688247
r7,W4,1342,44.764989,0.16435268863215594,0.07768533804287157,0.49380346549467063
r7,W4,1343,44.798347,0.16444419324793494,0.07764420015237389,0.49440166828575116
r7,W4,1344,44.831704,0.16450808168941858,0.07761646724625784,0.49481833140262516
r7,W4,1345,44.865062,0.1644537702450235,0.0776403951856984,0.4944582262503128
r7,W4,1346,44.898419,0.16434888317982907,0.07768626539829497,0.4937746096712634
r7,W4,1347,44.931776,0.16430026773036996,0.07770774222841377,0.4934560923501615
r7,W4,1348,44.965134,0.1641620049589902,0.07776894026194581,0.49255793411981336
r7,W4,1349,44.998491,0.16412766274562146,0.0777841822519462,0.4923375565027063
r7,W4,1350,45.031849,0.1642058273837428,0.07774947209931596,0.49284928542963125
r7,W4,1351,45.065206,0.16432788407534793,0.0776963520949171,0.49364462776420615
r7,W4,1352,45.098563,0.1643775083330656,0.07767464166061698,0.4939609252350915
r7,W4,1353,45.131921,0.1643793746792485,0.07767301260523012,0.493977261174932
r7,W4,1354,45.165278,0.16442706000150478,0.0776526153218514,0.49428803450208875
r7,W4,1355,45.198636,0.16443472522010544,0.07764948640119002,0.4943323904969406
r7,W4,1356,45.231993,0.16437845360437014,0.07767387978366778,0.4939672912389931
r7,W4,1357,45.265351,0.16436412588365018,0.07767937398271588,0.4938755114471226
r7,W4,1358,45.298708,0.1643593782912487,0.07768233565957756,0.493844211465708
r7,W4,1359,45.332065,0.1643040519468179,0.07770596716510612,0.49348547821166205
r7,W4,1360,45.365423,0.1642287897907941,0.07774019240414579,0.4929881832882179
r7,W4,1361,45.39878,0.1642116201643834,0.07774744219594813,0.49287645753269244
r7,W4,1362,45.432138,0.16423348899034323,0.07773702012430711,0.4930266911337071
r7,W4,1363,45.465495,0.16423447360217558,0.07773668121863735,0.4930280752155279
r7,W4,1364,45.498853,0.1641677039144734,0.07776574674622827,0.49259644805707975
r7,W4,1365,45.53221,0.1642573421840695,0.07772623791111746,0.4931783149083198
r7,W4,1366,45.565567,0.16430976604640282,0.07770309131917948,0.493522614158885
r7,W4,1367,45.598925,0.16435362781168325,0.07768404612782903,0.493808983546622
r7,W4,1368,45.632282,0.16438035319930366,0.07767214366146695,0.49397779730480257
r7,W4,1369,45.66564,0.16438321634087327,0.07767123577659697,0.4939972132303642
r7,W4,1370,45.698997,0.16430982662280952,0.07770436199834316,0.49351710219871076
r7,W4,1371,45.732354,0.16431455001878484,0.07770129501999294,0.49355200611216266
r7,W4,1372,45.765712,0.1643288777395048,0.07769580082094485,0.4936437859040331
r7,W4,1373,45.799069,0.1644766388269174,0.07762995187817852,0.49460846594310476
r7,W4,1374,45.832427,0.16445567593173427,0.07763918910159093,0.49446958026807253
r7,W4,1375,45.865784,0.16441085375104758,0.07765867850009964,0.49417822286647733
r7,W4,1376,45.899142,0.1643374427971049,0.07769095701396155,0.49369864187291723
r7,W4,1377,45.9325,0.1642468441121026,0.07773091005623065,0.4931117870078192
r7,W4,1378,45.965857,0.1641266810943364,0.07778377875122021,0.4923330985269416
r7,W4,1379,45.999215,0.1641200156316698,0.0777868864360027,0.49228874862386696
r7,W4,1380,46.032573,0.16419721985438487,0.07775262049053076,0.49279548953693386
r7,W4,1381,46.06593,0.16432595106098116,0.07769618043304696,0.49363295583258965
r7,W4,1382,46.099288,0.1643574513686591,0.07768269403580079,0.4938333874860417
r7,W4,1383,46.132646,0.16436125978153326,0.0776810242739816,0.49385916941550495
r7,W4,1384,46.166003,0.16437361514735857,0.077674935441784,0.4939442591978398
r7,W4,1385,46.199361,0.1644537067080695,0.07763986691293054,0.494466812104431
r7,W4,1386,46.232718,0.16436505914208294,0.07767956688046487,0.4938871772869619
r7,W4,1387,46.266076,0.16431935522704577,0.07770034642869068,0.4935808680273471
r7,W4,1388,46.299434,0.16431648599369897,0.0777007242754673,0.4935606041498352
r7,W4,1389,46.332791,0.16433844864481617,0.07769146581617602,0.4936994959166447
r7,W4,1390,46.366149,0.16428410691221776,0.07771475841603477,0.4933421467444195
r7,W4,1391,46.399506,0.16427644169361713,0.07771788733669613,0.4932977907495676
r7,W4,1392,46.432864,0.16433174384162172,0.07769415052967911,0.4936601279356509
r7,W4,1393,46.466222,0.16434981939880913,0.07768571588964822,0.4937832016171588
r7,W4,1394,46.499579,0.16418580975986416,0.07775794744577916,0.4927167657585006
r7,W4,1395,46.532937,0.16427924739000993,0.07771698121715162,0.4933266404811976
r7,W4,1396,46.566295,0.16428594314087988,0.07771450887195096,0.49336823440418515
r7,W4,1397,46.599652,0.1643412391971073,0.0776902420268406,0.4937297236383182
r7,W4,1398,46.63301,0.16435650609735458,0.07768345591274997,0.4938270214821401
r7,W4,1399,46.666367,0.1644270387656259,0.07765176761396712,0.4942885645401821
r7,W4,1400,46.699725,0.16438982731891036,0.07766738745074415,0.4940479230455633
r7,W4,1401,46.733083,0.16438800031325534,0.07766943947741044,0.4940266051836419
r7,W4,1402,46.76644,0.16434409920744703,0.0776880616974815,0.4937452177179857
r7,W4,1403,46.799798,0.16440992362384474,0.07765975804683978,0.49417047887253224
r7,W4,1404,46.833155,0.1643717608140475,0.07767560972247266,0.49392262342206156
r7,W4,1405,46.866513,0.1643746239556171,0.07767470183760268,0.4939420393476232
r7,W4,1406,46.89987,0.16430788455611825,0.07770440270477544,0.493507656209088
r7,W4,1407,46.933227,0.16428685812398103,0.07771311165541996,0.49337735638817387
r7,W4,1408,46.966585,0.16422775069433218,0.07773979066874528,0.49299315911852154
r7,W4,1409,46.999942,0.16424303273868113,0.07773332222444555,0.4930890789722999
r7,W4,1410,47.033299,0.16430689994428588,0.0777047416104452,0.4935062721272672
r7,W4,1411,47.066656,0.16441086593460197,0.07765973857628633,0.49417991877037776
r7,W4,1412,47.100014,0.16443371937239415,0.07764897759897557,0.49433153645321326
r7,W4,1413,47.133371,0.16448233482185332,0.07762750076885676,0.49465005377431515
r7,W4,1414,47.166729,0.16447380301300382,0.07763223750902613,0.49458936793139996
r7,W4,1415,47.200086,0.16447281230939426,0.07763204637660256,0.49458713589762904
r7,W4,1416,47.233443,0.1643717427093985,0.0776760344590775,0.49392707530604907
r7,W4,1417,47.2668,0.1642878427358134,0.07771277274975015,0.49337874046999464
r7,W4,1418,47.300158,0.16430595763352865,0.07770476108099862,0.4934968322294217
r7,W4,1419,47.333515,0.16432315145636556,0.0776976165906848,0.4936049540529099
r7,W4,1420,47.366872,0.16425924491023294,0.07772577423340575,0.4931927428200234
r7,W4,1421,47.400229,0.16433077437389101,0.07769480710513983,0.49365736586378656
r7,W4,1422,47.433587,0.16435076467011364,0.07768495401269901,0.49378956762106035
r7,W4,1423,47.466944,0.16424206623149773,0.07773323639351051,0.4930832430064917
r7,W4,1424,47.500302,0.16438324662907666,0.07767187111617882,0.4939944572502771
r7,W4,1425,47.533659,0.1645272295918185,0.07760832727481347,0.49493059937979833
r7,W4,1426,47.567016,0.16457493911050095,0.07758803529292325,0.4952377687749178
r7,W4,1427,47.600374,0.16453394953911465,0.07760596023110129,0.4949685893707486
r7,W4,1428,47.633731,0.16450054354472596,0.07762065271245493,0.49475680369953695
r7,W4,1429,47.667088,0.16447952007313602,0.0776286192567037,0.4946234299846789
r7,W4,1430,47.700445,0.16434311459561463,0.07768840060315127,0.4937438336361649
r7,W4,1431,47.733803,0.1641962503866542,0.07775327706599147,0.4927927274650695
r7,W4,1432,47.76716,0.16437269407248023,0.07767580262022167,0.49393428926190086
r7,W4,1433,47.800517,0.16443082298207387,0.07764999255065948,0.49431795040168264
r7,W4,1434,47.833875,0.16434981034648463,0.07768592825795063,0.49378542755915256
r7,W4,1435,47.867232,0.1643164285485221,0.07770072604079274,0.49357003795590354
r7,W4,1436,47.90059,0.16433171964519555,0.07769404522819062,0.49366373186768814
r7,W4,1437,47.933948,0.1642620868159237,0.07772401864065152,0.49321268878367835
r7,W4,1438,47.967305,0.1642344494057494,0.07773657591714882,0.4930316791475652
r7,W4,1439,48.000663,0.16426590132057506,0.0777228789169257,0.49323931866509185
r7,W4,1440,48.034021,0.1643279173240986,0.07769624502810314,0.49363879789017506
r7,W4,1441,48.067378,0.16434504760998145,0.07768857226502142,0.4937555055677814
r7,W4,1442,48.100736,0.16426209899947808,0.07772507871683822,0.4932143846875788
r7,W4,1443,48.134094,0.1642763661437913,0.07771831383862647,0.4933116764396235
r7,W4,1444,48.167451,0.16421822818187315,0.07774433627649112,0.49293024124183543
r7,W4,1445,48.200809,0.16422299997070078,0.07774147990111785,0.4929579372912128
r7,W4,1446,48.234167,0.16426498024569672,0.07772374609536337,0.4932293487291529
r7,W4,1447,48.267525,0.16434318422434588,0.07768945891401251,0.49373609573399696
r7,W4,1448,48.300883,0.16438129551006087,0.07767212419091356,0.4939872372026481
r7,W4,1449,48.33424,0.16438700960964575,0.0776692483449869,0.49402437314987097
r7,W4,1450,48.367598,0.16436125368975607,0.07768049423588824,0.49385832146355474
r7,W4,1451,48.400956,0.16430881172277378,0.0777040655644311,0.4935184740969771
r7,W4,1452,48.434313,0.16423730349499457,0.0777358804005813,0.49305332101512056
r7,W4,1453,48.467671,0.16423062288822632,0.07773867041557288,0.49301034910208946
r7,W4,1454,48.501029,0.16419156929175407,0.07775602460922527,0.4927497677355928
r7,W4,1455,48.534387,0.16422394837323523,0.07774199046865783,0.4929682251410085
r7,W4,1456,48.567745,0.1642010888436658,0.07775222140787523,0.49281575950622286
r7,W4,1457,48.601102,0.16422301511480247,0.07774179757090877,0.4929565593011692
r7,W4,1458,48.63446,0.1642935448225265,0.07771085167852171,0.4934211762531552
r7,W4,1459,48.667818,0.1643450173217781,0.07768793692543959,0.49375826154786856
r7,W4,1460,48.701176,0.16437458165454197,0.07767502127271904,0.493950095163648
r7,W4,1461,48.734533,0.1643450112300009,0.07768740688734625,0.49375741359591835
r7,W4,1462,48.767891,0.16436598021696128,0.0776786997020272,0.49389714722290085
r7,W4,1463,48.801249,0.16433548871754183,0.07769195249509206,0.49369449571923224
r7,W4,1464,48.834607,0.16424777127875814,0.07773057291588628,0.4931226048957083
r7,W4,1465,48.867965,0.1642525188711596,0.0777276112390246,0.4931539048771229
r7,W4,1466,48.901322,0.16432114585272023,0.0776971290243492,0.4936040939174053
r7,W4,1467,48.934679,0.16437935953514682,0.07767269493543917,0.49397863916497553
r7,W4,1468,48.968037,0.16442893540001216,0.0776507738981621,0.4943021444999355
r7,W4,1469,49.001394,0.16449284194614472,0.07762261625544116,0.494714355732822
r7,W4,1470,49.034751,0.16455386724605872,0.07759579123419504,0.49511160292413436
r7,W4,1471,49.068109,0.16448616743115363,0.07762593630852607,0.4946722317717411
r7,W4,1472,49.101466,0.1644298564748905,0.07764990671972441,0.4943121144358744
r7,W4,1473,49.134823,0.16435168278444467,0.07768482924065709,0.4938026114509432
r7,W4,1474,49.16818,0.16435073751314017,0.0776855911176063,0.4937962454470416
r7,W4,1475,49.201538,0.1643088026704493,0.07770427793273352,0.49352070003897086
r7,W4,1476,49.234895,0.16432975947385528,0.07769451067122778,0.4936587377620529
r7,W4,1477,49.268252,0.16440317948012242,0.07766201978906344,0.49413609281361925
r7,W4,1478,49.30161,0.16443178948925727,0.07765007838159455,0.4943237863674909
r7,W4,1479,49.334967,0.16447090662268357,0.07763325246071004,0.4945757818798694
r7,W4,1480,49.368324,0.16450900276429692,0.07761560006782015,0.49482830133856404
r7,W4,1481,49.401681,0.16445276143676496,0.0776406287898797,0.4944604461005294
r7,W4,1482,49.435039,0.1644346555913742,0.0776484280903288,0.49434012839910857
r7,W4,1483,49.468396,0.16432026115782244,0.07769916158046207,0.49359221595332947
r7,W4,1484,49.501753,0.1642220092670912,0.0777412887686943,0.4929557052574418
r7,W4,1485,49.535111,0.16421727072701425,0.0777440380772536,0.49292217933403343
r7,W4,1486,49.568468,0.16423349804266774,0.07773680775600467,0.4930244651917134
r7,W4,1487,49.601825,0.1642258027065463,0.07774131618796913,0.4929898609167867
r7,W4,1488,49.635182,0.164339396876668,0.07768996153283103,0.49370278802660233
r7,W4,1489,49.66854,0.1643775988563105,0.07767251797759264,0.493938665815154
r7,W4,1490,49.701897,0.16445203063138353,0.07763905108485121,0.49441072712255985
r7,W4,1491,49.735254,0.16443395507419611,0.07764748572488211,0.4942876534410519
r7,W4,1492,49.768611,0.16443964201680752,0.07764524698386278,0.4943314672142561
r7,W4,1493,49.801969,0.16438421905735465,0.0776704721343223,0.4939941454281974
r7,W4,1494,49.835326,0.16447008216282732,0.07763252599421676,0.4945444004759432
r7,W4,1495,49.868683,0.16448057118246973,0.077628066217406,0.49461315431843755
r7,W4,1496,49.90204,0.16449014208778112,0.07762373121263715,0.494668864331049
r7,W4,1497,49.935398,0.16449877973465976,0.07761920331011926,0.49471290850382127
r7,W4,1498,49.968755,0.1645065053589846,0.07761533021773664,0.4947447567986608
