candidate,label,mode,axis,shake_mm,fast_deviation_mm,lag_frames,lag_frames_subframe,lag_ms,lag_ms_subframe,xcorr_peak
despiked_raw,Despiked raw,reference,x,1.9126,0.0,0,0.0,,,1.0
despiked_raw,Despiked raw,reference,y,3.2533,0.0,0,0.0,,,1.0
despiked_raw,Despiked raw,reference,z,5.1479,0.0,0,0.0,,,1.0
despiked_raw,Despiked raw,reference,norm,6.383,0.0,0,0.0,,,1.0
savgol_9_2,Savitzky-Golay 9/2,offline,x,1.2637,1.6054,0,-0.0443,,,0.999799
savgol_9_2,Savitzky-Golay 9/2,offline,y,1.7118,3.3136,0,0.0365,,,0.993601
savgol_9_2,Savitzky-Golay 9/2,offline,z,2.5149,4.2671,0,-0.0001,,,0.999161
savgol_9_2,Savitzky-Golay 9/2,offline,norm,3.2942,5.6361,0,0.0009,,,0.999151
median_9,Median 9,offline,x,1.6286,1.2471,0,0.0009,,,0.999856
median_9,Median 9,offline,y,1.7109,4.6703,0,0.1798,,,0.986631
median_9,Median 9,offline,z,2.5971,5.7186,0,0.022,,,0.99858
median_9,Median 9,offline,norm,3.5106,7.4879,0,0.0489,,,0.998531
butter_3hz_filtfilt,Butterworth 3 Hz filtfilt,offline,x,1.2582,1.8212,0,-0.1248,,,0.999751
butter_3hz_filtfilt,Butterworth 3 Hz filtfilt,offline,y,1.3795,3.9886,0,0.0456,,,0.990558
butter_3hz_filtfilt,Butterworth 3 Hz filtfilt,offline,z,2.162,4.8345,0,0.004,,,0.998957
butter_3hz_filtfilt,Butterworth 3 Hz filtfilt,offline,norm,2.8566,6.5267,0,-0.0124,,,0.998892
butter_2hz_filtfilt,Butterworth 2 Hz filtfilt,offline,x,1.21,2.1912,0,-0.1621,,,0.99962
butter_2hz_filtfilt,Butterworth 2 Hz filtfilt,offline,y,1.1245,4.8051,0,0.0463,,,0.985563
butter_2hz_filtfilt,Butterworth 2 Hz filtfilt,offline,z,1.9306,5.6487,0,0.009,,,0.998525
butter_2hz_filtfilt,Butterworth 2 Hz filtfilt,offline,norm,2.5408,7.7329,0,-0.0277,,,0.998386
butter_3hz_forward,Butterworth 3 Hz forward,causal,x,1.0424,7.8413,4,3.5307,133.43,117.77,0.999168
butter_3hz_forward,Butterworth 3 Hz forward,causal,y,1.4604,10.5565,4,4.469,133.43,149.07,0.991396
butter_3hz_forward,Butterworth 3 Hz forward,causal,z,2.2584,15.7257,4,4.3353,133.43,144.61,0.998978
butter_3hz_forward,Butterworth 3 Hz forward,causal,norm,2.8844,20.4994,4,4.2654,133.43,142.28,0.998761
oneeuro_0p05hz,One Euro 0.05 Hz,causal,x,0.8637,11.7352,5,5.0359,166.78,167.98,0.997093
oneeuro_0p05hz,One Euro 0.05 Hz,causal,y,0.7734,11.7665,7,6.9384,233.5,231.44,0.961176
oneeuro_0p05hz,One Euro 0.05 Hz,causal,z,1.7226,17.0018,6,5.5174,200.14,184.05,0.996541
oneeuro_0p05hz,One Euro 0.05 Hz,causal,norm,2.0764,23.7745,6,5.5998,200.14,186.79,0.995362
oneeuro_1hz,One Euro 1 Hz,causal,x,1.0052,6.0943,2,2.4311,66.71,81.09,0.999284
oneeuro_1hz,One Euro 1 Hz,causal,y,1.1135,7.61,2,2.4499,66.71,81.72,0.984039
oneeuro_1hz,One Euro 1 Hz,causal,z,1.9743,10.9716,3,2.6501,100.07,88.4,0.998319
oneeuro_1hz,One Euro 1 Hz,causal,norm,2.4795,14.6775,3,2.5599,100.07,85.39,0.998072
ema_0p3,EMA alpha 0.3,causal,x,1.0893,4.3798,2,1.5008,66.71,50.06,0.999562
ema_0p3,EMA alpha 0.3,causal,y,1.3939,5.9544,1,1.478,33.36,49.3,0.98903
ema_0p3,EMA alpha 0.3,causal,z,2.2515,9.0432,2,1.7609,66.71,58.74,0.998694
ema_0p3,EMA alpha 0.3,causal,norm,2.8633,11.6798,2,1.6454,66.71,54.89,0.998598
