source_frame,time_s,tick,tau,causal_age_s
269,8.973486083984374,263,8.957993,0.015493083984374323
270,9.006840087890625,264,8.991533,0.015307087890624516
271,9.040194091796875,265,9.024882,0.015312091796875649
272,9.0735478515625,266,9.05806,0.015487851562500765
273,9.10690185546875,267,9.091507,0.015394855468750634
274,9.140255615234375,268,9.124755,0.015500615234374848
275,9.173609619140626,269,9.157853,0.015756619140626427
276,9.20696337890625,270,9.191176,0.015787378906249927
277,9.240317138671877,271,9.224516,0.01580113867187727
278,9.2736708984375,272,9.257528,0.016142898437498943
279,9.307028076171877,273,9.292922,0.01410607617187587
280,9.340382080078124,274,9.326174,0.014208080078123686
281,9.373736083984374,275,9.359427,0.014309083984374027
282,9.407090087890625,276,9.392719,0.014371087890625134
283,9.440444091796875,277,9.426109,0.014335091796874977
284,9.4737978515625,278,9.459272,0.014525851562499525
285,9.50715185546875,279,9.492611,0.01454085546875028
286,9.540505615234377,280,9.525772,0.014733615234376884
287,9.573859375,281,9.559122,0.014737374999999275
288,9.607213134765624,282,9.592207,0.015006134765624068
289,9.64056689453125,283,9.625524,0.015042894531250184
290,9.673920654296875,284,9.65889,0.015030654296875667
291,9.7072744140625,285,9.691904,0.015370414062500615
292,9.740628173828124,286,9.725014,0.015614173828124578
293,9.773981689453125,287,9.757961,0.01602068945312496
294,9.80733544921875,288,9.791137,0.01619844921874858
295,9.84068896484375,289,9.824567,0.016121964843749836
296,9.87404248046875,290,9.857937,0.0161054804687506
297,9.90739599609375,291,9.891499,0.01589699609375117
298,9.94074951171875,292,9.925155,0.01559451171874926
299,9.97410302734375,293,9.958388,0.01571502734375052
300,10.00745654296875,294,9.99134,0.01611654296875109
301,10.040809814453125,295,10.024571,0.016238814453124917
302,10.074163330078123,296,10.057551,0.01661233007812335
303,10.1075166015625,297,10.092705,0.014811601562499277
304,10.1408701171875,298,10.125794,0.01507611718749935
305,10.174223388671876,299,10.15909,0.015133388671875636
306,10.20757666015625,300,10.19201,0.015566660156249412
307,10.240929931640624,301,10.225155,0.015774931640622825
308,10.274282958984376,302,10.258108,0.01617495898437582
309,10.307636474609374,303,10.291253,0.01638347460937517
310,10.3409931640625,304,10.325133,0.01586016406250046
311,10.374347900390624,305,10.35866,0.015687900390624065
312,10.407702392578123,306,10.391916,0.0157863925781232
313,10.44105712890625,307,10.425068,0.01598912890625037
314,10.474411865234377,308,10.458218,0.016193865234376048
315,10.507766357421875,309,10.491112,0.016654357421876043
316,10.54112109375,310,10.524225,0.016896093750000674
317,10.5744755859375,311,10.55761,0.016865585937500427
318,10.607830078125,312,10.592684,0.015146078124999462
319,10.641184814453124,313,10.625646,0.015538814453124772
320,10.674539306640623,314,10.658745,0.015794306640623645
321,10.707893798828126,315,10.691776,0.01611779882812492
322,10.741248291015625,316,10.724959,0.016289291015624485
323,10.7746025390625,317,10.758144,0.01645853906249961
324,10.80795703125,318,10.791765,0.016192031250000127
325,10.8413115234375,319,10.825203,0.016108523437500466
326,10.874665771484375,320,10.858153,0.016512771484375577
327,10.908020263671874,321,10.89131,0.01671026367187345
328,10.94137451171875,322,10.924518,0.0168565117187498
329,10.974728759765624,323,10.957738,0.0169907597656227
330,11.0080830078125,324,10.991071,0.01701200781250023
331,11.041437255859377,325,11.024356,0.017081255859377364
332,11.07479150390625,326,11.057538,0.017253503906250245
333,11.108145751953124,327,11.09191,0.016235751953123767
334,11.1415,328,11.125987,0.015513000000000332
335,11.174854248046875,329,11.159095,0.015759248046874674
336,11.208208251953126,330,11.192581,0.01562725195312531
337,11.2415625,331,11.225882,0.015680500000000208
338,11.27491650390625,332,11.259179,0.015737503906249728
339,11.3082705078125,333,11.292145,0.016125507812500217
340,11.341624755859376,334,11.325886,0.015738755859375786
341,11.37498095703125,335,11.358875,0.016105957031250284
342,11.408335205078124,336,11.391849,0.016486205078123817
343,11.441689453125,337,11.425444,0.016245453125000253
344,11.475043701171876,338,11.458968,0.016075701171875068
345,11.508397705078124,339,11.491983,0.016414705078124925
346,11.541751953125,340,11.525444,0.01630795312500055
347,11.57510595703125,341,11.558683,0.016422957031249297
348,11.6084599609375,342,11.592059,0.01640096093749932
349,11.64181396484375,343,11.625097,0.016716964843750404
350,11.67516796875,344,11.658585,0.016582968749998983
351,11.70852197265625,345,11.692009,0.016512972656249403
352,11.7418759765625,346,11.725327,0.016548976562500428
353,11.775229736328123,347,11.758382,0.016847736328124086
354,11.808583740234376,348,11.79168,0.01690374023437613
355,11.8419375,349,11.825155,0.0167824999999997
356,11.87529150390625,350,11.858631,0.016660503906249957
357,11.908645263671875,351,11.891729,0.016916263671875598
358,11.9419990234375,352,11.925697,0.016302023437500424
359,11.975352783203125,353,11.959107,0.016245783203125086
360,12.00870654296875,354,11.992721,0.015985542968749655
361,12.04206005859375,355,12.025584,0.016476058593749343
362,12.075413818359374,356,12.058865,0.016548818359373385
363,12.108767578125,357,12.091575,0.01719257812499997
364,12.14212109375,358,12.125361,0.016760093749999427
365,12.175474609375,359,12.158936,0.01653860937499907
366,12.208828125,360,12.191774,0.017054124999999587
367,12.242181640625,361,12.225416,0.01676564062500141
368,12.27553515625,362,12.259051,0.01648415624999977
369,12.308888671875,363,12.292569,0.016319671874999386
370,12.3422421875,364,12.325964,0.01627818749999932
371,12.375595703125,365,12.359094,0.016501703124999878
372,12.40895166015625,366,12.392548,0.016403660156250055
373,12.442306396484376,367,12.425851,0.01645539648437655
374,12.475660888671875,368,12.45917,0.01649088867187487
375,12.509015625,369,12.492327,0.016688625000000457
376,12.5423701171875,370,12.52583,0.01654011718750148
377,12.575724609375,371,12.557289,0.018435609374998663
378,12.609079345703124,372,12.590878,0.01820134570312426
379,12.642433837890623,373,12.624045,0.01838883789062251
380,12.675788330078126,374,12.657409,0.018379330078126088
381,12.709142822265624,375,12.690636,0.018506822265624834
382,12.742497314453123,376,12.723881,0.01861631445312284
383,12.7758515625,377,12.759189,0.016662562500000533
384,12.8092060546875,378,12.790741,0.018465054687499816
385,12.842560546875,379,12.824375,0.018185546874999403
386,12.875914794921876,380,12.857651,0.01826379492187513
387,12.90926904296875,381,12.890896,0.018373042968750752
388,12.94262353515625,382,12.924243,0.018380535156248712
389,12.975977783203126,383,12.957333,0.01864478320312557
390,13.00933203125,384,12.991469,0.017863031250000105
391,13.042686279296875,385,13.024612,0.018074279296875773
392,13.07604052734375,386,13.058249,0.01779152734374989
393,13.109394775390625,387,13.09135,0.018044775390624324
394,13.1427490234375,388,13.124668,0.01808102343749951
395,13.17610302734375,389,13.157809,0.01829402734374952
396,13.209457275390625,390,13.191365,0.01809227539062519
397,13.242811279296877,391,13.224359,0.018452279296877094
398,13.27616552734375,392,13.258019,0.018146527343748886
399,13.30951953125,393,13.2912,0.01831953125000041
400,13.34287353515625,394,13.324476,0.0183975351562502
401,13.3762275390625,395,13.357767,0.018460539062498782
402,13.40958154296875,396,13.391248,0.018333542968751004
403,13.442937255859375,397,13.425023,0.017914255859375672
404,13.476291748046876,398,13.458503,0.01778874804687547
405,13.509646240234376,399,13.491479,0.018167240234376436
406,13.543000732421875,400,13.524582,0.01841873242187475
407,13.576355224609374,401,13.557499,0.018856224609374195
408,13.609709716796877,402,13.590639,0.019070716796877107
409,13.643064208984375,403,13.624377,0.018687208984374593
410,13.67641845703125,404,13.657456,0.018962457031250324
411,13.70977294921875,405,13.690478,0.01929494921875019
412,13.743127197265624,406,13.725601,0.017526197265624432
413,13.776481689453124,407,13.758476,0.018005689453124418
414,13.8098359375,408,13.791626,0.018209937499999995
415,13.843190185546876,409,13.824523,0.018667185546876297
416,13.87654443359375,410,13.857567,0.018977433593750703
417,13.909898681640623,411,13.890967,0.01893168164062331
418,13.9432529296875,412,13.9242,0.019052929687498832
419,13.976607177734374,413,13.957175,0.01943217773437489
420,14.009961181640625,414,13.990561,0.01940018164062529
421,14.0433154296875,415,14.025699,0.0176164296875001
422,14.07666943359375,416,14.057214,0.019455433593750016
423,14.110023681640625,417,14.090466,0.019557681640625546
424,14.143377685546875,418,14.124147,0.019230685546874682
425,14.176731689453124,419,14.157305,0.01942668945312498
426,14.210085693359376,420,14.190733,0.019352693359376616
427,14.243439697265623,421,14.223842,0.019597697265623992
428,14.276793701171876,422,14.257211,0.019582701171875883
429,14.310147705078125,423,14.290413,0.01973470507812536
430,14.34350146484375,424,14.325815,0.01768646484375047
431,14.37685546875,425,14.358761,0.018094468750000203
432,14.410209228515624,426,14.392,0.018209228515624787
433,14.443563232421877,427,14.425087,0.018476232421877015
434,14.47691845703125,428,14.457035,0.019883457031250273
435,14.510272705078124,429,14.492374,0.01789870507812452
436,14.543626953125,430,14.525432,0.018194953125000524
437,14.576981201171876,431,14.558785,0.01819620117187526
438,14.61033544921875,432,14.590475,0.01986044921875063
439,14.643689697265623,433,14.624246,0.019443697265623783
440,14.6770439453125,434,14.657611,0.019432945312500394
441,14.710398193359374,435,14.690939,0.019459193359374183
442,14.743752197265623,436,14.724137,0.01961519726562244
443,14.7771064453125,437,14.757276,0.019830445312500444
444,14.81046044921875,438,14.792297,0.01816344921875057
445,14.843814453125,439,14.825458,0.018356453125001337
446,14.87716845703125,440,14.858672,0.018496457031249136
447,14.9105224609375,441,14.892008,0.018514460937499422
448,14.94387646484375,442,14.925215,0.018661464843750863
449,14.97723046875,443,14.958487,0.018743468749999437
450,15.01058447265625,444,14.991618,0.018966472656249067
451,15.043938232421874,445,15.025528,0.018410232421874895
452,15.077292236328123,446,15.058941,0.01835123632812241
453,15.11064599609375,447,15.092432,0.018213996093749074
454,15.143999755859374,448,15.123753,0.020246755859373522
455,15.177353759765625,449,15.15902,0.01833375976562479
456,15.21070751953125,450,15.190357,0.02035051953124878
457,15.244061279296876,451,15.223939,0.020122279296876044
458,15.277414794921874,452,15.25765,0.01976479492187444
459,15.3107685546875,453,15.291515,0.01925355468750034
460,15.344122314453124,454,15.32507,0.019052314453123387
461,15.377475830078126,455,15.35845,0.019025830078126305
462,15.41082958984375,456,15.392,0.018829589843750938
463,15.44418310546875,457,15.425488,0.018695105468751194
464,15.47753662109375,458,15.458618,0.018918621093749977
465,15.5108916015625,459,15.491948,0.018943601562499524
466,15.544246337890623,460,15.525168,0.01907833789062252
467,15.577600830078126,461,15.558484,0.0191168300781257
468,15.610955322265625,462,15.591687,0.01926832226562425
469,15.644309814453123,463,15.624892,0.019417814453124294
470,15.677664306640626,464,15.658178,0.01948630664062634
471,15.7110185546875,465,15.691417,0.01960155468750102
472,15.744373046875,466,15.724731,0.019642046874999153
473,15.777727294921876,467,15.757954,0.019773294921876072
474,15.81108154296875,468,15.79113,0.01995154296874979
475,15.844435791015623,469,15.82443,0.02000579101562394
476,15.877790283203124,470,15.857534,0.02025628320312478
477,15.911144287109376,471,15.890856,0.020288287109377023
478,15.94449853515625,472,15.924155,0.02034353515624865
479,15.977852783203126,473,15.957531,0.020321783203126387
480,16.01120703125,474,15.991031,0.020176031249999227
481,16.04456103515625,475,16.024219,0.02034203515625066
482,16.077915283203126,476,16.057304,0.02061128320312733
483,16.111269287109376,477,16.090639,0.020630287109376866
484,16.144623291015623,478,16.1235,0.02112329101562338
485,16.177977294921874,479,16.15702,0.020957294921874592
486,16.211331298828124,480,16.19114,0.02019129882812365
487,16.244685302734375,481,16.223983,0.020702302734374456
488,16.278039306640625,482,16.257337,0.02070230664062578
489,16.311393310546876,483,16.291038,0.02035531054687567
490,16.3447470703125,484,16.324409,0.020338070312501344
491,16.37810107421875,485,16.357959,0.02014207421875014
492,16.411454833984376,486,16.391432,0.02002283398437754
493,16.444808837890626,487,16.424511,0.020297837890627335
494,16.47816259765625,488,16.458621,0.019541597656250076
495,16.511516357421876,489,16.490316,0.021200357421875538
496,16.5448701171875,490,16.523678,0.021192117187499804
497,16.578224609375,491,16.557554,0.020670609374999316
498,16.611595703125,492,16.591473,0.02012270312500064
499,16.644967041015626,493,16.625158,0.01980904101562686
500,16.678338623046876,494,16.658416,0.01992262304687742
501,16.71171044921875,495,16.691381,0.020329449218749573
502,16.74508251953125,496,16.724756,0.020326519531248977
503,16.77845458984375,497,16.757636,0.02081858984374918
504,16.811826904296876,498,16.791652,0.020174904296876406
505,16.845199462890626,499,16.824979,0.02022046289062729
506,16.878572021484374,500,16.858004,0.020568021484372423
507,16.911945068359376,501,16.891403,0.020542068359375776
508,16.945318115234375,502,16.924978,0.020340115234375844
509,16.97869140625,503,16.95804,0.020651406249999837
510,17.012064697265625,504,16.991514,0.02055069726562664
511,17.0454384765625,505,17.024804,0.02063447656249906
512,17.078812255859376,506,17.058033,0.020779255859377344
513,17.112186279296875,507,17.091038,0.021148279296873795
514,17.145560546875,508,17.124547,0.021013546875000344
515,17.178934814453125,509,17.157967,0.02096781445312601
516,17.2123095703125,510,17.191008,0.021301570312498797
517,17.245684326171876,511,17.224215,0.021469326171875025
518,17.279059326171875,512,17.257366,0.02169332617187436
519,17.312434326171875,513,17.292457,0.019977326171876086
520,17.345809814453126,514,17.325682,0.020127814453125836
521,17.379185302734374,515,17.35855,0.020635302734373084
522,17.41256103515625,516,17.392314,0.02024703515625248
523,17.44593701171875,517,17.425524,0.02041301171875176
524,17.47931298828125,518,17.45897,0.02034298828125003
525,17.512689208984376,519,17.492472,0.020217208984377066
526,17.54606591796875,520,17.525535,0.020530917968748952
527,17.579442138671876,521,17.558668,0.020774138671875164
528,17.61279931640625,522,17.592064,0.020735316406248927
529,17.646156982421875,523,17.625327,0.02082998242187628
530,17.6795146484375,524,17.658599,0.02091564843750149
531,17.712872314453126,525,17.690644,0.022228314453126785
532,17.74622998046875,526,17.725812,0.020417980468749874
533,17.779587646484377,527,17.757395,0.022192646484377576
534,17.8129453125,528,17.790815,0.02213031249999986
535,17.846302978515624,529,17.823976,0.022326978515625484
536,17.87966064453125,530,17.859256,0.020404644531250682
537,17.913018310546875,531,17.892006,0.021012310546876023
538,17.9463759765625,532,17.925463,0.020912976562499352
539,17.9797333984375,533,17.958812,0.02092139843749763
540,18.013091064453125,534,17.992417,0.02067406445312514
541,18.04644873046875,535,18.025679,0.02076973046874997
542,18.079806396484376,536,18.057675,0.022131396484375898
543,18.1131640625,537,18.090864,0.02230006250000116
544,18.146521728515623,538,18.124252,0.022269728515624365
545,18.17987939453125,539,18.157382,0.02249739453124988
546,18.213237060546877,540,18.192824,0.020413060546875528
547,18.2465947265625,541,18.226008,0.020586726562498825
548,18.279952392578124,542,18.259229,0.020723392578123168
549,18.31331005859375,543,18.291082,0.022228058593750433
550,18.34666772460937,544,18.324509,0.022158724609372626
551,18.380025390625,545,18.357504,0.022521390625001914
552,18.413383056640622,546,18.391131,0.02225205664062102
553,18.44674072265625,547,18.424884,0.021856722656252714
554,18.4800986328125,548,18.45857,0.021528632812497506
555,18.513456298828125,549,18.491745,0.02171129882812295
556,18.54681396484375,550,18.525319,0.021494964843750353
557,18.580171630859372,551,18.558405,0.02176663085937136
558,18.613529296875,552,18.5918,0.02172929687500158
559,18.64688647460937,553,18.624965,0.021921474609371217
560,18.68024365234375,554,18.658209,0.022034652343752015
561,18.7136005859375,555,18.691324,0.022276585937497373
562,18.74695776367188,556,18.725079,0.021878763671878687
563,18.780314697265624,557,18.758589,0.021725697265623012
564,18.813671875,558,18.792122,0.021549875000001606
565,18.84702880859375,559,18.824037,0.02299180859374772
566,18.880385986328125,560,18.859514,0.020871986328124592
567,18.91374291992188,561,18.890815,0.022927919921880147
568,18.94710009765625,562,18.924184,0.02291609765624969
569,18.98045703125,563,18.957699,0.022758031249999533
570,19.01381396484375,564,18.991277,0.022536964843748564
571,19.04717114257813,565,19.024827,0.022344142578131
572,19.080528076171877,566,19.058362,0.022166076171878046
573,19.11388525390625,567,19.091433,0.02245225390625194
574,19.1472421875,568,19.12499,0.02225218750000124
575,19.18059912109375,569,19.157934,0.022665121093748297
576,19.213956298828126,570,19.190992,0.022964298828124896
577,19.247313232421877,571,19.224049,0.023264232421876585
578,19.280670166015625,572,19.259214,0.021456166015624945
579,19.31402734375,573,19.291959,0.022068343749999997
580,19.34738427734375,574,19.324976,0.02240827734375017
581,19.3807412109375,575,19.358276,0.022465210937500757
582,19.414098388671874,576,19.3914,0.02269838867187346
583,19.447455322265625,577,19.424364,0.023091322265624825
584,19.480812255859377,578,19.457481,0.023331255859375233
585,19.51416943359375,579,19.492416,0.02175343359375148
586,19.5475263671875,580,19.525756,0.021770367187500028
587,19.58088330078125,581,19.558722,0.022161300781249338
588,19.614240234375,582,19.591823,0.02241723437499843
589,19.647597412109373,583,19.624796,0.022801412109373587
590,19.68095458984375,584,19.657875,0.023079589843749915
591,19.714312255859376,585,19.691005,0.02330725585937543
592,19.747669677734372,586,19.724396,0.023273677734373166
593,19.78102709960937,587,19.75757,0.023457099609370147
594,19.814384765625,588,19.790946,0.02343876562499858
595,19.8477421875,589,19.823888,0.02385418749999957
596,19.881099609375,590,19.857461,0.02363860937499851
597,19.914457275390625,591,19.892758,0.021699275390623995
598,19.947814697265624,592,19.924195,0.023619697265623074
599,19.981172119140624,593,19.957397,0.023775119140623246
600,20.014529541015627,594,19.992783,0.02174654101562723
601,20.04788720703125,595,20.026014,0.0218732070312484
602,20.08124462890625,596,20.059341,0.021903628906251527
603,20.11460205078125,597,20.092649,0.021953050781249317
604,20.14795971679688,598,20.125963,0.02199671679688109
605,20.18131713867188,599,20.157633,0.023684138671878685
606,20.214674560546875,600,20.191111,0.023563560546875806
607,20.248031982421875,601,20.224554,0.023477982421873378
608,20.2813896484375,602,20.258206,0.02318364843749876
609,20.3147470703125,603,20.291269,0.02347807031249971
610,20.3481044921875,604,20.324985,0.023119492187497315
611,20.381462158203124,605,20.358654,0.022808158203122986
612,20.414819580078124,606,20.391835,0.02298458007812343
613,20.448177001953123,607,20.424817,0.023360001953122378
614,20.481534423828126,608,20.458647,0.02288742382812714
615,20.51489208984375,609,20.491366,0.023526089843752374
616,20.54824951171875,610,20.524737,0.023512511718752904
617,20.58160693359375,611,20.557804,0.023802933593749742
618,20.614964599609376,612,20.591549,0.023415599609375448
619,20.648322021484372,613,20.62456,0.023762021484373008
620,20.68167944335937,614,20.657989,0.02369044335937076
621,20.71503686523437,615,20.691111,0.023925865234371457
622,20.74839428710937,616,20.724061,0.024333287109371327
623,20.781751708984373,617,20.759213,0.022538708984374267
624,20.815109130859376,618,20.792397,0.02271213085937518
625,20.848466552734376,619,20.824919,0.023547552734374477
626,20.88182421875,620,20.85845,0.023374218749999898
627,20.915181640625,621,20.8913,0.023881640624999534
628,20.9485390625,622,20.925117,0.023422062499999896
629,20.981896484375,623,20.958775,0.02312148437500028
630,21.015254150390625,624,20.992186,0.02306815039062471
631,21.048611572265624,625,21.025214,0.02339757226562611
632,21.081968994140624,626,21.058634,0.023334994140622456
633,21.115326416015623,627,21.09173,0.02359641601562501
634,21.14868408203125,628,21.12516,0.023524082031247673
635,21.18204150390625,629,21.158437,0.02360450390625246
636,21.21539892578125,630,21.191879,0.02351992578125106
637,21.24875634765625,631,21.225131,0.023625347656249573
638,21.28211401367188,632,21.25912,0.022994013671880253
639,21.31547143554688,633,21.290976,0.024495435546878497
640,21.348828857421875,634,21.325014,0.0238148574218755
641,21.3821865234375,635,21.358892,0.023294523437499493
642,21.4155439453125,636,21.39153,0.02401394531250034
643,21.4489013671875,637,21.425019,0.023882367187500364
644,21.482259033203125,638,21.458416,0.023843033203124975
645,21.515616455078124,639,21.491899,0.02371745507812406
646,21.548973876953124,640,21.525498,0.023475876953124697
647,21.58233154296875,641,21.559102,0.023229542968749683
648,21.61568896484375,642,21.592764,0.022924964843749507
649,21.64904638671875,643,21.623971,0.025075386718750536
650,21.682404052734373,644,21.659432,0.022972052734374415
651,21.715761474609376,645,21.690816,0.024945474609374685
652,21.749118896484376,646,21.724103,0.0250158964843763
653,21.78247607421875,647,21.757575,0.024901074218750097
654,21.81583349609375,648,21.790964,0.024869496093749888
655,21.84919091796875,649,21.823823,0.025367917968747378
656,21.882548095703125,650,21.857329,0.025219095703125305
657,21.915905517578125,651,21.891037,0.024868517578124028
658,21.949262939453124,652,21.924138,0.025124939453124995
659,21.9826201171875,653,21.957247,0.02537311718750246
660,22.0159775390625,654,21.992663,0.023314539062500472
661,22.0493349609375,655,22.023857,0.025477960937500654
662,22.082692138671877,656,22.059304,0.02338813867187639
663,22.11604956054688,657,22.092585,0.02346456054688062
664,22.14940698242188,658,22.124098,0.025308982421879733
665,22.18276416015625,659,22.157903,0.02486116015624873
666,22.21612158203125,660,22.191184,0.024937582031249406
667,22.24947900390625,661,22.22421,0.02526900390624931
668,22.282836181640626,662,22.258178,0.024658181640624832
669,22.316193603515625,663,22.292306,0.023887603515625244
670,22.349551025390625,664,22.325583,0.023968025390622927
671,22.382908447265624,665,22.359021,0.02388744726562564
672,22.416265625,666,22.392021,0.024244625000001463
673,22.449623046875,667,22.42506,0.024563046875002215
674,22.48298046875,668,22.458148,0.02483246874999878
675,22.516337646484374,669,22.491082,0.02525564648437495
676,22.549695068359377,670,22.524229,0.02546606835937837
677,22.583052490234376,671,22.55924,0.023812490234377037
678,22.616409912109376,672,22.592295,0.024114912109375553
679,22.64976708984375,673,22.625196,0.024571089843750116
680,22.68312451171875,674,22.658293,0.02483151171874809
681,22.71648193359375,675,22.691329,0.025152933593751925
682,22.749839111328125,676,22.724533,0.025306111328124103
683,22.783196533203125,677,22.757542,0.02565453320312372
684,22.816553955078124,678,22.791376,0.02517795507812437
685,22.849911376953123,679,22.824334,0.02557737695312312
686,22.883268798828126,680,22.858009,0.025259798828127344
687,22.91662622070313,681,22.891977,0.024649220703128805
688,22.949983642578125,682,22.925826,0.024157642578124694
689,22.983341064453125,683,22.958742,0.024599064453123987
690,23.016698486328124,684,22.992159,0.024539486328123417
691,23.050055908203124,685,23.025082,0.02497390820312262
692,23.083413330078123,686,23.05826,0.025153330078122593
693,23.116770751953126,687,23.091264,0.02550675195312735
694,23.15012817382813,688,23.12457,0.025558173828130748
695,23.183485595703125,689,23.157875,0.025610595703124517
696,23.216843017578125,690,23.191348,0.025495017578123225
697,23.250200439453124,691,23.224682,0.02551843945312271
698,23.283557861328124,692,23.258444,0.025113861328122766
699,23.316915283203127,693,23.291854,0.02506128320312584
700,23.35027270507813,694,23.325118,0.02515470507812978
701,23.383630126953125,695,23.358873,0.024757126953126374
702,23.416987548828125,696,23.392493,0.024494548828123186
703,23.450344970703124,697,23.425679,0.024665970703125595
704,23.483702392578124,698,23.459059,0.02464339257812398
705,23.517059814453123,699,23.492167,0.024892814453124856
706,23.550417236328126,700,23.525498,0.024919236328127425
707,23.58377465820313,701,23.558743,0.02503165820312958
708,23.617132080078125,702,23.592324,0.02480808007812385
709,23.650489501953125,703,23.625541,0.024948501953126367
710,23.683846923828124,704,23.659149,0.024697923828124857
711,23.717204345703124,705,23.692295,0.0249093457031222
712,23.750561767578127,706,23.72572,0.024841767578127616
713,23.78391918945313,707,23.758878,0.025041189453130386
714,23.81727661132813,708,23.792342,0.024934611328127687
715,23.85063354492188,709,23.825407,0.02522654492188181
716,23.88399072265625,710,23.858912,0.025078722656250108
717,23.91734765625,711,23.892242,0.02510565625000183
718,23.95070458984375,712,23.925975,0.024729589843747846
719,23.98406176757813,713,23.959176,0.024885767578130213
720,24.017418701171877,714,23.992648,0.024770701171878073
721,24.050775634765625,715,24.025929,0.02484663476562332
722,24.0841328125,716,24.059309,0.02482381249999932
723,24.11748974609375,717,24.092366,0.02512374609375101
724,24.1508466796875,718,24.12568,0.025166679687501414
725,24.18420361328125,719,24.158764,0.025439613281250217
726,24.217560791015625,720,24.192059,0.025501791015624775
727,24.250917724609376,721,24.225161,0.02575672460937639
728,24.284274658203124,722,24.258574,0.025700658203124505
729,24.317631591796875,723,24.291841,0.025790591796873485
730,24.35098876953125,724,24.32519,0.025798769531249377
731,24.384345703125,725,24.358293,0.026052703124999965
732,24.41770263671875,726,24.391751,0.02595163671875156
733,24.4510595703125,727,24.425017,0.026042570312498015
734,24.48441674804688,728,24.458122,0.02629474804687959
735,24.517773681640627,729,24.491164,0.026609681640625382
736,24.55113061523437,730,24.524345,0.026785615234370397
737,24.584487548828125,731,24.559343,0.025144548828127
738,24.61784448242188,732,24.592415,0.025429482421881033
739,24.651201416015624,733,24.625512,0.02568941601562358
740,24.68455859375,734,24.658728,0.025830593750001185
741,24.71791552734375,735,24.691872,0.026043527343748707
742,24.7512724609375,736,24.725352,0.025920460937499
743,24.78462939453125,737,24.759153,0.025476394531249724
744,24.817986328125,738,24.792541,0.025445328124998667
745,24.85134375,739,24.825756,0.02558775000000324
746,24.88470092773437,740,24.859416,0.025284927734372076
747,24.91805834960937,741,24.892615,0.02544334960937178
748,24.95141552734375,742,24.924107,0.02730852734375233
749,24.98477294921875,743,24.957418,0.02735494921875059
750,25.01813037109375,744,24.990914,0.027216371093750524
751,25.051487548828124,745,25.023802,0.02768554882812424
752,25.084844970703124,746,25.059323,0.025521970703124452
753,25.1182021484375,747,25.092189,0.026013148437499467
754,25.1515595703125,748,25.125105,0.02645457031249876
755,25.184916748046877,749,25.158035,0.026881748046875487
756,25.21827416992188,750,25.191298,0.026976169921880455
757,25.25163134765625,751,25.224008,0.027623347656248853
758,25.28498876953125,752,25.257338,0.027650769531248898
759,25.31834619140625,753,25.2921,0.026246191406247732
760,25.351703369140623,754,25.32547,0.026233369140623353
761,25.385060791015626,755,25.358685,0.026375791015624372
762,25.41841796875,756,25.392063,0.026354968749998875
763,25.451775390625,757,25.425209,0.02656639062499977
764,25.485132568359376,758,25.458654,0.026478568359376453
765,25.51848999023437,759,25.491871,0.026618990234371864
766,25.55184741210937,760,25.52519,0.026657412109372558
767,25.58520458984375,761,25.558539,0.026665589843752002
768,25.61856201171875,762,25.592077,0.026485011718751394
769,25.651919189453125,763,25.625299,0.026620189453126386
770,25.685276611328124,764,25.658647,0.02662961132812569
771,25.7186337890625,765,25.691981,0.02665278906250279
772,25.7519912109375,766,25.725286,0.026705210937500112
773,25.7853486328125,767,25.758696,0.026652632812499633
774,25.818705810546877,768,25.792152,0.026553810546875667
775,25.85206323242188,769,25.825214,0.026849232421881197
776,25.88542041015625,770,25.858754,0.026666410156249043
777,25.91877783203125,771,25.892077,0.026700832031249178
778,25.952135009765627,772,25.925294,0.026841009765625756
779,25.985492431640623,773,25.958399,0.02709343164062261
780,26.018849609375,774,25.991733,0.02711660937499971
781,26.052206787109377,775,26.025001,0.027205787109377155
782,26.08556396484375,776,26.058192,0.02737196484375204
783,26.11892138671875,777,26.091486,0.02743538671875001
784,26.152278564453123,778,26.124937,0.02734156445312408
785,26.1856357421875,779,26.15803,0.027605742187500226
786,26.218992919921877,780,26.191583,0.027409919921876025
787,26.252350341796877,781,26.22489,0.027460341796878396
788,26.28570751953125,782,26.258156,0.02755151953125079
789,26.319064697265624,783,26.291758,0.027306697265622404
790,26.352421875,784,26.325443,0.026978875000001068
791,26.38577905273437,785,26.358697,0.027082052734371587
792,26.41913623046875,786,26.392035,0.02710123046875168
793,26.45249365234375,787,26.425218,0.027275652343750068
794,26.485850830078125,788,26.457401,0.02844983007812374
795,26.5192080078125,789,26.492713,0.026495007812503246
796,26.552565185546875,790,26.524399,0.02816618554687622
797,26.58592236328125,791,26.557905,0.028017363281247043
798,26.619279541015626,792,26.591535,0.0277445410156254
799,26.652636962890625,793,26.624657,0.027979962890626098
800,26.685994140625,794,26.658684,0.027310140624997814
801,26.719351318359376,795,26.692017,0.027334318359375942
802,26.75270849609375,796,26.725286,0.027422496093748805
803,26.786065673828126,797,26.758773,0.027292673828124947
804,26.8194228515625,798,26.791041,0.02838185156250006
805,26.852780029296877,799,26.824539,0.028241029296875553
806,26.88613720703125,800,26.858087,0.028050207031249386
807,26.919494384765624,801,26.891242,0.02825238476562575
808,26.952851806640624,802,26.924593,0.02825880664062197
809,26.986209228515627,803,26.957719,0.02849022851562566
810,27.019566650390622,804,26.990875,0.02869165039062338
811,27.052924072265625,805,27.024051,0.02887307226562541
812,27.086281494140625,806,27.057463,0.028818494140626427
813,27.119638916015624,807,27.090686,0.028952916015622776
814,27.152996337890624,808,27.126016,0.02698033789062393
815,27.186353759765623,809,27.157775,0.028578759765622408
816,27.219711181640623,810,27.191846,0.027865181640621017
817,27.253068603515626,811,27.225536,0.027532603515624032
818,27.286426025390625,812,27.257943,0.028483025390624306
819,27.319783447265625,813,27.291976,0.02780744726562645
820,27.353140869140624,814,27.325903,0.02723786914062387
821,27.386498291015624,815,27.357492,0.02900629101562302
822,27.419855712890627,816,27.390972,0.02888371289062519
823,27.453213134765623,817,27.424751,0.028462134765621983
824,27.486570556640626,818,27.458378,0.02819255664062581
825,27.51992822265625,819,27.49182,0.028108222656250348
826,27.55328564453125,820,27.525464,0.02782164453125091
827,27.58664306640625,821,27.558876,0.027767066406248375
828,27.62000048828125,822,27.592141,0.027859488281247735
829,27.65335791015625,823,27.625263,0.02809491015624843
830,27.68671533203125,824,27.659057,0.027658332031247568
831,27.72007275390625,825,27.692287,0.027785753906250932
832,27.75343017578125,826,27.725556,0.027874175781249733
833,27.78678759765625,827,27.759206,0.027581597656251233
834,27.82014526367188,828,27.790939,0.029206263671877508
835,27.853502685546875,829,27.823915,0.02958768554687552
836,27.886860107421874,830,27.857514,0.029346107421876155
837,27.920217529296878,831,27.89071,0.029507529296878943
838,27.953574951171877,832,27.924078,0.029496951171875452
839,27.98693237304688,833,27.959288,0.027644373046879167
840,28.02028955078125,834,27.992651,0.027638550781251325
841,28.05364697265625,835,28.025599,0.028047972656249698
842,28.08700439453125,836,28.058938,0.028066394531247596
843,28.12036181640625,837,28.092189,0.028172816406247136
844,28.15371923828125,838,28.125637,0.028082238281250227
845,28.187076416015625,839,28.158862,0.028214416015625687
846,28.220433837890624,840,28.192317,0.028116837890625135
847,28.253791259765624,841,28.225419,0.028372259765625074
848,28.287148681640623,842,28.259283,0.027865681640623308
849,28.320505859375,843,28.292396,0.028109859375000212
850,28.35386328125,844,28.325715,0.028148281250000906
851,28.387220703125,845,28.358771,0.028449703124998393
852,28.420578125,846,28.392375,0.028203124999997442
853,28.453935302734376,847,28.426007,0.027928302734377297
854,28.48729272460937,848,28.459157,0.028135724609370527
855,28.52065014648437,849,28.492228,0.02842214648437036
856,28.55400756835937,850,28.525586,0.028421568359370042
857,28.58736474609375,851,28.558954,0.02841074609375127
858,28.62072216796875,852,28.592202,0.028520167968750343
859,28.65407958984375,853,28.625769,0.0283105898437519
860,28.68743701171875,854,28.659195,0.028242011718749183
861,28.72079443359375,855,28.692155,0.02863943359374943
862,28.75415161132813,856,28.725626,0.02852561132813136
863,28.78750903320313,857,28.758843,0.028666033203130326
864,28.820866455078125,858,28.792466,0.028400455078124054
865,28.854223876953125,859,28.825678,0.028545876953124605
866,28.8875810546875,860,28.859029,0.028552054687501993
867,28.9209384765625,861,28.892511,0.028427476562502108
868,28.9542958984375,862,28.92592,0.028375898437499103
869,28.9876533203125,863,28.957366,0.030287320312499588
870,29.021010498046877,864,28.992588,0.028422498046875688
871,29.0543681640625,865,29.025728,0.02864016406249803
872,29.0877255859375,866,29.059046,0.028679585937499752
873,29.121083251953124,867,29.092362,0.028721251953122362
874,29.154440673828127,868,29.125849,0.028591673828127995
875,29.18779833984375,869,29.159033,0.02876533984374774
876,29.22115576171875,870,29.192312,0.02884376171875047
877,29.254513427734373,871,29.225453,0.029060427734371785
878,29.28787109375,872,29.258956,0.028915093749997567
879,29.321228515625,873,29.292155,0.02907351562499727
880,29.354586181640624,874,29.32546,0.029126181640624083
881,29.387943603515627,875,29.358855,0.029088603515628364
882,29.42130126953125,876,29.392237,0.029064269531247078
883,29.45465869140625,877,29.425361,0.029297691406252824
884,29.488016357421877,878,29.458904,0.029112357421876567
885,29.5213740234375,879,29.49241,0.028964023437499264
886,29.5547314453125,880,29.525498,0.029233445312499384
887,29.588089111328124,881,29.558484,0.029605111328123712
888,29.621446533203127,882,29.592214,0.02923253320312824
889,29.65480419921875,883,29.625952,0.028852199218746932
890,29.68816186523437,884,29.659456,0.028705865234371686
891,29.721519287109373,885,29.692675,0.028844287109372146
892,29.754876953125,886,29.726103,0.028773953125000418
893,29.788234375,887,29.757445,0.030789374999997676
894,29.821592041015624,888,29.791019,0.03057304101562508
895,29.85494970703125,889,29.824011,0.030938707031250345
896,29.88830712890625,890,29.857447,0.030860128906248008
897,29.921664794921877,891,29.892565,0.02909979492187631
898,29.9550224609375,892,29.925687,0.02933546093749939
