frame,time_s,has_pose,left_shoulder_x,left_shoulder_y,left_shoulder_z,left_shoulder_vis,left_shoulder_src,right_shoulder_x,right_shoulder_y,right_shoulder_z,right_shoulder_vis,right_shoulder_src,left_elbow_x,left_elbow_y,left_elbow_z,left_elbow_vis,left_elbow_src,right_elbow_x,right_elbow_y,right_elbow_z,right_elbow_vis,right_elbow_src,left_wrist_x,left_wrist_y,left_wrist_z,left_wrist_vis,left_wrist_src,right_wrist_x,right_wrist_y,right_wrist_z,right_wrist_vis,right_wrist_src,left_hip_x,left_hip_y,left_hip_z,left_hip_vis,left_hip_src,right_hip_x,right_hip_y,right_hip_z,right_hip_vis,right_hip_src
798,26.618926,1,0.115343,-0.363571,1.794000,0.999900,0,-0.202942,-0.351480,1.763000,0.999700,0,0.184790,-0.146080,1.809000,0.911900,0,-0.429613,-0.305153,1.852000,0.894300,0,0.219067,0.044892,1.705000,0.881400,0,-0.610197,-0.262306,1.809000,0.929800,0,0.057259,0.102788,1.734000,0.999000,0,-0.125655,0.114183,1.778000,0.999000,0
799,26.652282,1,0.113671,-0.355390,1.768000,0.999900,0,-0.208238,-0.360651,1.809000,0.999700,0,0.181623,-0.143576,1.778000,0.913500,0,-0.423350,-0.300704,1.825000,0.894900,0,0.224078,0.045919,1.744000,0.885300,0,-0.608510,-0.261581,1.804000,0.930200,0,0.059281,0.101365,1.710000,0.999000,0,-0.122899,0.111679,1.739000,0.999000,0
800,26.685638,1,0.115343,-0.360616,1.794000,0.999900,0,-0.209504,-0.362844,1.820000,0.999700,0,0.184279,-0.145676,1.804000,0.915000,0,-0.420798,-0.298891,1.814000,0.894100,0,0.231144,0.047367,1.799000,0.888300,0,-0.596367,-0.256361,1.768000,0.929400,0,0.058657,0.100298,1.692000,0.999000,0,-0.122383,0.113862,1.773000,0.999000,0
801,26.718994,1,0.114636,-0.358405,1.783000,0.999900,0,-0.210655,-0.364837,1.830000,0.999700,0,0.179580,-0.144857,1.758000,0.917900,0,-0.427062,-0.303340,1.841000,0.892900,0,0.222983,0.037599,1.758000,0.893700,0,-0.610197,-0.262306,1.809000,0.929400,0,0.055542,0.099705,1.682000,0.999000,0,-0.123252,0.112000,1.744000,0.999000,0
802,26.752350,1,0.113029,-0.353379,1.758000,0.999900,0,-0.207662,-0.359654,1.804000,0.999700,0,0.186424,-0.150378,1.825000,0.915400,0,-0.437500,-0.310755,1.886000,0.894100,0,0.216895,0.039390,1.710000,0.888300,0,-0.617280,-0.265351,1.830000,0.931000,0,0.056301,0.101069,1.705000,0.999000,0,-0.123888,0.112578,1.753000,0.999000,0
803,26.785706,1,0.115343,-0.360616,1.794000,0.999900,0,-0.205245,-0.355467,1.783000,0.999700,0,0.182644,-0.141438,1.788000,0.912700,0,-0.424510,-0.301528,1.830000,0.893200,0,0.219939,0.054226,1.734000,0.882000,0,-0.603113,-0.259261,1.788000,0.930400,0,0.052930,0.102781,1.687000,0.999000,0,-0.124595,0.113220,1.763000,0.999000,0
804,26.819062,1,0.113671,-0.355390,1.768000,0.999900,0,-0.203518,-0.352477,1.768000,0.999700,0,0.181623,-0.143576,1.778000,0.915300,0,-0.420798,-0.298891,1.814000,0.892200,0,0.220573,0.040058,1.739000,0.888000,0,-0.608510,-0.261581,1.804000,0.930000,0,0.054091,0.105035,1.724000,0.999000,0,-0.123888,0.112578,1.753000,0.999000,0
805,26.852418,1,0.118751,-0.371269,1.847000,0.999900,0,-0.208238,-0.360651,1.809000,0.999700,0,0.186424,-0.144365,1.825000,0.914200,0,-0.422190,-0.299880,1.820000,0.891700,0,0.221207,0.054538,1.744000,0.885600,0,-0.602667,-0.257811,1.778000,0.929100,0,0.053213,0.103329,1.696000,0.999000,0,-0.125655,0.114183,1.778000,0.999000,0
806,26.885774,1,0.114636,-0.358405,1.783000,0.999900,0,-0.207086,-0.358657,1.799000,0.999700,0,0.180091,-0.139461,1.763000,0.913700,0,-0.423350,-0.300704,1.825000,0.892000,0,0.225234,0.057708,1.753000,0.885100,0,-0.617280,-0.265351,1.830000,0.930300,0,0.052773,0.102476,1.682000,0.999000,0,-0.122899,0.111679,1.739000,0.999000,0
807,26.919130,1,0.115343,-0.360616,1.794000,0.999900,0,-0.210655,-0.367852,1.830000,0.999700,0,0.181112,-0.140252,1.773000,0.913800,0,-0.407808,-0.289664,1.758000,0.893100,0,0.230502,0.059057,1.794000,0.885500,0,-0.608510,-0.261581,1.804000,0.931200,0,0.055542,0.102476,1.682000,0.998900,0,-0.122899,0.111679,1.739000,0.999000,0
808,26.952485,1,0.115986,-0.362626,1.804000,0.999900,0,-0.206511,-0.357660,1.794000,0.999700,0,0.181623,-0.140647,1.778000,0.911400,0,-0.420798,-0.298891,1.814000,0.894100,0,0.224078,0.057411,1.744000,0.877600,0,-0.616903,-0.263901,1.820000,0.931300,0,0.058969,0.103634,1.701000,0.998900,0,-0.124948,0.113541,1.768000,0.999000,0
809,26.985841,1,0.111485,-0.348555,1.734000,0.999900,0,-0.213187,-0.369224,1.852000,0.999700,0,0.181112,-0.143173,1.773000,0.916400,0,-0.416159,-0.295596,1.794000,0.893800,0,0.222793,0.039943,1.734000,0.886300,0,-0.591142,-0.255754,1.744000,0.930400,0,0.053966,0.104792,1.720000,0.999000,0,-0.124595,0.113220,1.763000,0.999000,0
810,27.019197,1,0.113350,-0.354384,1.763000,0.999900,0,-0.207086,-0.358657,1.799000,0.999700,0,0.180601,-0.142769,1.768000,0.915400,0,-0.434717,-0.308778,1.874000,0.892100,0,0.224592,0.046025,1.748000,0.883700,0,-0.600484,-0.261444,1.763000,0.927400,0,0.055707,0.102781,1.687000,0.998900,0,-0.123888,0.115466,1.753000,0.999000,0
811,27.052553,1,0.114314,-0.357400,1.778000,0.999900,0,-0.210047,-0.358657,1.799000,0.999700,0,0.182644,-0.144384,1.788000,0.918000,0,-0.437801,-0.311865,1.874000,0.891000,0,0.227804,0.043762,1.773000,0.888500,0,-0.606808,-0.274611,1.773000,0.925400,0,0.056797,0.104792,1.720000,0.998900,0,-0.123252,0.114873,1.744000,0.998900,0
812,27.085909,1,0.114636,-0.358405,1.783000,0.999900,0,-0.208763,-0.356464,1.788000,0.999700,0,0.178150,-0.140831,1.744000,0.919300,0,-0.441773,-0.320924,1.891000,0.888600,0,0.222150,0.048373,1.729000,0.891100,0,-0.626326,-0.300216,1.804000,0.923300,0,0.055542,0.105247,1.682000,0.998900,0,-0.122899,0.114544,1.739000,0.998900,0
813,27.119265,1,0.115665,-0.361621,1.799000,0.999900,0,-0.211799,-0.361648,1.814000,0.999700,0,0.180601,-0.139856,1.768000,0.918300,0,-0.425186,-0.317870,1.820000,0.885200,0,0.224592,0.063302,1.748000,0.889700,0,-0.621400,-0.318424,1.773000,0.920400,0,0.055872,0.105873,1.692000,0.998900,0,-0.123535,0.118016,1.748000,0.998900,0
814,27.152621,1,0.113350,-0.354384,1.763000,0.999900,0,-0.210047,-0.358657,1.799000,0.999600,0,0.179580,-0.139065,1.758000,0.919200,0,-0.406263,-0.309452,1.739000,0.877900,0,0.219305,0.056918,1.729000,0.894000,0,-0.605978,-0.330460,1.729000,0.912900,0,0.057094,0.111037,1.729000,0.998900,0,-0.124595,0.119029,1.763000,0.998900,0
815,27.185977,1,0.112707,-0.352374,1.753000,0.999900,0,-0.211799,-0.361648,1.814000,0.999600,0,0.182134,-0.141043,1.783000,0.921500,0,-0.429358,-0.327763,1.825000,0.869800,0,0.217085,0.054226,1.734000,0.899500,0,-0.608824,-0.350398,1.729000,0.908000,0,0.060113,0.111358,1.734000,0.998900,0,-0.120381,0.117746,1.744000,0.998800,0
816,27.219333,1,0.113029,-0.353379,1.758000,0.999900,0,-0.214192,-0.360651,1.809000,0.999600,0,0.179580,-0.136169,1.758000,0.924300,0,-0.475479,-0.370368,2.007000,0.868900,0,0.215332,0.053788,1.720000,0.904800,0,-0.620797,-0.377619,1.763000,0.911100,0,0.054844,0.115136,1.748000,0.998900,0,-0.125399,0.119928,1.734000,0.998800,0
817,27.252688,1,0.113671,-0.355390,1.768000,0.999900,0,-0.211706,-0.359410,1.788000,0.999600,0,0.185913,-0.140971,1.820000,0.924800,0,-0.438369,-0.351815,1.825000,0.864800,0,0.220089,0.054976,1.758000,0.908900,0,-0.614390,-0.395693,1.753000,0.912900,0,0.053809,0.110138,1.715000,0.998800,0,-0.122651,0.114505,1.696000,0.998700,0
818,27.286044,1,0.118955,-0.362626,1.804000,0.999900,0,-0.211706,-0.359410,1.788000,0.999600,0,0.184279,-0.139732,1.804000,0.926300,0,-0.447497,-0.368347,1.863000,0.861200,0,0.218670,0.051073,1.724000,0.913200,0,-0.616948,-0.422680,1.794000,0.917600,0,0.052930,0.108339,1.687000,0.998800,0,-0.131138,0.116783,1.773000,0.998700,0
819,27.319400,1,0.112707,-0.352374,1.753000,0.999900,0,-0.214784,-0.364636,1.814000,0.999600,0,0.182644,-0.141438,1.788000,0.928700,0,-0.418913,-0.350565,1.744000,0.853200,0,0.224251,0.037813,1.768000,0.918900,0,-0.594681,-0.441516,1.763000,0.920500,0,0.054844,0.112257,1.748000,0.998800,0,-0.131878,0.117442,1.783000,0.998700,0
820,27.352756,1,0.112707,-0.352374,1.753000,0.999900,0,-0.211799,-0.364636,1.814000,0.999600,0,0.182644,-0.138493,1.788000,0.928700,0,-0.422960,-0.365157,1.773000,0.850400,0,0.225876,0.052080,1.758000,0.922700,0,-0.589688,-0.470023,1.783000,0.926700,0,0.054562,0.111679,1.739000,0.998800,0,-0.130398,0.116124,1.763000,0.998600,0
821,27.386112,1,0.114314,-0.357400,1.778000,0.999900,0,-0.212499,-0.365842,1.820000,0.999600,0,0.180091,-0.136556,1.763000,0.929700,0,-0.425346,-0.370154,1.783000,0.849500,0,0.217910,0.047449,1.696000,0.927200,0,-0.580422,-0.491778,1.809000,0.932900,0,0.053213,0.108917,1.696000,0.998800,0,-0.131508,0.117113,1.778000,0.998600,0
822,27.419468,1,0.117658,-0.367852,1.830000,0.999900,0,-0.212499,-0.365842,1.820000,0.999700,0,0.181623,-0.137718,1.778000,0.927500,0,-0.417673,-0.368906,1.763000,0.852600,0,0.221508,0.053913,1.724000,0.929500,0,-0.561913,-0.500797,1.788000,0.939000,0,0.053809,0.110138,1.715000,0.998700,0,-0.129659,0.115466,1.753000,0.998600,0
823,27.452823,1,0.118751,-0.371269,1.847000,0.999900,0,-0.210047,-0.361621,1.799000,0.999700,0,0.181623,-0.137718,1.778000,0.926900,0,-0.436152,-0.385228,1.841000,0.854300,0,0.220994,0.053788,1.720000,0.933000,0,-0.571334,-0.526450,1.847000,0.944500,0,0.053495,0.109495,1.705000,0.998700,0,-0.130768,0.116454,1.768000,0.998600,0
824,27.486181,1,0.114314,-0.357400,1.778000,0.999900,0,-0.214951,-0.370063,1.841000,0.999700,0,0.180304,-0.138957,1.794000,0.926200,0,-0.423241,-0.379403,1.799000,0.858400,0,0.220994,0.053788,1.720000,0.936200,0,-0.542607,-0.508279,1.773000,0.949400,0,0.052648,0.107761,1.678000,0.998700,0,-0.128253,0.114214,1.734000,0.998600,0
825,27.519539,1,0.114636,-0.358405,1.783000,0.999900,0,-0.210631,-0.365598,1.804000,0.999700,0,0.180807,-0.139345,1.799000,0.924000,0,-0.421448,-0.377486,1.804000,0.856200,0,0.224078,0.054538,1.744000,0.937900,0,-0.526443,-0.503979,1.758000,0.953600,0,0.050837,0.106999,1.710000,0.998600,0,-0.127883,0.111037,1.729000,0.998600,0
826,27.552897,1,0.111807,-0.349560,1.739000,0.999900,0,-0.213187,-0.372275,1.852000,0.999700,0,0.180091,-0.136556,1.763000,0.923700,0,-0.413038,-0.369953,1.768000,0.853800,0,0.220573,0.060112,1.739000,0.940100,0,-0.549800,-0.532389,1.836000,0.957400,0,0.051402,0.108188,1.729000,0.998600,0,-0.132247,0.114826,1.788000,0.998500,0
827,27.586255,1,0.115986,-0.362626,1.804000,0.999900,0,-0.204094,-0.359315,1.773000,0.999700,0,0.185631,-0.143063,1.847000,0.923200,0,-0.420280,-0.376439,1.799000,0.853700,0,0.219939,0.059939,1.734000,0.942500,0,-0.526527,-0.509758,1.768000,0.960900,0,0.051967,0.109377,1.748000,0.998600,0,-0.128623,0.111679,1.739000,0.998500,0
828,27.619613,1,0.112386,-0.351369,1.748000,0.999900,0,-0.208813,-0.367624,1.814000,0.999700,0,0.180304,-0.136002,1.794000,0.920300,0,-0.435231,-0.389831,1.863000,0.853900,0,0.216895,0.061926,1.710000,0.941700,0,-0.523448,-0.503991,1.748000,0.964100,0,0.053495,0.106687,1.705000,0.998600,0,-0.128623,0.111679,1.739000,0.998500,0
829,27.652971,1,0.114636,-0.358405,1.783000,0.999900,0,-0.204094,-0.356395,1.773000,0.999700,0,0.181112,-0.137331,1.773000,0.922500,0,-0.426354,-0.381880,1.825000,0.855400,0,0.219305,0.056918,1.729000,0.945400,0,-0.522110,-0.494242,1.734000,0.967000,0,0.057721,0.106497,1.748000,0.998600,0,-0.129659,0.112578,1.753000,0.998500,0
830,27.686329,1,0.114999,-0.350565,1.744000,0.999900,0,-0.210079,-0.366847,1.825000,0.999700,0,0.181112,-0.134410,1.773000,0.917500,0,-0.423784,-0.379578,1.814000,0.854300,0,0.216260,0.058936,1.705000,0.941700,0,-0.540929,-0.509097,1.796500,0.969600,0,0.059108,0.106687,1.705000,0.998500,0,-0.127858,0.116454,1.768000,0.998500,0
831,27.719687,1,0.114340,-0.348555,1.734000,0.999900,0,-0.211346,-0.369058,1.836000,0.999700,0,0.185300,-0.140507,1.814000,0.919100,0,-0.419112,-0.375393,1.794000,0.855900,0,0.218837,0.060423,1.748000,0.945400,0,-0.536864,-0.505271,1.783000,0.971900,0,0.061914,0.106687,1.705000,0.998500,0,-0.120381,0.114873,1.744000,0.998400,0
832,27.753045,1,0.118626,-0.361621,1.799000,0.999900,0,-0.205820,-0.359410,1.788000,0.999700,0,0.185068,-0.135168,1.783000,0.918900,0,-0.425186,-0.380834,1.820000,0.856500,0,0.217711,0.068706,1.739000,0.946200,0,-0.543129,-0.502477,1.794000,0.974100,0,0.061769,0.106436,1.701000,0.998500,0,-0.119691,0.114214,1.734000,0.998500,0
833,27.786403,1,0.114340,-0.348555,1.734000,0.999900,0,-0.207662,-0.362626,1.804000,0.999700,0,0.187248,-0.136760,1.804000,0.922200,0,-0.415374,-0.369116,1.778000,0.855600,0,0.218837,0.069062,1.748000,0.949600,0,-0.532079,-0.478075,1.748000,0.975900,0,0.064568,0.106436,1.701000,0.998500,0,-0.120381,0.114873,1.744000,0.998400,0
834,27.819761,1,0.113416,-0.345741,1.720000,0.999900,0,-0.208238,-0.360651,1.809000,0.999700,0,0.182473,-0.136169,1.758000,0.926200,0,-0.423350,-0.369854,1.825000,0.852000,0,0.217711,0.045788,1.739000,0.953100,0,-0.533732,-0.456869,1.744000,0.976700,0,0.062604,0.107875,1.724000,0.998600,0,-0.119691,0.114214,1.734000,0.998400,0
835,27.853119,1,0.115263,-0.351369,1.748000,0.999900,0,-0.202877,-0.356464,1.788000,0.999700,0,0.184549,-0.137718,1.778000,0.927100,0,-0.419195,-0.359846,1.820000,0.848500,0,0.219939,0.045656,1.734000,0.953800,0,-0.538017,-0.443160,1.758000,0.976700,0,0.061442,0.103086,1.692000,0.998600,0,-0.121003,0.115466,1.753000,0.998400,0
836,27.886477,1,0.116911,-0.356395,1.773000,0.999900,0,-0.204125,-0.358657,1.799000,0.999700,0,0.188909,-0.140971,1.820000,0.929300,0,-0.420346,-0.348808,1.825000,0.846500,0,0.225234,0.046156,1.753000,0.954700,0,-0.540910,-0.422887,1.758000,0.976500,0,0.060752,0.101928,1.673000,0.998600,0,-0.122383,0.113862,1.773000,0.998400,0
837,27.919835,1,0.118955,-0.362626,1.804000,0.999900,0,-0.201175,-0.356395,1.773000,0.999700,0,0.178150,-0.135085,1.744000,0.930100,0,-0.393980,-0.316813,1.748000,0.847500,0,0.219305,0.045524,1.729000,0.954800,0,-0.542449,-0.403759,1.763000,0.977400,0,0.061587,0.100535,1.696000,0.998600,0,-0.120036,0.108814,1.739000,0.998400,0
838,27.953193,1,0.117571,-0.358405,1.783000,0.999900,0,-0.205302,-0.369058,1.836000,0.999700,0,0.179069,-0.135782,1.753000,0.928000,0,-0.399898,-0.310845,1.814000,0.852300,0,0.222150,0.045524,1.729000,0.948300,0,-0.554012,-0.392468,1.791000,0.977400,0,0.064227,0.100298,1.692000,0.998600,0,-0.119128,0.110629,1.768000,0.998500,0
839,27.986551,1,0.116911,-0.356395,1.773000,0.999900,0,-0.198203,-0.361621,1.799000,0.999700,0,0.183768,-0.139345,1.799000,0.926900,0,-0.386109,-0.287102,1.778000,0.855500,0,0.220573,0.045788,1.739000,0.942600,0,-0.554280,-0.373920,1.773000,0.975400,0,0.058796,0.100535,1.696000,0.998600,0,-0.116837,0.105645,1.734000,0.998500,0
840,28.019909,1,0.118296,-0.360616,1.794000,0.999900,0,-0.198203,-0.361621,1.799000,0.999700,0,0.181310,-0.139732,1.804000,0.925300,0,-0.383183,-0.281243,1.778000,0.856400,0,0.222349,0.057708,1.753000,0.934600,0,-0.541794,-0.344736,1.715000,0.969300,0,0.058657,0.097511,1.692000,0.998600,0,-0.117174,0.105949,1.739000,0.998500,0
841,28.053267,1,0.119615,-0.367624,1.814000,0.999900,0,-0.198064,-0.366847,1.825000,0.999700,0,0.179701,-0.138493,1.788000,0.919600,0,-0.384260,-0.270285,1.783000,0.856600,0,0.217711,0.060112,1.739000,0.915200,0,-0.575849,-0.344794,1.804000,0.961900,0,0.058657,0.097511,1.692000,0.998600,0,-0.120139,0.108630,1.783000,0.998500,0
842,28.086625,1,0.117571,-0.361342,1.783000,0.999900,0,-0.195242,-0.361621,1.799000,0.999600,0,0.178194,-0.137331,1.773000,0.918000,0,-0.385817,-0.258609,1.804000,0.857700,0,0.217711,0.062977,1.739000,0.907100,0,-0.547439,-0.310832,1.715000,0.955000,0,0.063657,0.101026,1.753000,0.998600,0,-0.114640,0.106254,1.744000,0.998500,0
843,28.119983,1,0.117571,-0.361342,1.783000,0.999900,0,-0.196870,-0.364636,1.814000,0.999600,0,0.179199,-0.138105,1.783000,0.918300,0,-0.386886,-0.250385,1.809000,0.856600,0,0.220089,0.063665,1.758000,0.905300,0,-0.560850,-0.293776,1.748000,0.947700,0,0.056004,0.094947,1.696000,0.998600,0,-0.113654,0.105340,1.729000,0.998500,0
844,28.153341,1,0.119285,-0.366611,1.809000,0.999900,0,-0.194049,-0.359410,1.788000,0.999600,0,0.181812,-0.140119,1.809000,0.917600,0,-0.375456,-0.237974,1.783000,0.852400,0,0.212953,0.061600,1.701000,0.897800,0,-0.577214,-0.272710,1.799000,0.931200,0,0.059108,0.095451,1.705000,0.998700,0,-0.109271,0.103878,1.705000,0.998600,0
845,28.186699,1,0.118626,-0.367548,1.799000,0.999900,0,-0.196236,-0.369058,1.836000,0.999600,0,0.182315,-0.143495,1.814000,0.917000,0,-0.385893,-0.234345,1.847000,0.847100,0,0.214080,0.061926,1.710000,0.894100,0,-0.596144,-0.257167,1.858000,0.914900,0,0.058484,0.091664,1.687000,0.998700,0,-0.108275,0.102788,1.734000,0.998700,0
846,28.220057,1,0.114636,-0.364279,1.783000,0.999900,0,-0.189502,-0.356395,1.773000,0.999600,0,0.180304,-0.141913,1.794000,0.919400,0,-0.365624,-0.213874,1.778000,0.840100,0,0.215960,0.057543,1.748000,0.895100,0,-0.589085,-0.226900,1.836000,0.899400,0,0.059766,0.090835,1.724000,0.998800,0,-0.107963,0.099643,1.729000,0.998700,0
847,28.253416,1,0.116629,-0.370613,1.814000,0.999900,0,-0.195595,-0.364837,1.830000,0.999600,0,0.177189,-0.139461,1.763000,0.916000,0,-0.372519,-0.212354,1.841000,0.839000,0,0.212327,0.050243,1.696000,0.884400,0,-0.541374,-0.181659,1.696000,0.889800,0,0.068279,0.090835,1.724000,0.998900,0,-0.102863,0.100219,1.739000,0.998800,0
848,28.286774,1,0.117658,-0.373882,1.830000,0.999900,0,-0.196236,-0.366034,1.836000,0.999700,0,0.180807,-0.142308,1.799000,0.917600,0,-0.352923,-0.195748,1.773000,0.840700,0,0.212327,0.053037,1.696000,0.880700,0,-0.557199,-0.169460,1.773000,0.884800,0,0.067724,0.087280,1.710000,0.998900,0,-0.101739,0.096291,1.720000,0.998900,0
849,28.320132,1,0.113671,-0.361215,1.768000,0.999900,0,-0.193740,-0.367031,1.841000,0.999700,0,0.177189,-0.142365,1.763000,0.919600,0,-0.353155,-0.193227,1.804000,0.842900,0,0.217711,0.045788,1.739000,0.880900,0,-0.567098,-0.158437,1.814000,0.881400,0,0.067724,0.084463,1.710000,0.999000,0,-0.101975,0.093675,1.724000,0.998900,0
850,28.353490,1,0.117658,-0.373882,1.830000,0.999900,0,-0.189320,-0.358657,1.799000,0.999700,0,0.178696,-0.143576,1.778000,0.920300,0,-0.347301,-0.188944,1.820000,0.844900,0,0.215332,0.042454,1.720000,0.880000,0,-0.510772,-0.129972,1.678000,0.880200,0,0.064720,0.084216,1.705000,0.999000,0,-0.102567,0.091362,1.734000,0.999000,0
851,28.386848,1,0.115665,-0.370512,1.799000,0.999900,0,-0.196055,-0.371417,1.863000,0.999700,0,0.183923,-0.147775,1.830000,0.916800,0,-0.331436,-0.182165,1.783000,0.840800,0,0.218837,0.043145,1.748000,0.871700,0,-0.517694,-0.123876,1.748000,0.873100,0,0.075366,0.080786,1.692000,0.999100,0,-0.093463,0.090835,1.724000,0.999000,0
852,28.420206,1,0.114957,-0.368246,1.788000,0.999900,0,-0.182630,-0.351480,1.763000,0.999700,0,0.183768,-0.148236,1.799000,0.918300,0,-0.326432,-0.184311,1.804000,0.842600,0,0.223219,0.049883,1.783000,0.870800,0,-0.525372,-0.115957,1.804000,0.874600,0,0.076168,0.078829,1.710000,0.999100,0,-0.094547,0.089015,1.744000,0.999100,0
853,28.453564,1,0.115343,-0.369482,1.794000,0.999900,0,-0.187913,-0.361648,1.814000,0.999700,0,0.182134,-0.146917,1.783000,0.920700,0,-0.325527,-0.180836,1.799000,0.848600,0,0.218837,0.040265,1.748000,0.874500,0,-0.494992,-0.102591,1.729000,0.879500,0,0.078529,0.078368,1.763000,0.999200,0,-0.094764,0.086340,1.748000,0.999100,0
854,28.486922,1,0.114314,-0.366187,1.778000,0.999900,0,-0.187913,-0.361648,1.814000,0.999700,0,0.180807,-0.148236,1.799000,0.922200,0,-0.321670,-0.177378,1.794000,0.852500,0,0.218337,0.031554,1.744000,0.877100,0,-0.503054,-0.097255,1.788000,0.881900,0,0.076613,0.073623,1.720000,0.999200,0,-0.092975,0.079059,1.715000,0.999200,0
855,28.520279,1,0.113993,-0.365157,1.773000,0.999900,0,-0.191332,-0.368227,1.847000,0.999700,0,0.179701,-0.147329,1.788000,0.922700,0,-0.325256,-0.179356,1.814000,0.852700,0,0.225520,0.038027,1.778000,0.876000,0,-0.503188,-0.088962,1.799000,0.880300,0,0.079629,0.073794,1.724000,0.999200,0,-0.084507,0.081885,1.715000,0.999200,0
856,28.553637,1,0.113017,-0.371542,1.804000,0.999900,0,-0.195372,-0.376002,1.886000,0.999800,0,0.183257,-0.150779,1.794000,0.922100,0,-0.326331,-0.176951,1.820000,0.855700,0,0.219305,0.039828,1.729000,0.872700,0,-0.498648,-0.086237,1.804000,0.884900,0,0.080553,0.074650,1.744000,0.999300,0,-0.084260,0.081646,1.710000,0.999300,0
857,28.586994,1,0.107754,-0.354242,1.720000,0.999900,0,-0.195836,-0.382980,1.921000,0.999800,0,0.175279,-0.152323,1.744000,0.925500,0,-0.319697,-0.173353,1.783000,0.861500,0,0.219463,0.017277,1.753000,0.879000,0,-0.490079,-0.078914,1.773000,0.890500,0,0.074169,0.074008,1.729000,0.999300,0,-0.089889,0.078829,1.710000,0.999300,0
858,28.620352,1,0.110135,-0.362068,1.758000,0.999900,0,-0.189413,-0.370420,1.858000,0.999800,0,0.181310,-0.157563,1.804000,0.927300,0,-0.319605,-0.174909,1.799000,0.861900,0,0.218837,0.031626,1.748000,0.880800,0,-0.495679,-0.080294,1.804000,0.891100,0,0.073139,0.070172,1.705000,0.999300,0,-0.093201,0.081733,1.773000,0.999300,0
859,28.653709,1,0.113330,-0.372571,1.809000,0.999900,0,-0.183398,-0.358657,1.799000,0.999800,0,0.179199,-0.155729,1.783000,0.925400,0,-0.321382,-0.172901,1.809000,0.864700,0,0.218337,0.031554,1.744000,0.876700,0,-0.491462,-0.073278,1.778000,0.893100,0,0.073568,0.070583,1.715000,0.999300,0,-0.091887,0.080580,1.748000,0.999400,0
860,28.687066,1,0.109072,-0.371192,1.788000,0.999900,0,-0.188801,-0.369224,1.852000,0.999800,0,0.176686,-0.153546,1.758000,0.927200,0,-0.322270,-0.173379,1.814000,0.869400,0,0.225222,0.029585,1.799000,0.880700,0,-0.494075,-0.068595,1.809000,0.897800,0,0.073139,0.070172,1.705000,0.999400,0,-0.089889,0.076012,1.710000,0.999400,0
861,28.720424,1,0.108005,-0.355065,1.724000,0.999900,0,-0.190710,-0.367031,1.841000,0.999800,0,0.179199,-0.152792,1.783000,0.927000,0,-0.328965,-0.178636,1.869000,0.868300,0,0.218837,0.037386,1.748000,0.879200,0,-0.489741,-0.068406,1.804000,0.896700,0,0.073354,0.070378,1.710000,0.999400,0,-0.089153,0.078183,1.696000,0.999400,0
862,28.753781,1,0.114646,-0.376897,1.830000,0.999900,0,-0.183908,-0.359654,1.804000,0.999800,0,0.179701,-0.153220,1.788000,0.925800,0,-0.321220,-0.171424,1.825000,0.869500,0,0.220902,0.041187,1.788000,0.875500,0,-0.479511,-0.064854,1.788000,0.898300,0,0.074169,0.071160,1.729000,0.999400,0,-0.096119,0.078812,1.773000,0.999400,0
863,28.787139,1,0.113330,-0.372571,1.809000,0.999900,0,-0.187913,-0.361648,1.814000,0.999800,0,0.179701,-0.153220,1.788000,0.924400,0,-0.320340,-0.173952,1.820000,0.867900,0,0.217196,0.049184,1.758000,0.870500,0,-0.473903,-0.061562,1.778000,0.893600,0,0.077171,0.074040,1.799000,0.999400,0,-0.093246,0.079290,1.720000,0.999500,0
864,28.820496,1,0.112390,-0.369482,1.794000,0.999900,0,-0.190534,-0.372613,1.869000,0.999800,0,0.175279,-0.149450,1.744000,0.926500,0,-0.318404,-0.172901,1.809000,0.869400,0,0.219049,0.037920,1.773000,0.875900,0,-0.469905,-0.058138,1.763000,0.894100,0,0.073783,0.067956,1.720000,0.999400,0,-0.094764,0.077701,1.748000,0.999500,0
865,28.853854,1,0.108631,-0.357125,1.734000,0.999900,0,-0.186559,-0.364837,1.830000,0.999800,0,0.177189,-0.151078,1.763000,0.928300,0,-0.318404,-0.172901,1.809000,0.871500,0,0.217196,0.043392,1.758000,0.878600,0,-0.475215,-0.059160,1.794000,0.893500,0,0.072967,0.070007,1.701000,0.999400,0,-0.093734,0.082553,1.729000,0.999500,0
866,28.887211,1,0.113017,-0.371542,1.804000,0.999900,0,-0.179219,-0.350483,1.758000,0.999800,0,0.179199,-0.152792,1.783000,0.929900,0,-0.316644,-0.171945,1.799000,0.874100,0,0.222879,0.038583,1.804000,0.881700,0,-0.482102,-0.060018,1.820000,0.895400,0,0.073354,0.070378,1.710000,0.999500,0,-0.094764,0.080580,1.748000,0.999500,0
867,28.920569,1,0.114019,-0.374837,1.820000,0.999900,0,-0.187680,-0.367031,1.841000,0.999800,0,0.178696,-0.152364,1.778000,0.929600,0,-0.317524,-0.172423,1.804000,0.873700,0,0.211266,0.036573,1.710000,0.879400,0,-0.475215,-0.059160,1.794000,0.893100,0,0.073139,0.070172,1.705000,0.999500,0,-0.096859,0.079935,1.734000,0.999500,0
868,28.953926,1,0.116024,-0.381428,1.852000,0.999900,0,-0.187680,-0.367031,1.841000,0.999800,0,0.178696,-0.152364,1.778000,0.927600,0,-0.325973,-0.177011,1.852000,0.876700,0,0.219049,0.034999,1.773000,0.875700,0,-0.487763,-0.063362,1.830000,0.895000,0,0.072967,0.067205,1.701000,0.999500,0,-0.097418,0.077523,1.744000,0.999500,0
869,28.987284,1,0.109822,-0.361038,1.753000,0.999900,0,-0.180238,-0.352477,1.768000,0.999800,0,0.180304,-0.153735,1.794000,0.926800,0,-0.316763,-0.170416,1.783000,0.878400,0,0.217814,0.040611,1.763000,0.870400,0,-0.478167,-0.062116,1.794000,0.894200,0,0.073568,0.070583,1.715000,0.999500,0,-0.095306,0.083938,1.758000,0.999500,0
870,29.020641,1,0.110448,-0.363098,1.763000,0.999900,0,-0.189923,-0.371417,1.863000,0.999800,0,0.173772,-0.148165,1.729000,0.927900,0,-0.330975,-0.181131,1.863000,0.882800,0,0.215960,0.040265,1.748000,0.873100,0,-0.478407,-0.061389,1.773000,0.898400,0,0.072367,0.069431,1.687000,0.999500,0,-0.096119,0.081733,1.773000,0.999500,0
871,29.053999,1,0.115711,-0.380398,1.847000,0.999900,0,-0.184927,-0.361648,1.814000,0.999800,0,0.181812,-0.155020,1.809000,0.924300,0,-0.336203,-0.180645,1.858000,0.883900,0,0.218431,0.043638,1.768000,0.867900,0,-0.489909,-0.067610,1.783000,0.899800,0,0.074598,0.071571,1.739000,0.999500,0,-0.094005,0.079935,1.734000,0.999500,0
872,29.087356,1,0.110762,-0.364127,1.768000,0.999900,0,-0.184927,-0.361648,1.814000,0.999800,0,0.180807,-0.154163,1.799000,0.925200,0,-0.324654,-0.175796,1.778000,0.885700,0,0.215960,0.040265,1.748000,0.869400,0,-0.504398,-0.074762,1.814000,0.900500,0,0.067526,0.070172,1.705000,0.999500,0,-0.098479,0.081272,1.763000,0.999500,0
873,29.120714,1,0.113017,-0.371542,1.804000,0.999900,0,-0.185539,-0.362844,1.820000,0.999800,0,0.183420,-0.156391,1.825000,0.926500,0,-0.346307,-0.190339,1.863000,0.885500,0,0.218837,0.043145,1.748000,0.871300,0,-0.516341,-0.083727,1.814000,0.897500,0,0.071529,0.071365,1.734000,0.999500,0,-0.093463,0.079474,1.724000,0.999500,0
874,29.154072,1,0.112704,-0.370512,1.799000,0.999900,0,-0.185539,-0.362844,1.820000,0.999800,0,0.180807,-0.154163,1.799000,0.928700,0,-0.334371,-0.185103,1.783000,0.888700,0,0.220089,0.040496,1.758000,0.874900,0,-0.517769,-0.094309,1.788000,0.899400,0,0.068477,0.071160,1.729000,0.999500,0,-0.094005,0.079935,1.734000,0.999600,0
875,29.187429,1,0.110448,-0.363098,1.763000,0.999900,0,-0.189571,-0.364837,1.830000,0.999800,0,0.176686,-0.150650,1.758000,0.931000,0,-0.356398,-0.196654,1.836000,0.888500,0,0.219463,0.040380,1.753000,0.878000,0,-0.513424,-0.102294,1.724000,0.893300,0,0.071735,0.071571,1.739000,0.999500,0,-0.094276,0.083030,1.739000,0.999600,0
876,29.220787,1,0.113643,-0.373601,1.814000,0.999900,0,-0.190192,-0.363009,1.836000,0.999800,0,0.183923,-0.156820,1.830000,0.930000,0,-0.360270,-0.198482,1.825000,0.887800,0,0.217711,0.040058,1.739000,0.875400,0,-0.570151,-0.122818,1.863000,0.888600,0,0.070333,0.072981,1.705000,0.999500,0,-0.097418,0.086142,1.744000,0.999600,0
877,29.254144,1,0.114332,-0.375867,1.825000,0.999900,0,-0.190899,-0.358659,1.814000,0.999800,0,0.178696,-0.149434,1.778000,0.929800,0,-0.376773,-0.203918,1.847000,0.888300,0,0.215833,0.039712,1.724000,0.874900,0,-0.564623,-0.131860,1.778000,0.883400,0,0.070745,0.079059,1.715000,0.999500,0,-0.098620,0.084710,1.715000,0.999600,0
878,29.287502,1,0.112390,-0.369482,1.794000,1.000000,0,-0.189320,-0.355694,1.799000,0.999800,0,0.180304,-0.153735,1.794000,0.932100,0,-0.377256,-0.203935,1.820000,0.889600,0,0.221967,0.020395,1.773000,0.880600,0,-0.584756,-0.154592,1.804000,0.881000,0,0.071735,0.083030,1.739000,0.999500,0,-0.100000,0.088760,1.739000,0.999500,0
879,29.320859,1,0.113017,-0.371542,1.804000,1.000000,0,-0.189846,-0.356682,1.804000,0.999800,0,0.182315,-0.155449,1.814000,0.930600,0,-0.386617,-0.211777,1.836000,0.889100,0,0.221967,0.020395,1.773000,0.877000,0,-0.583819,-0.173353,1.783000,0.874000,0,0.070745,0.081885,1.715000,0.999500,0,-0.100000,0.091625,1.739000,0.999500,0
880,29.354217,1,0.113330,-0.372571,1.809000,1.000000,0,-0.193506,-0.352530,1.783000,0.999800,0,0.179701,-0.153220,1.788000,0.932500,0,-0.398053,-0.225217,1.847000,0.887400,0,0.220715,0.028993,1.763000,0.880500,0,-0.573482,-0.191442,1.734000,0.868900,0,0.066201,0.089015,1.744000,0.999500,0,-0.103158,0.094761,1.744000,0.999500,0
881,29.387574,1,0.111701,-0.367217,1.783000,0.999900,0,-0.200452,-0.365184,1.847000,0.999800,0,0.180807,-0.154163,1.799000,0.930200,0,-0.404568,-0.236375,1.863000,0.877300,0,0.220715,0.031898,1.763000,0.879800,0,-0.584314,-0.211469,1.758000,0.853900,0,0.065631,0.091098,1.729000,0.999400,0,-0.102271,0.102492,1.729000,0.999400,0
882,29.420932,1,0.111701,-0.367217,1.783000,0.999900,0,-0.198754,-0.356682,1.804000,0.999800,0,0.179701,-0.150275,1.788000,0.931400,0,-0.393631,-0.240110,1.799000,0.874700,0,0.215833,0.039712,1.724000,0.882900,0,-0.583867,-0.230423,1.748000,0.852200,0,0.065631,0.093946,1.729000,0.999400,0,-0.101739,0.101958,1.720000,0.999400,0
883,29.454290,1,0.109822,-0.358150,1.753000,0.999900,0,-0.195890,-0.348612,1.778000,0.999800,0,0.181310,-0.148648,1.804000,0.927800,0,-0.411324,-0.256337,1.852000,0.873800,0,0.223845,0.052969,1.788000,0.876800,0,-0.592217,-0.248323,1.773000,0.856700,0,0.066814,0.097223,1.687000,0.999400,0,-0.099255,0.107761,1.678000,0.999400,0
884,29.487647,1,0.114646,-0.373882,1.830000,0.999900,0,-0.209551,-0.367435,1.874000,0.999700,0,0.177691,-0.145681,1.768000,0.930300,0,-0.397110,-0.253370,1.788000,0.872700,0,0.219463,0.051932,1.753000,0.883300,0,-0.597228,-0.253370,1.788000,0.861400,0,0.068121,0.099124,1.720000,0.999300,0,-0.104813,0.110716,1.724000,0.999300,0
885,29.521004,1,0.111545,-0.363769,1.780500,0.999900,0,-0.201164,-0.352730,1.799000,0.999700,0,0.181310,-0.145676,1.804000,0.928700,0,-0.402514,-0.260856,1.799000,0.873800,0,0.215833,0.053913,1.724000,0.882200,0,-0.602184,-0.266042,1.794000,0.866400,0,0.061914,0.098260,1.705000,0.999300,0,-0.107651,0.110716,1.724000,0.999300,0
886,29.554361,1,0.112704,-0.367548,1.799000,0.999900,0,-0.204693,-0.353710,1.804000,0.999700,0,0.185300,-0.146483,1.814000,0.927500,0,-0.405475,-0.263819,1.799000,0.874600,0,0.221714,0.054663,1.748000,0.880800,0,-0.591779,-0.267253,1.763000,0.868900,0,0.065441,0.099355,1.724000,0.999300,0,-0.106464,0.109495,1.705000,0.999300,0
887,29.587718,1,0.112704,-0.367548,1.799000,0.999900,0,-0.201175,-0.347632,1.773000,0.999700,0,0.182644,-0.144384,1.788000,0.926500,0,-0.411911,-0.269979,1.841000,0.873800,0,0.222349,0.054820,1.753000,0.881700,0,-0.611256,-0.280424,1.830000,0.872900,0,0.067112,0.101891,1.768000,0.999200,0,-0.105340,0.108339,1.687000,0.999200,0
888,29.621075,1,0.114646,-0.373882,1.830000,0.999900,0,-0.202310,-0.349593,1.783000,0.999700,0,0.186424,-0.147372,1.825000,0.927500,0,-0.394459,-0.258540,1.763000,0.873600,0,0.219305,0.056918,1.729000,0.885200,0,-0.604242,-0.280187,1.809000,0.877000,0,0.066011,0.103084,1.739000,0.999200,0,-0.110232,0.110459,1.720000,0.999200,0
889,29.654432,1,0.110448,-0.357289,1.763000,0.999900,0,-0.209572,-0.362141,1.847000,0.999700,0,0.181112,-0.143173,1.773000,0.928800,0,-0.407212,-0.266899,1.820000,0.874100,0,0.220573,0.057247,1.739000,0.888300,0,-0.593887,-0.278314,1.778000,0.879800,0,0.053809,0.101662,1.715000,0.999200,0,-0.121003,0.112578,1.753000,0.999100,0
890,29.687789,1,0.113017,-0.365598,1.804000,0.999900,0,-0.202877,-0.350573,1.788000,0.999700,0,0.178558,-0.141154,1.748000,0.929700,0,-0.409450,-0.268365,1.830000,0.872100,0,0.219939,0.051369,1.734000,0.892800,0,-0.609586,-0.285671,1.825000,0.881300,0,0.056929,0.099355,1.724000,0.999200,0,-0.120213,0.106436,1.701000,0.999100,0
891,29.721146,1,0.111388,-0.360329,1.778000,0.999900,0,-0.205260,-0.354691,1.809000,0.999700,0,0.183768,-0.145272,1.799000,0.928000,0,-0.407729,-0.265286,1.809000,0.870400,0,0.221207,0.051665,1.744000,0.889600,0,-0.608244,-0.289469,1.830000,0.878800,0,0.058051,0.101314,1.758000,0.999100,0,-0.120036,0.108814,1.739000,0.999100,0
892,29.754502,1,0.112547,-0.364078,1.796500,0.999900,0,-0.208891,-0.360965,1.841000,0.999700,0,0.183420,-0.150378,1.825000,0.927200,0,-0.418773,-0.275532,1.858000,0.871100,0,0.224596,0.044280,1.794000,0.890600,0,-0.589299,-0.283373,1.773000,0.882700,0,0.055112,0.096185,1.669000,0.999100,0,-0.120381,0.109127,1.744000,0.999000,0
893,29.787860,1,0.111701,-0.361342,1.783000,0.999900,0,-0.201743,-0.348612,1.778000,0.999700,0,0.183768,-0.145272,1.799000,0.923800,0,-0.413814,-0.272270,1.836000,0.871500,0,0.224251,0.049464,1.768000,0.883800,0,-0.608244,-0.295498,1.830000,0.883500,0,0.062277,0.101662,1.715000,0.999100,0,-0.115894,0.113292,1.720000,0.999000,0
894,29.821217,1,0.109509,-0.354249,1.748000,0.999900,0,-0.207076,-0.357828,1.825000,0.999700,0,0.184279,-0.148648,1.804000,0.928200,0,-0.396234,-0.260703,1.758000,0.873100,0,0.222983,0.037599,1.758000,0.892500,0,-0.574675,-0.282038,1.729000,0.888800,0,0.055872,0.100298,1.692000,0.999100,0,-0.116500,0.113885,1.729000,0.999000,0
895,29.854573,1,0.110762,-0.358302,1.768000,0.999900,0,-0.208891,-0.360965,1.841000,0.999700,0,0.182134,-0.146917,1.783000,0.926700,0,-0.408855,-0.269007,1.814000,0.873900,0,0.218163,0.036787,1.720000,0.891500,0,-0.608244,-0.304542,1.830000,0.890100,0,0.065441,0.099355,1.724000,0.999000,0,-0.112405,0.109816,1.710000,0.998900,0
896,29.887930,1,0.110448,-0.357289,1.763000,0.999900,0,-0.205260,-0.354691,1.809000,0.999700,0,0.183257,-0.147824,1.794000,0.927500,0,-0.406602,-0.267525,1.804000,0.873900,0,0.226154,0.049883,1.783000,0.889300,0,-0.587637,-0.302962,1.768000,0.890000,0,0.067368,0.098030,1.701000,0.999000,0,-0.112667,0.112899,1.758000,0.998900,0
897,29.921288,1,0.112014,-0.365301,1.788000,0.999900,0,-0.205827,-0.355671,1.814000,0.999600,0,0.182134,-0.146917,1.783000,0.927600,0,-0.401395,-0.266042,1.794000,0.872700,0,0.222593,0.049743,1.778000,0.889900,0,-0.589299,-0.318424,1.773000,0.890500,0,0.066814,0.097223,1.687000,0.999000,0,-0.108117,0.108339,1.687000,0.998900,0
898,29.954645,1,0.111701,-0.364279,1.783000,0.999900,0,-0.204125,-0.352730,1.799000,0.999600,0,0.179701,-0.147329,1.788000,0.925000,0,-0.400663,-0.267525,1.804000,0.873700,0,0.220715,0.046419,1.763000,0.887100,0,-0.588399,-0.335845,1.788000,0.895000,0,0.064910,0.098548,1.710000,0.999000,0,-0.109911,0.110138,1.715000,0.998900,0
899,29.988001,1,0.111075,-0.362236,1.773000,0.999900,0,-0.201723,-0.353710,1.804000,0.999600,0,0.180304,-0.147824,1.794000,0.925100,0,-0.388281,-0.265152,1.788000,0.875000,0,0.219939,0.039943,1.734000,0.890800,0,-0.558537,-0.346652,1.768000,0.902900,0,0.065100,0.098836,1.715000,0.999000,0,-0.108587,0.111679,1.739000,0.998900,0
900,30.021358,1,0.112671,-0.377355,1.847000,0.999900,0,-0.195339,-0.347632,1.773000,0.999600,0,0.182315,-0.155449,1.814000,0.926400,0,-0.382848,-0.267525,1.804000,0.875000,0,0.218670,0.028352,1.724000,0.896500,0,-0.522110,-0.354268,1.734000,0.911000,0,0.068477,0.093946,1.729000,0.998900,0,-0.103962,0.104182,1.710000,0.998900,0
901,30.054716,1,0.110353,-0.372571,1.809000,0.999900,0,-0.195890,-0.348612,1.778000,0.999600,0,0.181812,-0.155020,1.809000,0.926800,0,-0.377773,-0.263086,1.794000,0.869900,0,0.221714,0.031626,1.748000,0.899600,0,-0.520712,-0.380029,1.788000,0.917500,0,0.067724,0.087280,1.710000,0.998900,0,-0.102123,0.102343,1.726500,0.998800,0
902,30.088073,1,0.107375,-0.375552,1.809000,0.999900,0,-0.198203,-0.355694,1.799000,0.999600,0,0.183923,-0.162849,1.830000,0.930000,0,-0.375864,-0.263819,1.799000,0.862200,0,0.220573,0.020004,1.739000,0.907100,0,-0.483609,-0.381730,1.729000,0.924500,0,0.064910,0.084463,1.710000,0.998900,0,-0.102863,0.097355,1.739000,0.998800,0
903,30.121429,1,0.107672,-0.376590,1.814000,0.999900,0,-0.199305,-0.354691,1.809000,0.999700,0,0.177691,-0.160244,1.768000,0.931700,0,-0.375864,-0.266783,1.799000,0.858100,0,0.224078,0.020062,1.744000,0.914000,0,-0.558353,-0.452633,2.020000,0.931500,0,0.071766,0.077123,1.673000,0.998800,0,-0.099138,0.096515,1.724000,0.998700,0
904,30.154787,1,0.106782,-0.376439,1.799000,0.999900,0,-0.198754,-0.353710,1.804000,0.999700,0,0.180807,-0.163054,1.799000,0.934300,0,-0.373940,-0.267525,1.804000,0.857600,0,0.227804,0.020395,1.773000,0.921100,0,-0.473903,-0.401336,1.778000,0.937900,0,0.079444,0.079290,1.720000,0.998800,0,-0.096077,0.093457,1.720000,0.998700,0
905,30.188144,1,0.107078,-0.377486,1.804000,0.999900,0,-0.192584,-0.342730,1.748000,0.999700,0,0.179701,-0.162057,1.788000,0.937000,0,-0.359455,-0.259220,1.748000,0.853300,0,0.223435,0.014274,1.739000,0.927600,0,-0.472703,-0.419103,1.830000,0.943400,0,0.078974,0.078812,1.773000,0.998800,0,-0.099138,0.090835,1.724000,0.998600,0
906,30.221500,1,0.101454,-0.367860,1.758000,0.999900,0,-0.194788,-0.346652,1.768000,0.999700,0,0.178194,-0.160698,1.773000,0.939500,0,-0.357748,-0.262186,1.768000,0.851700,0,0.223435,0.017139,1.739000,0.933500,0,-0.465403,-0.414951,1.825000,0.948500,0,0.075144,0.074989,1.687000,0.998800,0,-0.095798,0.090360,1.715000,0.998600,0
907,30.254858,1,0.104109,-0.377486,1.804000,0.999900,0,-0.195339,-0.347632,1.773000,0.999700,0,0.179701,-0.162057,1.788000,0.941400,0,-0.361795,-0.265152,1.788000,0.850300,0,0.225234,0.014389,1.753000,0.938600,0,-0.458346,-0.423234,1.809000,0.953000,0,0.075945,0.075789,1.705000,0.998700,0,-0.097641,0.092099,1.748000,0.998500,0
908,30.288215,1,0.103532,-0.375393,1.794000,0.999900,0,-0.195890,-0.348612,1.778000,0.999700,0,0.180304,-0.162601,1.794000,0.942200,0,-0.358759,-0.262927,1.773000,0.850700,0,0.227161,0.011600,1.768000,0.942600,0,-0.439637,-0.408406,1.758000,0.957100,0,0.078151,0.075212,1.692000,0.998700,0,-0.092502,0.087252,1.656000,0.998500,0
909,30.321572,1,0.104398,-0.378532,1.809000,0.999900,0,-0.199856,-0.355671,1.814000,0.999700,0,0.176686,-0.159338,1.758000,0.941200,0,-0.366044,-0.268266,1.809000,0.846500,0,0.227161,0.011600,1.768000,0.945200,0,-0.437985,-0.412472,1.763000,0.960700,0,0.077689,0.074767,1.682000,0.998700,0,-0.095798,0.090360,1.715000,0.998500,0
910,30.354929,1,0.102897,-0.373091,1.783000,0.999900,0,-0.196991,-0.350573,1.788000,0.999700,0,0.180304,-0.159646,1.794000,0.940600,0,-0.359771,-0.263669,1.778000,0.843100,0,0.219305,0.022737,1.729000,0.947500,0,-0.430781,-0.408544,1.734000,0.963900,0,0.078752,0.075789,1.705000,0.998700,0,-0.096077,0.090624,1.720000,0.998500,0
911,30.388286,1,0.104686,-0.379578,1.814000,0.999900,0,-0.195890,-0.348612,1.778000,0.999700,0,0.180304,-0.159646,1.794000,0.942400,0,-0.353701,-0.259220,1.748000,0.841800,0,0.224251,0.023250,1.768000,0.951000,0,-0.458854,-0.438210,1.847000,0.966800,0,0.080091,0.077078,1.734000,0.998700,0,-0.096580,0.091098,1.729000,0.998500,0
912,30.421643,1,0.105610,-0.382926,1.830000,0.999900,0,-0.201619,-0.358808,1.830000,0.999800,0,0.182315,-0.161425,1.814000,0.943600,0,-0.367056,-0.269007,1.814000,0.840500,0,0.224078,0.028681,1.744000,0.953800,0,-0.452146,-0.434803,1.820000,0.969400,0,0.080322,0.077301,1.739000,0.998700,0,-0.097418,0.091888,1.744000,0.998500,0
913,30.455000,1,0.102320,-0.370999,1.773000,0.999900,0,-0.201068,-0.357828,1.825000,0.999800,0,0.180304,-0.159646,1.794000,0.944500,0,-0.360783,-0.264410,1.783000,0.838100,0,0.226788,0.029404,1.788000,0.956700,0,-0.449890,-0.426822,1.799000,0.971800,0,0.081431,0.078368,1.763000,0.998700,0,-0.097138,0.091625,1.739000,0.998400,0
914,30.488359,1,0.103821,-0.376439,1.799000,1.000000,0,-0.196991,-0.350573,1.788000,0.999800,0,0.181812,-0.158000,1.809000,0.944700,0,-0.361678,-0.268769,1.773000,0.836900,0,0.228817,0.029667,1.804000,0.959100,0,-0.463144,-0.442447,1.852000,0.974000,0,0.078151,0.077999,1.692000,0.998700,0,-0.097528,0.092153,1.696000,0.998400,0
915,30.521719,1,0.101454,-0.367860,1.758000,1.000000,0,-0.197652,-0.351749,1.794000,0.999800,0,0.180304,-0.159646,1.794000,0.945100,0,-0.368001,-0.276440,1.804000,0.835800,0,0.223617,0.026089,1.763000,0.961400,0,-0.439637,-0.419991,1.758000,0.975800,0,0.078567,0.078414,1.701000,0.998700,0,-0.099138,0.093675,1.724000,0.998400,0
916,30.555078,1,0.103186,-0.374138,1.788000,1.000000,0,-0.196991,-0.350573,1.788000,0.999800,0,0.175279,-0.155196,1.744000,0.945600,0,-0.359638,-0.270158,1.763000,0.835600,0,0.215833,0.022672,1.724000,0.963200,0,-0.461894,-0.441253,1.847000,0.977600,0,0.076257,0.076109,1.651000,0.998700,0,-0.099138,0.093675,1.724000,0.998400,0
917,30.588438,1,0.102609,-0.372045,1.778000,1.000000,0,-0.197652,-0.351749,1.794000,0.999800,0,0.178696,-0.155293,1.778000,0.945400,0,-0.365961,-0.277863,1.794000,0.835600,0,0.227549,0.023592,1.794000,0.964600,0,-0.460393,-0.439819,1.841000,0.979100,0,0.079214,0.081885,1.715000,0.998700,0,-0.097815,0.095227,1.701000,0.998400,0
918,30.621798,1,0.103532,-0.375393,1.794000,1.000000,0,-0.197652,-0.351749,1.794000,0.999800,0,0.180807,-0.157127,1.799000,0.945900,0,-0.369021,-0.280187,1.809000,0.833600,0,0.221967,0.023316,1.773000,0.966500,0,-0.443388,-0.423574,1.773000,0.980500,0,0.081200,0.083938,1.758000,0.998700,0,-0.098333,0.095731,1.710000,0.998400,0
919,30.655157,1,0.103186,-0.374138,1.788000,1.000000,0,-0.199856,-0.355671,1.814000,0.999800,0,0.180807,-0.157127,1.799000,0.946600,0,-0.374529,-0.284369,1.836000,0.833700,0,0.217711,0.022869,1.739000,0.968000,0,-0.458137,-0.434803,1.820000,0.981900,0,0.075544,0.080977,1.696000,0.998700,0,-0.103158,0.097635,1.744000,0.998400,0
920,30.688517,1,0.102032,-0.369953,1.768000,1.000000,0,-0.199375,-0.349593,1.783000,0.999800,0,0.180304,-0.156690,1.794000,0.945500,0,-0.375549,-0.288176,1.841000,0.830800,0,0.217711,0.025734,1.739000,0.968900,0,-0.459396,-0.435997,1.825000,0.982900,0,0.073540,0.078829,1.651000,0.998700,0,-0.099491,0.094164,1.682000,0.998300,0
921,30.721877,1,0.102032,-0.369953,1.768000,1.000000,0,-0.202842,-0.355671,1.814000,0.999800,0,0.175681,-0.152672,1.748000,0.944100,0,-0.370971,-0.285356,1.804000,0.828800,0,0.215833,0.025512,1.724000,0.969700,0,-0.477855,-0.469212,1.886000,0.984000,0,0.078083,0.083699,1.753000,0.998600,0,-0.100852,0.095451,1.705000,0.998300,0
922,30.755237,1,0.103532,-0.375393,1.794000,1.000000,0,-0.196580,-0.344691,1.758000,0.999800,0,0.180304,-0.156690,1.794000,0.942900,0,-0.372522,-0.287909,1.783000,0.825700,0,0.215332,0.025453,1.720000,0.970300,0,-0.445767,-0.434880,1.748000,0.984800,0,0.075767,0.084018,1.701000,0.998600,0,-0.101443,0.098836,1.715000,0.998300,0
923,30.788596,1,0.107375,-0.375552,1.809000,1.000000,0,-0.202842,-0.355671,1.814000,0.999800,0,0.176184,-0.150221,1.753000,0.942300,0,-0.377773,-0.298551,1.794000,0.822100,0,0.218337,0.031554,1.744000,0.971200,0,-0.461854,-0.447777,1.788000,0.985600,0,0.080091,0.088505,1.734000,0.998600,0,-0.097920,0.103914,1.753000,0.998200,0
924,30.821956,1,0.106485,-0.372438,1.794000,0.999900,0,-0.202283,-0.354691,1.809000,0.999700,0,0.179701,-0.150275,1.788000,0.941800,0,-0.369053,-0.292263,1.739000,0.816900,0,0.223219,0.058695,1.783000,0.971900,0,-0.464797,-0.447777,1.788000,0.986300,0,0.080553,0.094761,1.744000,0.998500,0,-0.094005,0.108501,1.734000,0.998200,0
925,30.855316,1,0.103754,-0.362888,1.748000,0.999900,0,-0.212635,-0.370522,1.874000,0.999800,0,0.176184,-0.147333,1.753000,0.940900,0,-0.373840,-0.302415,1.748000,0.818600,0,0.217196,0.060768,1.758000,0.973000,0,-0.447780,-0.425989,1.701000,0.987300,0,0.076858,0.090415,1.664000,0.998500,0,-0.094276,0.108814,1.739000,0.998100,0
926,30.888676,1,0.107375,-0.375552,1.809000,0.999900,0,-0.197139,-0.348576,1.763000,0.999800,0,0.178696,-0.143576,1.778000,0.941200,0,-0.378118,-0.308788,1.768000,0.812100,0,0.213083,0.063302,1.748000,0.974000,0,-0.463508,-0.435505,1.739000,0.987700,0,0.077014,0.093946,1.729000,0.998500,0,-0.097418,0.109127,1.744000,0.998100,0
927,30.922036,1,0.104942,-0.367040,1.768000,0.999900,0,-0.199375,-0.352530,1.783000,0.999700,0,0.180304,-0.144868,1.794000,0.935100,0,-0.382395,-0.309335,1.788000,0.804700,0,0.212010,0.063846,1.763000,0.971100,0,-0.461275,-0.413746,1.720000,0.988100,0,0.067112,0.096066,1.768000,0.998500,0,-0.100319,0.103329,1.696000,0.998100,0
928,30.955396,1,0.106129,-0.371192,1.788000,0.999900,0,-0.193337,-0.341853,1.729000,0.999800,0,0.180304,-0.144868,1.794000,0.924800,0,-0.379187,-0.306740,1.773000,0.799000,0,0.211409,0.063665,1.758000,0.965300,0,-0.456179,-0.395164,1.701000,0.988500,0,0.071529,0.097075,1.734000,0.998400,0,-0.102567,0.111358,1.734000,0.998100,0
929,30.988755,1,0.105535,-0.369116,1.778000,0.999900,0,-0.202842,-0.361648,1.814000,0.999800,0,0.178194,-0.140252,1.773000,0.919800,0,-0.385817,-0.318047,1.804000,0.793000,0,0.213213,0.072970,1.773000,0.962600,0,-0.487657,-0.414795,1.785500,0.988600,0,0.070539,0.098548,1.710000,0.998400,0,-0.103158,0.112000,1.744000,0.998100,0
930,31.022115,1,0.105472,-0.356095,1.729000,0.999900,0,-0.202283,-0.360651,1.809000,0.999800,0,0.177189,-0.139461,1.763000,0.919500,0,-0.373840,-0.311054,1.748000,0.787400,0,0.210807,0.069259,1.753000,0.963400,0,-0.470178,-0.395164,1.701000,0.988600,0,0.069824,0.101603,1.763000,0.998400,0,-0.110398,0.113541,1.768000,0.998100,0
931,31.055475,1,0.111024,-0.374837,1.820000,0.999900,0,-0.203558,-0.357660,1.794000,0.999800,0,0.179199,-0.138105,1.783000,0.915400,0,-0.394389,-0.328660,1.830000,0.777900,0,0.209124,0.065841,1.739000,0.962600,0,-0.464509,-0.378109,1.651000,0.988200,0,0.067368,0.098030,1.701000,0.998400,0,-0.112347,0.109690,1.753000,0.998100,0
932,31.088835,1,0.111634,-0.376897,1.830000,0.999900,0,-0.208324,-0.369058,1.836000,0.999800,0,0.174287,-0.136556,1.763000,0.908400,0,-0.394389,-0.331675,1.830000,0.767000,0,0.223811,0.072539,1.836000,0.956300,0,-0.482516,-0.384290,1.715000,0.987100,0,0.067368,0.098030,1.701000,0.998400,0,-0.112026,0.112257,1.748000,0.998100,0
933,31.122195,1,0.106936,-0.361038,1.753000,0.999900,0,-0.209572,-0.374312,1.847000,0.999800,0,0.180807,-0.139345,1.799000,0.902800,0,-0.396554,-0.332434,1.785500,0.767100,0,0.221129,0.074658,1.814000,0.954400,0,-0.481109,-0.380353,1.710000,0.987100,0,0.065290,0.099124,1.720000,0.998400,0,-0.117927,0.115211,1.794000,0.998100,0
934,31.155555,1,0.108767,-0.367217,1.783000,0.999900,0,-0.201743,-0.360329,1.778000,0.999800,0,0.172409,-0.135085,1.744000,0.894600,0,-0.389336,-0.329271,1.753000,0.768600,0,0.207921,0.068311,1.729000,0.951600,0,-0.476045,-0.376349,1.692000,0.987700,0,0.062604,0.099355,1.724000,0.998300,0,-0.119465,0.113862,1.773000,0.998100,0
935,31.188915,1,0.110048,-0.371542,1.804000,0.999900,0,-0.202877,-0.362355,1.788000,0.999800,0,0.176264,-0.138105,1.783000,0.883400,0,-0.400663,-0.338851,1.804000,0.766600,0,0.209124,0.071571,1.739000,0.945600,0,-0.481092,-0.382577,1.720000,0.987900,0,0.059281,0.098548,1.710000,0.998300,0,-0.118117,0.112578,1.753000,0.998100,0
936,31.222275,1,0.112000,-0.378132,1.836000,0.999900,0,-0.205820,-0.362355,1.788000,0.999800,0,0.179329,-0.140507,1.814000,0.880700,0,-0.410213,-0.346927,1.847000,0.763800,0,0.210807,0.072147,1.753000,0.944400,0,-0.467945,-0.372123,1.673000,0.987500,0,0.059940,0.102492,1.729000,0.998300,0,-0.118035,0.109816,1.710000,0.998100,0
937,31.255635,1,0.109438,-0.369482,1.794000,0.999900,0,-0.211346,-0.372083,1.836000,0.999800,0,0.178835,-0.140119,1.809000,0.876100,0,-0.411990,-0.348430,1.855000,0.755900,0,0.211409,0.069457,1.758000,0.943400,0,-0.505985,-0.402373,1.809000,0.986500,0,0.059281,0.101365,1.710000,0.998200,0,-0.118380,0.110138,1.715000,0.998100,0
938,31.288995,1,0.108919,-0.367732,1.785500,0.999900,0,-0.205827,-0.367624,1.814000,0.999800,0,0.179329,-0.140507,1.814000,0.873100,0,-0.393064,-0.334906,1.783000,0.744700,0,0.215738,0.070879,1.794000,0.942400,0,-0.493119,-0.392141,1.763000,0.985500,0,0.058657,0.097511,1.692000,0.998200,0,-0.122383,0.110941,1.773000,0.998100,0
939,31.322356,1,0.109438,-0.366527,1.794000,0.999900,0,-0.200041,-0.357289,1.763000,0.999800,0,0.176759,-0.135547,1.788000,0.863300,0,-0.409598,-0.352054,1.858000,0.736300,0,0.216339,0.074040,1.799000,0.932500,0,-0.476896,-0.382049,1.705000,0.984300,0,0.058796,0.100535,1.696000,0.998200,0,-0.115220,0.109816,1.710000,0.998100,0
940,31.355716,1,0.111329,-0.372860,1.825000,0.999900,0,-0.210139,-0.375326,1.852000,0.999800,0,0.175276,-0.134410,1.773000,0.870300,0,-0.386848,-0.332089,1.768000,0.742400,0,0.216339,0.077004,1.799000,0.937300,0,-0.485339,-0.384290,1.715000,0.985200,0,0.055542,0.099705,1.682000,0.998200,0,-0.118791,0.113220,1.763000,0.998100,0
941,31.389076,1,0.109072,-0.365301,1.788000,0.999900,0,-0.201175,-0.359315,1.773000,0.999800,0,0.175770,-0.134789,1.778000,0.868200,0,-0.379408,-0.328559,1.734000,0.738300,0,0.212611,0.075677,1.768000,0.934700,0,-0.484176,-0.381153,1.701000,0.984400,0,0.057589,0.103381,1.744000,0.998300,0,-0.117780,0.112257,1.748000,0.998100,0
942,31.422436,1,0.109438,-0.366527,1.794000,0.999900,0,-0.208891,-0.373096,1.841000,0.999800,0,0.177846,-0.136381,1.799000,0.866700,0,-0.401070,-0.347317,1.833000,0.726600,0,0.216941,0.080190,1.804000,0.934100,0,-0.504671,-0.397286,1.773000,0.983400,0,0.057589,0.103381,1.744000,0.998300,0,-0.120036,0.111679,1.739000,0.998100,0
943,31.455796,1,0.108767,-0.364279,1.783000,0.999900,0,-0.203558,-0.363571,1.794000,0.999800,0,0.176759,-0.135547,1.788000,0.859000,0,-0.392537,-0.339928,1.794000,0.720200,0,0.213814,0.079034,1.778000,0.927100,0,-0.486976,-0.381153,1.701000,0.982500,0,0.056004,0.100535,1.696000,0.998300,0,-0.117780,0.112257,1.748000,0.998200,0
944,31.489156,1,0.108462,-0.363258,1.778000,0.999900,0,-0.207076,-0.369854,1.825000,0.999800,0,0.178340,-0.133788,1.804000,0.859200,0,-0.401726,-0.344861,1.836000,0.712400,0,0.219300,0.082932,1.799000,0.927600,0,-0.480191,-0.378016,1.687000,0.982100,0,0.059766,0.102195,1.724000,0.998300,0,-0.120476,0.114826,1.788000,0.998100,0
945,31.522516,1,0.112305,-0.376129,1.841000,0.999900,0,-0.202310,-0.361342,1.783000,0.999800,0,0.180807,-0.133417,1.799000,0.859200,0,-0.404568,-0.349933,1.863000,0.702100,0,0.217350,0.082194,1.783000,0.927000,0,-0.481615,-0.379136,1.692000,0.980600,0,0.061914,0.101069,1.705000,0.998300,0,-0.114883,0.109495,1.705000,0.998200,0
946,31.555876,1,0.109072,-0.365301,1.788000,0.999900,0,-0.202842,-0.367624,1.814000,0.999800,0,0.176686,-0.133273,1.758000,0.864100,0,-0.393312,-0.342795,1.825000,0.701700,0,0.212010,0.078368,1.763000,0.929700,0,-0.494992,-0.387427,1.729000,0.979800,0,0.063330,0.103381,1.744000,0.998300,0,-0.119128,0.110629,1.768000,0.998200,0
947,31.589236,1,0.109438,-0.366527,1.794000,0.999900,0,-0.199375,-0.361342,1.783000,0.999800,0,0.181812,-0.137139,1.809000,0.862200,0,-0.402071,-0.353126,1.880000,0.699400,0,0.212611,0.078590,1.768000,0.925800,0,-0.485545,-0.380033,1.696000,0.979000,0,0.060286,0.103084,1.739000,0.998400,0,-0.118791,0.110316,1.763000,0.998300,0
