frame,time_s,live_mask,tag_0,tag_1,tag_2,tag_3,tag_4,tag_5,tag_6
0,0.0,115,0,0,1,1,0,0,0
1,0.0333,115,0,0,1,1,0,0,0
2,0.0667,115,0,0,1,1,0,0,0
3,0.1,115,0,0,1,1,0,0,0
4,0.1334,115,0,0,1,1,0,0,0
5,0.1668,115,0,0,1,1,0,0,0
6,0.2001,115,0,0,1,1,0,0,0
7,0.2335,115,0,0,2,2,0,0,0
8,0.2668,115,0,0,2,2,0,0,0
9,0.3002,123,0,0,2,0,0,0,0
10,0.3335,127,0,0,0,0,0,0,0
11,0.3669,127,0,0,0,0,0,0,0
12,0.4002,127,0,0,0,0,0,0,0
13,0.4336,127,0,0,0,0,0,0,0
14,0.4669,127,0,0,0,0,0,0,0
15,0.5003,127,0,0,0,0,0,0,0
16,0.5336,127,0,0,0,0,0,0,0
17,0.567,127,0,0,0,0,0,0,0
18,0.6003,127,0,0,0,0,0,0,0
19,0.6337,127,0,0,0,0,0,0,0
20,0.667,127,0,0,0,0,0,0,0
21,0.7004,127,0,0,0,0,0,0,0
22,0.7338,127,0,0,0,0,0,0,0
23,0.7671,127,0,0,0,0,0,0,0
24,0.8005,127,0,0,0,0,0,0,0
25,0.8338,127,0,0,0,0,0,0,0
26,0.8672,127,0,0,0,0,0,0,0
27,0.9005,127,0,0,0,0,0,0,0
28,0.9339,127,0,0,0,0,0,0,0
29,0.9672,127,0,0,0,0,0,0,0
30,1.0006,127,0,0,0,0,0,0,0
31,1.0339,127,0,0,0,0,0,0,0
32,1.0673,127,0,0,0,0,0,0,0
33,1.1006,127,0,0,0,0,0,0,0
34,1.134,127,0,0,0,0,0,0,0
35,1.1673,127,0,0,0,0,0,0,0
36,1.2007,127,0,0,0,0,0,0,0
37,1.234,127,0,0,0,0,0,0,0
38,1.2674,127,0,0,0,0,0,0,0
39,1.3007,127,0,0,0,0,0,0,0
40,1.3341,127,0,0,0,0,0,0,0
41,1.3675,127,0,0,0,0,0,0,0
42,1.4008,127,0,0,0,0,0,0,0
43,1.4342,127,0,0,0,0,0,0,0
44,1.4675,127,0,0,0,0,0,0,0
45,1.5009,127,0,0,0,0,0,0,0
46,1.5342,127,0,0,0,0,0,0,0
47,1.5676,127,0,0,0,0,0,0,0
48,1.6009,127,0,0,0,0,0,0,0
49,1.6343,127,0,0,0,0,0,0,0
50,1.6676,127,0,0,0,0,0,0,0
51,1.701,127,0,0,0,0,0,0,0
52,1.7343,127,0,0,0,0,0,0,0
53,1.7677,127,0,0,0,0,0,0,0
54,1.801,127,0,0,0,0,0,0,0
55,1.8344,127,0,0,0,0,0,0,0
56,1.8677,127,0,0,0,0,0,0,0
57,1.9011,127,0,0,0,0,0,0,0
58,1.9345,127,0,0,0,0,0,0,0
59,1.9678,127,0,0,0,0,0,0,0
60,2.0012,127,0,0,0,0,0,0,0
61,2.0345,127,0,0,0,0,0,0,0
62,2.0679,127,0,0,0,0,0,0,0
63,2.1012,127,0,0,0,0,0,0,0
64,2.1346,127,0,0,0,0,0,0,0
65,2.1679,127,0,0,0,0,0,0,0
66,2.2013,127,0,0,0,0,0,0,0
67,2.2346,127,0,0,0,0,0,0,0
68,2.268,127,0,0,0,0,0,0,0
69,2.3013,127,0,0,0,0,0,0,0
70,2.3347,127,0,0,0,0,0,0,0
71,2.3681,127,0,0,0,0,0,0,0
72,2.4014,127,0,0,0,0,0,0,0
73,2.4348,127,0,0,0,0,0,0,0
74,2.4681,127,0,0,0,0,0,0,0
75,2.5015,127,0,0,0,0,0,0,0
76,2.5348,127,0,0,0,0,0,0,0
77,2.5682,127,0,0,0,0,0,0,0
78,2.6015,127,0,0,0,0,0,0,0
79,2.6349,127,0,0,0,0,0,0,0
80,2.6682,127,0,0,0,0,0,0,0
81,2.7016,127,0,0,0,0,0,0,0
82,2.7349,127,0,0,0,0,0,0,0
83,2.7683,127,0,0,0,0,0,0,0
84,2.8017,127,0,0,0,0,0,0,0
85,2.835,127,0,0,0,0,0,0,0
86,2.8684,127,0,0,0,0,0,0,0
87,2.9017,127,0,0,0,0,0,0,0
88,2.9351,127,0,0,0,0,0,0,0
89,2.9684,127,0,0,0,0,0,0,0
90,3.0018,127,0,0,0,0,0,0,0
91,3.0351,127,0,0,0,0,0,0,0
92,3.0685,127,0,0,0,0,0,0,0
93,3.1018,127,0,0,0,0,0,0,0
94,3.1352,127,0,0,0,0,0,0,0
95,3.1685,127,0,0,0,0,0,0,0
96,3.2019,127,0,0,0,0,0,0,0
97,3.2353,127,0,0,0,0,0,0,0
98,3.2686,127,0,0,0,0,0,0,0
99,3.302,127,0,0,0,0,0,0,0
100,3.3353,127,0,0,0,0,0,0,0
101,3.3687,127,0,0,0,0,0,0,0
102,3.402,127,0,0,0,0,0,0,0
103,3.4354,127,0,0,0,0,0,0,0
104,3.4687,127,0,0,0,0,0,0,0
105,3.5021,127,0,0,0,0,0,0,0
106,3.5354,127,0,0,0,0,0,0,0
107,3.5688,127,0,0,0,0,0,0,0
108,3.6022,127,0,0,0,0,0,0,0
109,3.6355,127,0,0,0,0,0,0,0
110,3.6689,127,0,0,0,0,0,0,0
111,3.7022,127,0,0,0,0,0,0,0
112,3.7356,127,0,0,0,0,0,0,0
113,3.7689,127,0,0,0,0,0,0,0
114,3.8023,127,0,0,0,0,0,0,0
115,3.8356,127,0,0,0,0,0,0,0
116,3.869,127,0,0,0,0,0,0,0
117,3.9023,127,0,0,0,0,0,0,0
118,3.9357,127,0,0,0,0,0,0,0
119,3.9691,127,0,0,0,0,0,0,0
120,4.0024,127,0,0,0,0,0,0,0
121,4.0358,127,0,0,0,0,0,0,0
122,4.0691,127,0,0,0,0,0,0,0
123,4.1025,127,0,0,0,0,0,0,0
124,4.1358,127,0,0,0,0,0,0,0
125,4.1692,127,0,0,0,0,0,0,0
126,4.2025,127,0,0,0,0,0,0,0
127,4.2359,127,0,0,0,0,0,0,0
128,4.2692,127,0,0,0,0,0,0,0
129,4.3026,127,0,0,0,0,0,0,0
130,4.336,127,0,0,0,0,0,0,0
131,4.3693,127,0,0,0,0,0,0,0
132,4.4027,127,0,0,0,0,0,0,0
133,4.436,127,0,0,0,0,0,0,0
134,4.4694,127,0,0,0,0,0,0,0
135,4.5027,127,0,0,0,0,0,0,0
136,4.5361,127,0,0,0,0,0,0,0
137,4.5694,127,0,0,0,0,0,0,0
138,4.6028,127,0,0,0,0,0,0,0
139,4.6361,127,0,0,0,0,0,0,0
140,4.6695,127,0,0,0,0,0,0,0
141,4.7029,127,0,0,0,0,0,0,0
142,4.7362,127,0,0,0,0,0,0,0
143,4.7696,127,0,0,0,0,0,0,0
144,4.8029,127,0,0,0,0,0,0,0
145,4.8363,127,0,0,0,0,0,0,0
146,4.8696,127,0,0,0,0,0,0,0
147,4.903,127,0,0,0,0,0,0,0
148,4.9363,127,0,0,0,0,0,0,0
149,4.9697,127,0,0,0,0,0,0,0
150,5.0031,127,0,0,0,0,0,0,0
151,5.0364,127,0,0,0,0,0,0,0
152,5.0698,127,0,0,0,0,0,0,0
153,5.1031,127,0,0,0,0,0,0,0
154,5.1365,127,0,0,0,0,0,0,0
155,5.1698,127,0,0,0,0,0,0,0
156,5.2032,127,0,0,0,0,0,0,0
157,5.2365,127,0,0,0,0,0,0,0
158,5.2699,127,0,0,0,0,0,0,0
159,5.3032,127,0,0,0,0,0,0,0
160,5.3366,127,0,0,0,0,0,0,0
161,5.37,127,0,0,0,0,0,0,0
162,5.4033,127,0,0,0,0,0,0,0
163,5.4367,127,0,0,0,0,0,0,0
164,5.47,127,0,0,0,0,0,0,0
165,5.5034,127,0,0,0,0,0,0,0
166,5.5367,127,0,0,0,0,0,0,0
167,5.5701,127,0,0,0,0,0,0,0
168,5.6034,127,0,0,0,0,0,0,0
169,5.6368,127,0,0,0,0,0,0,0
170,5.6702,127,0,0,0,0,0,0,0
171,5.7035,127,0,0,0,0,0,0,0
172,5.7369,127,0,0,0,0,0,0,0
173,5.7702,127,0,0,0,0,0,0,0
174,5.8036,127,0,0,0,0,0,0,0
175,5.8369,127,0,0,0,0,0,0,0
176,5.8703,127,0,0,0,0,0,0,0
177,5.9036,127,0,0,0,0,0,0,0
178,5.937,127,0,0,0,0,0,0,0
179,5.9703,127,0,0,0,0,0,0,0
180,6.0037,127,0,0,0,0,0,0,0
181,6.0371,127,0,0,0,0,0,0,0
182,6.0704,127,0,0,0,0,0,0,0
183,6.1038,127,0,0,0,0,0,0,0
184,6.1371,127,0,0,0,0,0,0,0
185,6.1705,127,0,0,0,0,0,0,0
186,6.2038,127,0,0,0,0,0,0,0
187,6.2372,127,0,0,0,0,0,0,0
188,6.2705,127,0,0,0,0,0,0,0
189,6.3039,127,0,0,0,0,0,0,0
190,6.3373,127,0,0,0,0,0,0,0
191,6.3706,127,0,0,0,0,0,0,0
192,6.404,127,0,0,0,0,0,0,0
193,6.4373,127,0,0,0,0,0,0,0
194,6.4707,127,0,0,0,0,0,0,0
195,6.504,127,0,0,0,0,0,0,0
196,6.5374,127,0,0,0,0,0,0,0
197,6.5707,127,0,0,0,0,0,0,0
198,6.6041,127,0,0,0,0,0,0,0
199,6.6374,127,0,0,0,0,0,0,0
200,6.6708,127,0,0,0,0,0,0,0
201,6.7042,127,0,0,0,0,0,0,0
202,6.7375,127,0,0,0,0,0,0,0
203,6.7709,127,0,0,0,0,0,0,0
204,6.8042,127,0,0,0,0,0,0,0
205,6.8376,127,0,0,0,0,0,0,0
206,6.8709,127,0,0,0,0,0,0,0
207,6.9043,127,0,0,0,0,0,0,0
208,6.9376,127,0,0,0,0,0,0,0
209,6.971,127,0,0,0,0,0,0,0
210,7.0043,127,0,0,0,0,0,0,0
211,7.0377,127,0,0,0,0,0,0,0
212,7.0711,127,0,0,0,0,0,0,0
213,7.1044,127,0,0,0,0,0,0,0
214,7.1378,127,0,0,0,0,0,0,0
215,7.1711,127,0,0,0,0,0,0,0
216,7.2045,127,0,0,0,0,0,0,0
217,7.2378,127,0,0,0,0,0,0,0
218,7.2712,127,0,0,0,0,0,0,0
219,7.3045,127,0,0,0,0,0,0,0
220,7.3379,127,0,0,0,0,0,0,0
221,7.3713,127,0,0,0,0,0,0,0
222,7.4046,127,0,0,0,0,0,0,0
223,7.438,127,0,0,0,0,0,0,0
224,7.4713,127,0,0,0,0,0,0,0
225,7.5047,127,0,0,0,0,0,0,0
226,7.538,127,0,0,0,0,0,0,0
227,7.5714,127,0,0,0,0,0,0,0
228,7.6047,127,0,0,0,0,0,0,0
229,7.6381,127,0,0,0,0,0,0,0
230,7.6714,127,0,0,0,0,0,0,0
231,7.7048,127,0,0,0,0,0,0,0
232,7.7382,127,0,0,0,0,0,0,0
233,7.7715,127,0,0,0,0,0,0,0
234,7.8049,127,0,0,0,0,0,0,0
235,7.8382,127,0,0,0,0,0,0,0
236,7.8716,127,0,0,0,0,0,0,0
237,7.9049,127,0,0,0,0,0,0,0
238,7.9383,127,0,0,0,0,0,0,0
239,7.9716,127,0,0,0,0,0,0,0
240,8.005,127,0,0,0,0,0,0,0
241,8.0383,127,0,0,0,0,0,0,0
242,8.0717,127,0,0,0,0,0,0,0
243,8.1051,127,0,0,0,0,0,0,0
244,8.1384,127,0,0,0,0,0,0,0
245,8.1718,127,0,0,0,0,0,0,0
246,8.2051,127,0,0,0,0,0,0,0
247,8.2385,127,0,0,0,0,0,0,0
248,8.2718,127,0,0,0,0,0,0,0
249,8.3052,127,0,0,0,0,0,0,0
250,8.3385,127,0,0,0,0,0,0,0
251,8.3719,127,0,0,0,0,0,0,0
252,8.4052,127,0,0,0,0,0,0,0
253,8.4386,127,0,0,0,0,0,0,0
254,8.4719,127,0,0,0,0,0,0,0
255,8.5053,127,0,0,0,0,0,0,0
256,8.5387,127,0,0,0,0,0,0,0
257,8.572,127,0,0,0,0,0,0,0
258,8.6054,127,0,0,0,0,0,0,0
259,8.6387,127,0,0,0,0,0,0,0
260,8.6721,127,0,0,0,0,0,0,0
261,8.7054,127,0,0,0,0,0,0,0
262,8.7388,127,0,0,0,0,0,0,0
263,8.7721,127,0,0,0,0,0,0,0
264,8.8055,127,0,0,0,0,0,0,0
265,8.8388,127,0,0,0,0,0,0,0
266,8.8722,127,0,0,0,0,0,0,0
267,8.9056,127,0,0,0,0,0,0,0
268,8.9389,127,0,0,0,0,0,0,0
269,8.9723,127,0,0,0,0,0,0,0
270,9.0056,127,0,0,0,0,0,0,0
271,9.039,127,0,0,0,0,0,0,0
272,9.0723,127,0,0,0,0,0,0,0
273,9.1057,127,0,0,0,0,0,0,0
274,9.139,127,0,0,0,0,0,0,0
275,9.1724,127,0,0,0,0,0,0,0
276,9.2057,127,0,0,0,0,0,0,0
277,9.2391,127,0,0,0,0,0,0,0
278,9.2724,127,0,0,0,0,0,0,0
279,9.3058,127,0,0,0,0,0,0,0
280,9.3392,123,0,0,1,0,0,0,0
281,9.3725,123,0,0,1,0,0,0,0
282,9.4059,123,0,0,1,0,0,0,0
283,9.4392,123,0,0,1,0,0,0,0
284,9.4726,123,0,0,1,0,0,0,0
285,9.5059,123,0,0,1,0,0,0,0
286,9.5393,123,0,0,1,0,0,0,0
287,9.5726,123,0,0,1,0,0,0,0
288,9.606,123,0,0,1,0,0,0,0
289,9.6393,123,0,0,1,0,0,0,0
290,9.6727,123,0,0,1,0,0,0,0
291,9.7061,123,0,0,1,0,0,0,0
292,9.7394,123,0,0,1,0,0,0,0
293,9.7728,123,0,0,1,0,0,0,0
294,9.8061,123,0,0,1,0,0,0,0
295,9.8395,123,0,0,1,0,0,0,0
296,9.8728,123,0,0,1,0,0,0,0
297,9.9062,123,0,0,1,0,0,0,0
298,9.9395,123,0,0,1,0,0,0,0
299,9.9729,123,0,0,1,0,0,0,0
300,10.0062,123,0,0,1,0,0,0,0
301,10.0396,123,0,0,1,0,0,0,0
302,10.0729,123,0,0,1,0,0,0,0
303,10.1063,123,0,0,1,0,0,0,0
304,10.1397,123,0,0,1,0,0,0,0
305,10.173,123,0,0,1,0,0,0,0
306,10.2064,123,0,0,1,0,0,0,0
307,10.2397,123,0,0,1,0,0,0,0
308,10.2731,123,0,0,1,0,0,0,0
309,10.3064,123,0,0,1,0,0,0,0
310,10.3398,123,0,0,1,0,0,0,0
311,10.3731,123,0,0,1,0,0,0,0
312,10.4065,123,0,0,1,0,0,0,0
313,10.4398,123,0,0,1,0,0,0,0
314,10.4732,123,0,0,1,0,0,0,0
315,10.5065,123,0,0,1,0,0,0,0
316,10.5399,123,0,0,1,0,0,0,0
317,10.5732,123,0,0,1,0,0,0,0
318,10.6066,123,0,0,1,0,0,0,0
319,10.64,123,0,0,1,0,0,0,0
320,10.6733,123,0,0,1,0,0,0,0
321,10.7067,123,0,0,1,0,0,0,0
322,10.74,123,0,0,1,0,0,0,0
323,10.7734,123,0,0,1,0,0,0,0
324,10.8067,123,0,0,1,0,0,0,0
325,10.8401,123,0,0,1,0,0,0,0
326,10.8734,123,0,0,1,0,0,0,0
327,10.9068,123,0,0,1,0,0,0,0
328,10.9401,123,0,0,1,0,0,0,0
329,10.9735,123,0,0,1,0,0,0,0
330,11.0069,123,0,0,1,0,0,0,0
331,11.0402,123,0,0,1,0,0,0,0
332,11.0736,123,0,0,1,0,0,0,0
333,11.1069,123,0,0,1,0,0,0,0
334,11.1403,123,0,0,1,0,0,0,0
335,11.1736,123,0,0,1,0,0,0,0
336,11.207,123,0,0,1,0,0,0,0
337,11.2403,123,0,0,1,0,0,0,0
338,11.2737,123,0,0,1,0,0,0,0
339,11.307,123,0,0,1,0,0,0,0
340,11.3404,123,0,0,1,0,0,0,0
341,11.3737,123,0,0,1,0,0,0,0
342,11.4071,123,0,0,1,0,0,0,0
343,11.4405,123,0,0,1,0,0,0,0
344,11.4738,123,0,0,1,0,0,0,0
345,11.5072,123,0,0,1,0,0,0,0
346,11.5405,123,0,0,1,0,0,0,0
347,11.5739,123,0,0,1,0,0,0,0
348,11.6073,123,0,0,1,0,0,0,0
349,11.6406,123,0,0,1,0,0,0,0
350,11.674,123,0,0,1,0,0,0,0
351,11.7074,123,0,0,1,0,0,0,0
352,11.7407,123,0,0,1,0,0,0,0
353,11.7741,123,0,0,1,0,0,0,0
354,11.8075,123,0,0,1,0,0,0,0
355,11.8409,123,0,0,1,0,0,0,0
356,11.8742,123,0,0,1,0,0,0,0
357,11.9076,123,0,0,1,0,0,0,0
358,11.941,123,0,0,1,0,0,0,0
359,11.9744,123,0,0,1,0,0,0,0
360,12.0077,123,0,0,1,0,0,0,0
361,12.0411,123,0,0,1,0,0,0,0
362,12.0745,123,0,0,1,0,0,0,0
363,12.1078,123,0,0,1,0,0,0,0
364,12.1412,123,0,0,1,0,0,0,0
365,12.1746,123,0,0,1,0,0,0,0
366,12.208,123,0,0,1,0,0,0,0
367,12.2413,123,0,0,1,0,0,0,0
368,12.2747,123,0,0,1,0,0,0,0
369,12.3081,123,0,0,1,0,0,0,0
370,12.3415,123,0,0,1,0,0,0,0
371,12.3748,123,0,0,1,0,0,0,0
372,12.4082,123,0,0,1,0,0,0,0
373,12.4416,123,0,0,1,0,0,0,0
374,12.475,123,0,0,1,0,0,0,0
375,12.5083,123,0,0,1,0,0,0,0
376,12.5417,123,0,0,1,0,0,0,0
377,12.5751,123,0,0,1,0,0,0,0
378,12.6084,123,0,0,1,0,0,0,0
379,12.6418,123,0,0,1,0,0,0,0
380,12.6752,123,0,0,1,0,0,0,0
381,12.7085,123,0,0,1,0,0,0,0
382,12.7419,123,0,0,1,0,0,0,0
383,12.7752,123,0,0,1,0,0,0,0
384,12.8086,123,0,0,1,0,0,0,0
385,12.8419,123,0,0,1,0,0,0,0
386,12.8753,123,0,0,1,0,0,0,0
387,12.9087,123,0,0,1,0,0,0,0
388,12.942,123,0,0,1,0,0,0,0
389,12.9754,123,0,0,1,0,0,0,0
390,13.0087,123,0,0,1,0,0,0,0
391,13.0421,123,0,0,1,0,0,0,0
392,13.0755,123,0,0,1,0,0,0,0
393,13.1088,123,0,0,1,0,0,0,0
394,13.1422,123,0,0,1,0,0,0,0
395,13.1755,123,0,0,1,0,0,0,0
396,13.2089,123,0,0,1,0,0,0,0
397,13.2422,123,0,0,1,0,0,0,0
398,13.2756,123,0,0,1,0,0,0,0
399,13.309,123,0,0,1,0,0,0,0
400,13.3423,123,0,0,1,0,0,0,0
401,13.3757,123,0,0,1,0,0,0,0
402,13.409,123,0,0,1,0,0,0,0
403,13.4424,123,0,0,1,0,0,0,0
404,13.4757,123,0,0,1,0,0,0,0
405,13.5091,123,0,0,1,0,0,0,0
406,13.5425,123,0,0,1,0,0,0,0
407,13.5758,123,0,0,1,0,0,0,0
408,13.6092,123,0,0,1,0,0,0,0
409,13.6425,123,0,0,1,0,0,0,0
410,13.6759,123,0,0,1,0,0,0,0
411,13.7093,123,0,0,1,0,0,0,0
412,13.7426,123,0,0,1,0,0,0,0
413,13.776,123,0,0,1,0,0,0,0
414,13.8093,123,0,0,1,0,0,0,0
415,13.8427,123,0,0,1,0,0,0,0
416,13.876,123,0,0,1,0,0,0,0
417,13.9094,123,0,0,1,0,0,0,0
418,13.9428,123,0,0,1,0,0,0,0
419,13.9761,123,0,0,1,0,0,0,0
420,14.0095,123,0,0,1,0,0,0,0
421,14.0428,123,0,0,1,0,0,0,0
422,14.0762,123,0,0,1,0,0,0,0
423,14.1095,123,0,0,1,0,0,0,0
424,14.1429,123,0,0,1,0,0,0,0
425,14.1763,123,0,0,1,0,0,0,0
426,14.2096,123,0,0,1,0,0,0,0
427,14.243,123,0,0,1,0,0,0,0
428,14.2763,123,0,0,1,0,0,0,0
429,14.3097,123,0,0,1,0,0,0,0
430,14.343,123,0,0,1,0,0,0,0
431,14.3764,123,0,0,1,0,0,0,0
432,14.4098,123,0,0,2,0,0,0,0
433,14.4431,127,0,0,0,0,0,0,0
434,14.4765,127,0,0,0,0,0,0,0
435,14.5098,127,0,0,0,0,0,0,0
436,14.5432,127,0,0,0,0,0,0,0
437,14.5765,127,0,0,0,0,0,0,0
438,14.6099,127,0,0,0,0,0,0,0
439,14.6433,127,0,0,0,0,0,0,0
440,14.6766,127,0,0,0,0,0,0,0
441,14.71,127,0,0,0,0,0,0,0
442,14.7433,127,0,0,0,0,0,0,0
443,14.7767,127,0,0,0,0,0,0,0
444,14.81,127,0,0,0,0,0,0,0
445,14.8434,127,0,0,0,0,0,0,0
446,14.8768,127,0,0,0,0,0,0,0
447,14.9101,127,0,0,0,0,0,0,0
448,14.9435,127,0,0,0,0,0,0,0
449,14.9768,127,0,0,0,0,0,0,0
450,15.0102,127,0,0,0,0,0,0,0
451,15.0435,127,0,0,0,0,0,0,0
452,15.0769,127,0,0,0,0,0,0,0
453,15.1103,127,0,0,0,0,0,0,0
454,15.1436,127,0,0,0,0,0,0,0
455,15.177,127,0,0,0,0,0,0,0
456,15.2103,127,0,0,0,0,0,0,0
457,15.2437,127,0,0,0,0,0,0,0
458,15.277,127,0,0,0,0,0,0,0
459,15.3104,127,0,0,0,0,0,0,0
460,15.3438,127,0,0,0,0,0,0,0
461,15.3771,127,0,0,0,0,0,0,0
462,15.4105,127,0,0,0,0,0,0,0
463,15.4438,127,0,0,0,0,0,0,0
464,15.4772,127,0,0,0,0,0,0,0
465,15.5106,127,0,0,0,0,0,0,0
466,15.5439,127,0,0,0,0,0,0,0
467,15.5773,127,0,0,0,0,0,0,0
468,15.6106,127,0,0,0,0,0,0,0
469,15.644,127,0,0,0,0,0,0,0
470,15.6773,127,0,0,0,0,0,0,0
471,15.7107,127,0,0,0,0,0,0,0
472,15.7441,127,0,0,0,0,0,0,0
473,15.7774,127,0,0,0,0,0,0,0
474,15.8108,127,0,0,0,0,0,0,0
475,15.8441,127,0,0,0,0,0,0,0
476,15.8775,127,0,0,0,0,0,0,0
477,15.9108,127,0,0,0,0,0,0,0
478,15.9442,127,0,0,0,0,0,0,0
479,15.9776,127,0,0,0,0,0,0,0
480,16.0109,127,0,0,0,0,0,0,0
481,16.0443,127,0,0,0,0,0,0,0
482,16.0776,127,0,0,0,0,0,0,0
483,16.111,127,0,0,0,0,0,0,0
484,16.1443,127,0,0,0,0,0,0,0
485,16.1777,127,0,0,0,0,0,0,0
486,16.2111,127,0,0,0,0,0,0,0
487,16.2444,127,0,0,0,0,0,0,0
488,16.2778,127,0,0,0,0,0,0,0
489,16.3111,127,0,0,0,0,0,0,0
490,16.3445,127,0,0,0,0,0,0,0
491,16.3778,127,0,0,0,0,0,0,0
492,16.4112,127,0,0,0,0,0,0,0
493,16.4446,127,0,0,0,0,0,0,0
494,16.4779,127,0,0,0,0,0,0,0
495,16.5113,127,0,0,0,0,0,0,0
496,16.5446,127,0,0,0,0,0,0,0
497,16.578,127,0,0,0,0,0,0,0
498,16.6113,127,0,0,0,0,0,0,0
499,16.6447,127,0,0,0,0,0,0,0
500,16.6781,127,0,0,0,0,0,0,0
501,16.7114,127,0,0,0,0,0,0,0
502,16.7448,127,0,0,0,0,0,0,0
503,16.7781,127,0,0,0,0,0,0,0
504,16.8115,127,0,0,0,0,0,0,0
505,16.8448,127,0,0,0,0,0,0,0
506,16.8782,127,0,0,0,0,0,0,0
507,16.9116,127,0,0,0,0,0,0,0
508,16.9449,127,0,0,0,0,0,0,0
509,16.9783,127,0,0,0,0,0,0,0
510,17.0116,127,0,0,0,0,0,0,0
511,17.045,127,0,0,0,0,0,0,0
512,17.0783,127,0,0,0,0,0,0,0
513,17.1117,127,0,0,0,0,0,0,0
514,17.1451,127,0,0,0,0,0,0,0
515,17.1784,127,0,0,0,0,0,0,0
516,17.2118,127,0,0,0,0,0,0,0
517,17.2451,127,0,0,0,0,0,0,0
518,17.2785,127,0,0,0,0,0,0,0
519,17.3119,127,0,0,0,0,0,0,0
520,17.3452,127,0,0,0,0,0,0,0
521,17.3786,127,0,0,0,0,0,0,0
522,17.4119,127,0,0,0,0,0,0,0
523,17.4453,127,0,0,0,0,0,0,0
524,17.4786,127,0,0,0,0,0,0,0
525,17.512,127,0,0,0,0,0,0,0
526,17.5454,127,0,0,0,0,0,0,0
527,17.5787,95,0,0,0,0,0,1,0
528,17.6121,95,0,0,0,0,0,1,0
529,17.6454,95,0,0,0,0,0,1,0
530,17.6788,95,0,0,0,0,0,1,0
531,17.7121,95,0,0,0,0,0,1,0
532,17.7455,95,0,0,0,0,0,1,0
533,17.7789,95,0,0,0,0,0,1,0
534,17.8122,95,0,0,0,0,0,1,0
535,17.8456,95,0,0,0,0,0,1,0
536,17.8789,95,0,0,0,0,0,1,0
537,17.9123,95,0,0,0,0,0,1,0
538,17.9457,95,0,0,0,0,0,1,0
539,17.979,95,0,0,0,0,0,1,0
540,18.0124,95,0,0,0,0,0,1,0
541,18.0457,95,0,0,0,0,0,1,0
542,18.0791,95,0,0,0,0,0,1,0
543,18.1124,95,0,0,0,0,0,1,0
544,18.1458,95,0,0,0,0,0,1,0
545,18.1792,95,0,0,0,0,0,1,0
546,18.2125,95,0,0,0,0,0,1,0
547,18.2459,95,0,0,0,0,0,1,0
548,18.2792,95,0,0,0,0,0,1,0
549,18.3126,95,0,0,0,0,0,1,0
550,18.3459,95,0,0,0,0,0,1,0
551,18.3793,95,0,0,0,0,0,1,0
552,18.4127,95,0,0,0,0,0,1,0
553,18.446,95,0,0,0,0,0,1,0
554,18.4794,95,0,0,0,0,0,1,0
555,18.5127,95,0,0,0,0,0,1,0
556,18.5461,95,0,0,0,0,0,1,0
557,18.5794,95,0,0,0,0,0,1,0
558,18.6128,95,0,0,0,0,0,1,0
559,18.6462,95,0,0,0,0,0,1,0
560,18.6795,95,0,0,0,0,0,1,0
561,18.7129,95,0,0,0,0,0,1,0
562,18.7462,95,0,0,0,0,0,1,0
563,18.7796,95,0,0,0,0,0,1,0
564,18.813,95,0,0,0,0,0,1,0
565,18.8463,95,0,0,0,0,0,1,0
566,18.8797,95,0,0,0,0,0,1,0
567,18.913,95,0,0,0,0,0,1,0
568,18.9464,95,0,0,0,0,0,1,0
569,18.9797,95,0,0,0,0,0,1,0
570,19.0131,95,0,0,0,0,0,1,0
571,19.0465,95,0,0,0,0,0,1,0
572,19.0798,95,0,0,0,0,0,1,0
573,19.1132,95,0,0,0,0,0,1,0
574,19.1465,95,0,0,0,0,0,1,0
575,19.1799,95,0,0,0,0,0,1,0
576,19.2132,95,0,0,0,0,0,1,0
577,19.2466,95,0,0,0,0,0,1,0
578,19.28,95,0,0,0,0,0,1,0
579,19.3133,95,0,0,0,0,0,1,0
580,19.3467,95,0,0,0,0,0,1,0
581,19.38,95,0,0,0,0,0,1,0
582,19.4134,95,0,0,0,0,0,1,0
583,19.4467,95,0,0,0,0,0,1,0
584,19.4801,95,0,0,0,0,0,1,0
585,19.5135,95,0,0,0,0,0,1,0
586,19.5468,95,0,0,0,0,0,1,0
587,19.5802,95,0,0,0,0,0,1,0
588,19.6135,95,0,0,0,0,0,1,0
589,19.6469,95,0,0,0,0,0,1,0
590,19.6802,95,0,0,0,0,0,1,0
591,19.7136,95,0,0,0,0,0,1,0
592,19.747,95,0,0,0,0,0,1,0
593,19.7803,95,0,0,0,0,0,1,0
594,19.8137,95,0,0,0,0,0,1,0
595,19.847,95,0,0,0,0,0,1,0
596,19.8804,95,0,0,0,0,0,1,0
597,19.9137,95,0,0,0,0,0,1,0
598,19.9471,95,0,0,0,0,0,1,0
599,19.9805,95,0,0,0,0,0,1,0
600,20.0138,95,0,0,0,0,0,1,0
601,20.0472,95,0,0,0,0,0,1,0
602,20.0805,95,0,0,0,0,0,1,0
603,20.1139,95,0,0,0,0,0,1,0
604,20.1472,95,0,0,0,0,0,1,0
605,20.1806,95,0,0,0,0,0,1,0
606,20.214,95,0,0,0,0,0,1,0
607,20.2473,95,0,0,0,0,0,1,0
608,20.2807,95,0,0,0,0,0,1,0
609,20.314,95,0,0,0,0,0,1,0
610,20.3474,95,0,0,0,0,0,1,0
611,20.3807,95,0,0,0,0,0,1,0
612,20.4141,95,0,0,0,0,0,1,0
613,20.4475,95,0,0,0,0,0,1,0
614,20.4808,95,0,0,0,0,0,1,0
615,20.5142,95,0,0,0,0,0,1,0
616,20.5475,95,0,0,0,0,0,1,0
617,20.5809,95,0,0,0,0,0,1,0
618,20.6143,95,0,0,0,0,0,1,0
619,20.6476,95,0,0,0,0,0,1,0
620,20.681,95,0,0,0,0,0,1,0
621,20.7143,95,0,0,0,0,0,1,0
622,20.7477,95,0,0,0,0,0,1,0
623,20.781,95,0,0,0,0,0,1,0
624,20.8144,95,0,0,0,0,0,1,0
625,20.8478,95,0,0,0,0,0,1,0
626,20.8811,95,0,0,0,0,0,1,0
627,20.9145,95,0,0,0,0,0,1,0
628,20.9478,95,0,0,0,0,0,1,0
629,20.9812,95,0,0,0,0,0,1,0
630,21.0145,95,0,0,0,0,0,1,0
631,21.0479,95,0,0,0,0,0,1,0
632,21.0813,95,0,0,0,0,0,1,0
633,21.1146,95,0,0,0,0,0,1,0
634,21.148,95,0,0,0,0,0,1,0
635,21.1813,95,0,0,0,0,0,1,0
636,21.2147,95,0,0,0,0,0,1,0
637,21.248,95,0,0,0,0,0,1,0
638,21.2814,95,0,0,0,0,0,1,0
639,21.3148,95,0,0,0,0,0,1,0
640,21.3481,95,0,0,0,0,0,1,0
641,21.3815,95,0,0,0,0,0,1,0
642,21.4148,95,0,0,0,0,0,1,0
643,21.4482,95,0,0,0,0,0,1,0
644,21.4815,72,2,2,2,0,2,1,0
645,21.5149,72,2,2,2,0,2,1,0
646,21.5483,92,2,2,0,0,0,1,0
647,21.5816,92,2,2,0,0,0,1,0
648,21.615,72,2,2,2,0,2,1,0
649,21.6483,72,2,2,2,0,2,1,0
650,21.6817,92,2,2,0,0,0,1,0
651,21.715,94,2,0,0,0,0,1,0
652,21.7484,94,2,0,0,0,0,1,0
653,21.7818,94,2,0,0,0,0,1,0
654,21.8151,94,2,0,0,0,0,1,0
655,21.8485,94,2,0,0,0,0,1,0
656,21.8818,94,2,0,0,0,0,1,0
657,21.9152,94,2,0,0,0,0,1,0
658,21.9486,94,2,0,0,0,0,1,0
659,21.9819,94,2,0,0,0,0,1,0
660,22.0153,94,2,0,0,0,0,1,0
661,22.0486,94,2,0,0,0,0,1,0
662,22.082,94,2,0,0,0,0,1,0
663,22.1153,94,2,0,0,0,0,1,0
664,22.1487,94,2,0,0,0,0,1,0
665,22.1821,94,2,0,0,0,0,1,0
666,22.2154,94,2,0,0,0,0,1,0
667,22.2488,94,2,0,0,0,0,1,0
668,22.2821,94,2,0,0,0,0,1,0
669,22.3155,94,2,0,0,0,0,1,0
670,22.3488,94,2,0,0,0,0,1,0
671,22.3822,94,2,0,0,0,0,1,0
672,22.4156,94,2,0,0,0,0,1,0
673,22.4489,94,2,0,0,0,0,1,0
674,22.4823,94,2,0,0,0,0,1,0
675,22.5156,94,2,0,0,0,0,1,0
676,22.549,94,2,0,0,0,0,1,0
677,22.5823,94,2,0,0,0,0,1,0
678,22.6157,94,2,0,0,0,0,1,0
679,22.6491,94,2,0,0,0,0,1,0
680,22.6824,94,2,0,0,0,0,1,0
681,22.7158,94,2,0,0,0,0,1,0
682,22.7491,94,2,0,0,0,0,1,0
683,22.7825,94,2,0,0,0,0,1,0
684,22.8158,94,2,0,0,0,0,1,0
685,22.8492,94,2,0,0,0,0,1,0
686,22.8826,94,2,0,0,0,0,1,0
687,22.9159,94,2,0,0,0,0,1,0
688,22.9493,94,2,0,0,0,0,1,0
689,22.9826,94,2,0,0,0,0,1,0
690,23.016,94,2,0,0,0,0,1,0
691,23.0493,94,2,0,0,0,0,1,0
692,23.0827,94,2,0,0,0,0,1,0
693,23.1161,94,2,0,0,0,0,1,0
694,23.1494,94,2,0,0,0,0,1,0
695,23.1828,94,2,0,0,0,0,1,0
696,23.2161,94,2,0,0,0,0,1,0
697,23.2495,94,2,0,0,0,0,1,0
698,23.2829,94,2,0,0,0,0,1,0
699,23.3162,94,2,0,0,0,0,1,0
700,23.3496,94,2,0,0,0,0,1,0
701,23.3829,94,2,0,0,0,0,1,0
702,23.4163,94,2,0,0,0,0,1,0
703,23.4496,94,2,0,0,0,0,1,0
704,23.483,94,2,0,0,0,0,1,0
705,23.5164,94,2,0,0,0,0,1,0
706,23.5497,94,2,0,0,0,0,1,0
707,23.5831,94,2,0,0,0,0,1,0
708,23.6164,94,2,0,0,0,0,1,0
709,23.6498,94,2,0,0,0,0,1,0
710,23.6831,94,2,0,0,0,0,1,0
711,23.7165,94,2,0,0,0,0,1,0
712,23.7499,94,2,0,0,0,0,1,0
713,23.7832,94,2,0,0,0,0,1,0
714,23.8166,94,2,0,0,0,0,1,0
715,23.8499,94,2,0,0,0,0,1,0
716,23.8833,94,2,0,0,0,0,1,0
717,23.9166,94,2,0,0,0,0,1,0
718,23.95,94,2,0,0,0,0,1,0
719,23.9834,94,2,0,0,0,0,1,0
720,24.0167,94,2,0,0,0,0,1,0
721,24.0501,94,2,0,0,0,0,1,0
722,24.0834,94,2,0,0,0,0,1,0
723,24.1168,94,2,0,0,0,0,1,0
724,24.1501,94,2,0,0,0,0,1,0
725,24.1835,94,2,0,0,0,0,1,0
726,24.2169,94,2,0,0,0,0,1,0
727,24.2502,94,2,0,0,0,0,1,0
728,24.2836,94,2,0,0,0,0,1,0
729,24.3169,94,2,0,0,0,0,1,0
730,24.3503,94,2,0,0,0,0,1,0
731,24.3836,94,2,0,0,0,0,1,0
732,24.417,94,2,0,0,0,0,1,0
733,24.4504,94,2,0,0,0,0,1,0
734,24.4837,94,2,0,0,0,0,1,0
735,24.5171,94,2,0,0,0,0,1,0
736,24.5504,94,2,0,0,0,0,1,0
737,24.5838,94,2,0,0,0,0,1,0
738,24.6171,94,2,0,0,0,0,1,0
739,24.6505,94,2,0,0,0,0,1,0
740,24.6839,94,2,0,0,0,0,1,0
741,24.7172,94,2,0,0,0,0,1,0
742,24.7506,94,2,0,0,0,0,1,0
743,24.7839,94,2,0,0,0,0,1,0
744,24.8173,94,2,0,0,0,0,1,0
745,24.8506,94,2,0,0,0,0,1,0
746,24.884,94,2,0,0,0,0,1,0
747,24.9174,94,2,0,0,0,0,1,0
748,24.9507,94,2,0,0,0,0,1,0
749,24.9841,94,2,0,0,0,0,1,0
750,25.0174,94,2,0,0,0,0,1,0
751,25.0508,94,2,0,0,0,0,1,0
752,25.0841,94,2,0,0,0,0,1,0
753,25.1175,94,2,0,0,0,0,1,0
754,25.1509,94,2,0,0,0,0,1,0
755,25.1842,94,2,0,0,0,0,1,0
756,25.2176,94,2,0,0,0,0,1,0
757,25.2509,94,2,0,0,0,0,1,0
758,25.2843,94,2,0,0,0,0,1,0
759,25.3176,94,2,0,0,0,0,1,0
760,25.351,94,2,0,0,0,0,1,0
761,25.3844,94,2,0,0,0,0,1,0
762,25.4177,94,2,0,0,0,0,1,0
763,25.4511,94,2,0,0,0,0,1,0
764,25.4844,94,2,0,0,0,0,1,0
765,25.5178,94,2,0,0,0,0,1,0
766,25.5512,94,2,0,0,0,0,1,0
767,25.5845,94,2,0,0,0,0,1,0
768,25.6179,94,2,0,0,0,0,1,0
769,25.6512,94,2,0,0,0,0,1,0
770,25.6846,94,2,0,0,0,0,1,0
771,25.7179,94,2,0,0,0,0,1,0
772,25.7513,94,2,0,0,0,0,1,0
773,25.7847,94,2,0,0,0,0,1,0
774,25.818,94,2,0,0,0,0,1,0
775,25.8514,94,2,0,0,0,0,1,0
776,25.8847,94,2,0,0,0,0,1,0
777,25.9181,94,2,0,0,0,0,1,0
778,25.9514,94,2,0,0,0,0,1,0
779,25.9848,94,2,0,0,0,0,1,0
780,26.0182,94,2,0,0,0,0,1,0
781,26.0515,94,2,0,0,0,0,1,0
782,26.0849,94,2,0,0,0,0,1,0
783,26.1183,94,2,0,0,0,0,1,0
784,26.1516,94,2,0,0,0,0,1,0
785,26.185,94,2,0,0,0,0,1,0
786,26.2184,94,2,0,0,0,0,1,0
787,26.2518,94,2,0,0,0,0,1,0
788,26.2852,94,2,0,0,0,0,1,0
789,26.3186,94,2,0,0,0,0,1,0
790,26.352,94,2,0,0,0,0,1,0
791,26.3854,94,2,0,0,0,0,1,0
792,26.4188,94,2,0,0,0,0,1,0
793,26.4521,94,2,0,0,0,0,1,0
794,26.4855,94,2,0,0,0,0,1,0
795,26.5189,94,2,0,0,0,0,1,0
796,26.5523,94,2,0,0,0,0,1,0
797,26.5857,94,2,0,0,0,0,1,0
798,26.6191,94,2,0,0,0,0,1,0
799,26.6525,94,2,0,0,0,0,1,0
800,26.6859,94,2,0,0,0,0,1,0
801,26.7193,94,2,0,0,0,0,1,0
802,26.7527,94,2,0,0,0,0,1,0
803,26.7861,94,2,0,0,0,0,1,0
804,26.8194,94,2,0,0,0,0,1,0
805,26.8528,94,2,0,0,0,0,1,0
806,26.8862,94,2,0,0,0,0,1,0
807,26.9196,94,2,0,0,0,0,1,0
808,26.953,94,2,0,0,0,0,1,0
809,26.9864,94,2,0,0,0,0,1,0
810,27.0198,94,2,0,0,0,0,1,0
811,27.0532,94,2,0,0,0,0,1,0
812,27.0866,94,2,0,0,0,0,1,0
813,27.1199,94,2,0,0,0,0,1,0
814,27.1533,94,2,0,0,0,0,1,0
815,27.1867,94,2,0,0,0,0,1,0
816,27.22,94,2,0,0,0,0,1,0
817,27.2534,94,2,0,0,0,0,1,0
818,27.2867,94,2,0,0,0,0,1,0
819,27.3201,94,2,0,0,0,0,1,0
820,27.3534,94,2,0,0,0,0,1,0
821,27.3868,94,2,0,0,0,0,1,0
822,27.4201,94,2,0,0,0,0,1,0
823,27.4535,94,2,0,0,0,0,1,0
824,27.4868,94,2,0,0,0,0,1,0
825,27.5202,94,2,0,0,0,0,1,0
826,27.5535,94,2,0,0,0,0,1,0
827,27.5869,94,2,0,0,0,0,2,0
828,27.6203,94,2,0,0,0,0,2,0
829,27.6536,126,2,0,0,0,0,0,0
830,27.687,126,2,0,0,0,0,0,0
831,27.7203,126,2,0,0,0,0,0,0
832,27.7537,126,2,0,0,0,0,0,0
833,27.787,126,2,0,0,0,0,0,0
834,27.8204,126,2,0,0,0,0,0,0
835,27.8537,126,2,0,0,0,0,0,0
836,27.8871,126,2,0,0,0,0,0,0
837,27.9204,126,2,0,0,0,0,0,0
838,27.9538,126,2,0,0,0,0,0,0
839,27.9871,126,2,0,0,0,0,0,0
840,28.0205,126,2,0,0,0,0,0,0
841,28.0539,126,2,0,0,0,0,0,0
842,28.0872,126,2,0,0,0,0,0,0
843,28.1206,126,2,0,0,0,0,0,0
844,28.1539,126,2,0,0,0,0,0,0
845,28.1873,126,2,0,0,0,0,0,0
846,28.2206,126,2,0,0,0,0,0,0
847,28.254,126,2,0,0,0,0,0,0
848,28.2873,126,2,0,0,0,0,0,0
849,28.3207,126,2,0,0,0,0,0,0
850,28.354,126,2,0,0,0,0,0,0
851,28.3874,126,2,0,0,0,0,0,0
852,28.4208,126,2,0,0,0,0,0,0
853,28.4541,126,2,0,0,0,0,0,0
854,28.4875,126,2,0,0,0,0,0,0
855,28.5208,126,2,0,0,0,0,0,0
856,28.5542,126,2,0,0,0,0,0,0
857,28.5875,126,2,0,0,0,0,0,0
858,28.6209,126,2,0,0,0,0,0,0
859,28.6542,126,2,0,0,0,0,0,0
860,28.6876,126,2,0,0,0,0,0,0
861,28.7209,126,2,0,0,0,0,0,0
862,28.7543,126,2,0,0,0,0,0,0
863,28.7876,126,2,0,0,0,0,0,0
864,28.821,126,2,0,0,0,0,0,0
865,28.8543,126,2,0,0,0,0,0,0
866,28.8877,126,2,0,0,0,0,0,0
867,28.9211,126,2,0,0,0,0,0,0
868,28.9544,126,2,0,0,0,0,0,0
869,28.9878,126,2,0,0,0,0,0,0
870,29.0211,126,2,0,0,0,0,0,0
871,29.0545,126,2,0,0,0,0,0,0
872,29.0878,126,2,0,0,0,0,0,0
873,29.1212,126,2,0,0,0,0,0,0
874,29.1545,126,2,0,0,0,0,0,0
875,29.1879,126,2,0,0,0,0,0,0
876,29.2212,126,2,0,0,0,0,0,0
877,29.2546,126,2,0,0,0,0,0,0
878,29.288,126,2,0,0,0,0,0,0
879,29.3213,126,2,0,0,0,0,0,0
880,29.3547,126,2,0,0,0,0,0,0
881,29.388,126,2,0,0,0,0,0,0
882,29.4214,126,2,0,0,0,0,0,0
883,29.4547,126,2,0,0,0,0,0,0
884,29.4881,126,2,0,0,0,0,0,0
885,29.5214,126,2,0,0,0,0,0,0
886,29.5548,126,2,0,0,0,0,0,0
887,29.5881,126,2,0,0,0,0,0,0
888,29.6215,126,2,0,0,0,0,0,0
889,29.6548,126,2,0,0,0,0,0,0
890,29.6882,126,2,0,0,0,0,0,0
891,29.7216,126,2,0,0,0,0,0,0
892,29.7549,120,2,2,2,0,0,0,0
893,29.7883,124,2,2,0,0,0,0,0
894,29.8216,120,2,2,2,0,0,0,0
895,29.855,126,2,0,0,0,0,0,0
896,29.8883,126,2,0,0,0,0,0,0
897,29.9217,126,2,0,0,0,0,0,0
898,29.955,126,2,0,0,0,0,0,0
899,29.9884,126,2,0,0,0,0,0,0
900,30.0217,126,2,0,0,0,0,0,0
901,30.0551,126,2,0,0,0,0,0,0
902,30.0884,126,2,0,0,0,0,0,0
903,30.1218,126,2,0,0,0,0,0,0
904,30.1552,126,2,0,0,0,0,0,0
905,30.1885,126,2,0,0,0,0,0,0
906,30.2219,126,2,0,0,0,0,0,0
907,30.2552,126,2,0,0,0,0,0,0
908,30.2886,126,2,0,0,0,0,0,0
909,30.3219,126,2,0,0,0,0,0,0
910,30.3553,126,2,0,0,0,0,0,0
911,30.3886,126,2,0,0,0,0,0,0
912,30.422,126,2,0,0,0,0,0,0
913,30.4553,126,2,0,0,0,0,0,0
914,30.4887,126,2,0,0,0,0,0,0
915,30.5221,126,2,0,0,0,0,0,0
916,30.5554,126,2,0,0,0,0,0,0
917,30.5888,126,2,0,0,0,0,0,0
918,30.6221,126,2,0,0,0,0,0,0
919,30.6555,126,2,0,0,0,0,0,0
920,30.6888,126,2,0,0,0,0,0,0
921,30.7222,126,2,0,0,0,0,0,0
922,30.7555,126,2,0,0,0,0,0,0
923,30.7889,126,2,0,0,0,0,0,0
924,30.8222,126,2,0,0,0,0,0,0
925,30.8556,126,2,0,0,0,0,0,0
926,30.889,126,2,0,0,0,0,0,0
927,30.9223,126,2,0,0,0,0,0,0
928,30.9557,126,2,0,0,0,0,0,0
929,30.989,126,2,0,0,0,0,0,0
930,31.0224,126,2,0,0,0,0,0,0
931,31.0557,126,2,0,0,0,0,0,0
932,31.0891,126,2,0,0,0,0,0,0
933,31.1224,126,2,0,0,0,0,0,0
934,31.1558,126,2,0,0,0,0,0,0
935,31.1891,126,2,0,0,0,0,0,0
936,31.2225,126,2,0,0,0,0,0,0
937,31.2559,126,2,0,0,0,0,0,0
938,31.2892,126,2,0,0,0,0,0,0
939,31.3226,126,2,0,0,0,0,0,0
940,31.3559,126,2,0,0,0,0,0,0
941,31.3893,126,2,0,0,0,0,0,0
942,31.4226,126,2,0,0,0,0,0,0
943,31.456,126,2,0,0,0,0,0,0
944,31.4893,126,2,0,0,0,0,0,0
945,31.5227,126,2,0,0,0,0,0,0
946,31.556,126,2,0,0,0,0,0,0
947,31.5894,126,2,0,0,0,0,0,0
948,31.6228,126,2,0,0,0,0,0,0
949,31.6561,126,2,0,0,0,0,0,0
950,31.6895,126,2,0,0,0,0,0,0
951,31.7228,126,2,0,0,0,0,0,0
952,31.7562,126,2,0,0,0,0,0,0
953,31.7895,126,2,0,0,0,0,0,0
954,31.8229,126,2,0,0,0,0,0,0
955,31.8562,126,2,0,0,0,0,0,0
956,31.8896,126,2,0,0,0,0,0,0
957,31.9229,126,2,0,0,0,0,0,0
958,31.9563,126,2,0,0,0,0,0,0
959,31.9897,126,2,0,0,0,0,0,0
960,32.023,126,2,0,0,0,0,0,0
961,32.0564,126,2,0,0,0,0,0,0
962,32.0897,126,2,0,0,0,0,0,0
963,32.1231,126,2,0,0,0,0,0,0
964,32.1564,126,2,0,0,0,0,0,0
965,32.1898,126,2,0,0,0,0,0,0
966,32.2231,126,2,0,0,0,0,0,0
967,32.2565,126,2,0,0,0,0,0,0
968,32.2898,126,2,0,0,0,0,0,0
969,32.3232,126,2,0,0,0,0,0,0
970,32.3565,126,2,0,0,0,0,0,0
971,32.3899,126,2,0,0,0,0,0,0
972,32.4233,126,2,0,0,0,0,0,0
973,32.4566,126,2,0,0,0,0,0,0
974,32.49,126,2,0,0,0,0,0,0
975,32.5233,126,2,0,0,0,0,0,0
976,32.5567,126,2,0,0,0,0,0,0
977,32.59,126,2,0,0,0,0,0,0
978,32.6234,126,2,0,0,0,0,0,0
979,32.6567,126,2,0,0,0,0,0,0
980,32.6901,126,2,0,0,0,0,0,0
981,32.7234,126,2,0,0,0,0,0,0
982,32.7568,126,2,0,0,0,0,0,0
983,32.7901,126,2,0,0,0,0,0,0
984,32.8235,126,2,0,0,0,0,0,0
985,32.8569,126,2,0,0,0,0,0,0
986,32.8902,126,2,0,0,0,0,0,0
987,32.9236,126,2,0,0,0,0,0,0
988,32.9569,126,2,0,0,0,0,0,0
989,32.9903,126,2,0,0,0,0,0,0
990,33.0236,126,2,0,0,0,0,0,0
991,33.057,126,2,0,0,0,0,0,0
992,33.0903,126,2,0,0,0,0,0,0
993,33.1237,126,2,0,0,0,0,0,0
994,33.157,126,2,0,0,0,0,0,0
995,33.1904,126,2,0,0,0,0,0,0
996,33.2237,126,2,0,0,0,0,0,0
997,33.2571,126,2,0,0,0,0,0,0
998,33.2905,126,2,0,0,0,0,0,0
999,33.3238,126,2,0,0,0,0,0,0
1000,33.3572,126,2,0,0,0,0,0,0
1001,33.3905,126,2,0,0,0,0,0,0
1002,33.4239,126,2,0,0,0,0,0,0
1003,33.4572,126,2,0,0,0,0,0,0
1004,33.4906,126,2,0,0,0,0,0,0
1005,33.5239,126,2,0,0,0,0,0,0
1006,33.5573,126,2,0,0,0,0,0,0
1007,33.5906,126,2,0,0,0,0,0,0
1008,33.624,126,2,0,0,0,0,0,0
1009,33.6574,126,2,0,0,0,0,0,0
1010,33.6907,126,2,0,0,0,0,0,0
1011,33.7241,126,2,0,0,0,0,0,0
1012,33.7574,126,2,0,0,0,0,0,0
1013,33.7908,126,2,0,0,0,0,0,0
1014,33.8241,126,2,0,0,0,0,0,0
1015,33.8575,126,2,0,0,0,0,0,0
1016,33.8908,126,2,0,0,0,0,0,0
1017,33.9242,126,2,0,0,0,0,0,0
1018,33.9575,126,2,0,0,0,0,0,0
1019,33.9909,126,2,0,0,0,0,0,0
1020,34.0243,126,2,0,0,0,0,0,0
1021,34.0576,126,2,0,0,0,0,0,0
1022,34.091,126,2,0,0,0,0,0,0
1023,34.1243,126,2,0,0,0,0,0,0
1024,34.1577,126,2,0,0,0,0,0,0
1025,34.191,126,2,0,0,0,0,0,0
1026,34.2244,126,2,0,0,0,0,0,0
1027,34.2577,126,2,0,0,0,0,0,0
1028,34.2911,126,2,0,0,0,0,0,0
1029,34.3244,126,2,0,0,0,0,0,0
1030,34.3578,126,2,0,0,0,0,0,0
1031,34.3912,126,2,0,0,0,0,0,0
1032,34.4245,126,2,0,0,0,0,0,0
1033,34.4579,126,2,0,0,0,0,0,0
1034,34.4912,126,2,0,0,0,0,0,0
1035,34.5246,126,2,0,0,0,0,0,0
1036,34.5579,126,2,0,0,0,0,0,0
1037,34.5913,126,2,0,0,0,0,0,0
1038,34.6246,126,2,0,0,0,0,0,0
1039,34.658,126,2,0,0,0,0,0,0
1040,34.6913,126,2,0,0,0,0,0,0
1041,34.7247,126,2,0,0,0,0,0,0
1042,34.758,126,2,0,0,0,0,0,0
1043,34.7914,126,2,0,0,0,0,0,0
1044,34.8248,126,2,0,0,0,0,0,0
1045,34.8581,126,2,0,0,0,0,0,0
1046,34.8915,126,2,0,0,0,0,0,0
1047,34.9248,126,2,0,0,0,0,0,0
1048,34.9582,126,2,0,0,0,0,0,0
1049,34.9915,126,2,0,0,0,0,0,0
1050,35.0249,126,2,0,0,0,0,0,0
1051,35.0582,126,2,0,0,0,0,0,0
1052,35.0916,126,2,0,0,0,0,0,0
1053,35.1249,126,2,0,0,0,0,0,0
1054,35.1583,126,2,0,0,0,0,0,0
1055,35.1916,126,2,0,0,0,0,0,0
1056,35.225,126,2,0,0,0,0,0,0
1057,35.2584,126,2,0,0,0,0,0,0
1058,35.2917,72,2,2,2,0,2,2,0
1059,35.3251,92,2,2,0,0,0,2,0
1060,35.3584,72,2,2,2,0,2,2,0
1061,35.3918,73,0,2,2,0,2,2,0
1062,35.4251,127,0,0,0,0,0,0,0
1063,35.4585,127,0,0,0,0,0,0,0
1064,35.4918,127,0,0,0,0,0,0,0
1065,35.5252,127,0,0,0,0,0,0,0
1066,35.5585,127,0,0,0,0,0,0,0
1067,35.5919,127,0,0,0,0,0,0,0
1068,35.6253,127,0,0,0,0,0,0,0
1069,35.6586,127,0,0,0,0,0,0,0
1070,35.692,127,0,0,0,0,0,0,0
1071,35.7253,127,0,0,0,0,0,0,0
1072,35.7587,127,0,0,0,0,0,0,0
1073,35.792,127,0,0,0,0,0,0,0
1074,35.8254,127,0,0,0,0,0,0,0
1075,35.8587,127,0,0,0,0,0,0,0
1076,35.8921,127,0,0,0,0,0,0,0
1077,35.9254,127,0,0,0,0,0,0,0
1078,35.9588,127,0,0,0,0,0,0,0
1079,35.9922,127,0,0,0,0,0,0,0
1080,36.0255,127,0,0,0,0,0,0,0
1081,36.0589,127,0,0,0,0,0,0,0
1082,36.0922,127,0,0,0,0,0,0,0
1083,36.1256,127,0,0,0,0,0,0,0
1084,36.1589,127,0,0,0,0,0,0,0
1085,36.1923,127,0,0,0,0,0,0,0
1086,36.2256,127,0,0,0,0,0,0,0
1087,36.259,127,0,0,0,0,0,0,0
1088,36.2923,127,0,0,0,0,0,0,0
1089,36.3257,127,0,0,0,0,0,0,0
1090,36.359,127,0,0,0,0,0,0,0
1091,36.3924,127,0,0,0,0,0,0,0
1092,36.4258,127,0,0,0,0,0,0,0
1093,36.4591,127,0,0,0,0,0,0,0
1094,36.4925,127,0,0,0,0,0,0,0
1095,36.5258,127,0,0,0,0,0,0,0
1096,36.5592,127,0,0,0,0,0,0,0
1097,36.5925,127,0,0,0,0,0,0,0
1098,36.6259,127,0,0,0,0,0,0,0
1099,36.6592,127,0,0,0,0,0,0,0
1100,36.6926,127,0,0,0,0,0,0,0
1101,36.7259,127,0,0,0,0,0,0,0
1102,36.7593,127,0,0,0,0,0,0,0
1103,36.7926,127,0,0,0,0,0,0,0
1104,36.826,127,0,0,0,0,0,0,0
1105,36.8594,127,0,0,0,0,0,0,0
1106,36.8927,127,0,0,0,0,0,0,0
1107,36.9261,127,0,0,0,0,0,0,0
1108,36.9594,127,0,0,0,0,0,0,0
1109,36.9928,127,0,0,0,0,0,0,0
1110,37.0261,127,0,0,0,0,0,0,0
1111,37.0595,127,0,0,0,0,0,0,0
1112,37.0928,127,0,0,0,0,0,0,0
1113,37.1262,127,0,0,0,0,0,0,0
1114,37.1595,127,0,0,0,0,0,0,0
1115,37.1929,127,0,0,0,0,0,0,0
1116,37.2263,127,0,0,0,0,0,0,0
1117,37.2596,127,0,0,0,0,0,0,0
1118,37.293,127,0,0,0,0,0,0,0
1119,37.3263,127,0,0,0,0,0,0,0
1120,37.3597,127,0,0,0,0,0,0,0
1121,37.393,127,0,0,0,0,0,0,0
1122,37.4264,127,0,0,0,0,0,0,0
1123,37.4597,127,0,0,0,0,0,0,0
1124,37.4931,127,0,0,0,0,0,0,0
1125,37.5264,127,0,0,0,0,0,0,0
1126,37.5598,127,0,0,0,0,0,0,0
1127,37.5931,127,0,0,0,0,0,0,0
1128,37.6265,127,0,0,0,0,0,0,0
1129,37.6599,127,0,0,0,0,0,0,0
1130,37.6932,127,0,0,0,0,0,0,0
1131,37.7266,127,0,0,0,0,0,0,0
1132,37.7599,127,0,0,0,0,0,0,0
1133,37.7933,127,0,0,0,0,0,0,0
1134,37.8266,127,0,0,0,0,0,0,0
1135,37.86,127,0,0,0,0,0,0,0
1136,37.8933,127,0,0,0,0,0,0,0
1137,37.9267,127,0,0,0,0,0,0,0
1138,37.96,127,0,0,0,0,0,0,0
1139,37.9934,127,0,0,0,0,0,0,0
1140,38.0268,127,0,0,0,0,0,0,0
1141,38.0601,127,0,0,0,0,0,0,0
1142,38.0935,127,0,0,0,0,0,0,0
1143,38.1268,127,0,0,0,0,0,0,0
1144,38.1602,127,0,0,0,0,0,0,0
1145,38.1935,127,0,0,0,0,0,0,0
1146,38.2269,127,0,0,0,0,0,0,0
1147,38.2602,127,0,0,0,0,0,0,0
1148,38.2936,127,0,0,0,0,0,0,0
1149,38.3269,95,0,0,0,0,0,1,0
1150,38.3603,95,0,0,0,0,0,1,0
1151,38.3936,95,0,0,0,0,0,1,0
1152,38.427,95,0,0,0,0,0,1,0
1153,38.4604,127,0,0,0,0,0,0,0
1154,38.4937,127,0,0,0,0,0,0,0
1155,38.5271,31,0,0,0,0,0,2,2
1156,38.5604,15,0,0,0,0,2,2,2
1157,38.5938,15,0,0,0,0,2,2,2
1158,38.6271,15,0,0,0,0,2,2,2
1159,38.6605,15,0,0,0,0,2,2,2
1160,38.6938,15,0,0,0,0,2,2,2
1161,38.7272,15,0,0,0,0,2,2,2
1162,38.7605,15,0,0,0,0,2,2,2
1163,38.7939,15,0,0,0,0,2,2,2
1164,38.8273,15,0,0,0,0,2,2,2
1165,38.8606,15,0,0,0,0,2,2,2
1166,38.894,15,0,0,0,0,2,2,2
1167,38.9273,15,0,0,0,0,2,2,2
1168,38.9607,15,0,0,0,0,2,2,2
1169,38.994,15,0,0,0,0,2,2,2
1170,39.0274,15,0,0,0,0,2,2,2
1171,39.0607,15,0,0,0,0,2,2,2
1172,39.0941,15,0,0,0,0,2,2,2
1173,39.1274,15,0,0,0,0,2,2,2
1174,39.1608,15,0,0,0,0,2,2,2
1175,39.1941,15,0,0,0,0,2,2,2
1176,39.2275,15,0,0,0,0,2,2,2
1177,39.2609,15,0,0,0,0,2,2,2
1178,39.2942,15,0,0,0,0,2,2,2
1179,39.3276,15,0,0,0,0,2,2,2
1180,39.3609,15,0,0,0,0,2,2,2
1181,39.3943,15,0,0,0,0,2,2,2
1182,39.4276,15,0,0,0,0,2,2,2
1183,39.461,15,0,0,0,0,2,2,2
1184,39.4943,15,0,0,0,0,2,2,2
1185,39.5277,15,0,0,0,0,2,2,2
1186,39.561,15,0,0,0,0,2,2,2
1187,39.5944,15,0,0,0,0,2,2,2
1188,39.6277,15,0,0,0,0,2,2,2
1189,39.6611,15,0,0,0,0,2,2,2
1190,39.6945,15,0,0,0,0,2,2,2
1191,39.7278,15,0,0,0,0,2,2,2
1192,39.7612,15,0,0,0,0,2,2,2
1193,39.7945,15,0,0,0,0,2,2,2
1194,39.8279,15,0,0,0,0,2,2,2
1195,39.8612,15,0,0,0,0,2,2,2
1196,39.8946,15,0,0,0,0,2,2,2
1197,39.9279,15,0,0,0,0,2,2,2
1198,39.9613,15,0,0,0,0,2,2,2
1199,39.9946,15,0,0,0,0,2,2,2
1200,40.028,15,0,0,0,0,2,1,1
1201,40.0614,15,0,0,0,0,1,1,1
1202,40.0947,15,0,0,0,0,1,1,1
1203,40.1281,15,0,0,0,0,1,1,1
1204,40.1614,15,0,0,0,0,1,1,1
1205,40.1948,15,0,0,0,0,1,1,1
1206,40.2281,15,0,0,0,0,1,1,1
1207,40.2615,15,0,0,0,0,1,1,1
1208,40.2948,15,0,0,0,0,1,1,1
1209,40.3282,15,0,0,0,0,1,1,1
1210,40.3615,15,0,0,0,0,1,1,1
1211,40.3949,15,0,0,0,0,1,1,1
1212,40.4282,15,0,0,0,0,1,1,1
1213,40.4616,15,0,0,0,0,1,1,1
1214,40.495,15,0,0,0,0,1,1,1
1215,40.5283,15,0,0,0,0,1,1,1
1216,40.5617,15,0,0,0,0,1,1,1
1217,40.595,15,0,0,0,0,1,1,1
1218,40.6284,15,0,0,0,0,1,1,1
1219,40.6617,127,0,0,0,0,0,0,0
1220,40.6951,127,0,0,0,0,0,0,0
1221,40.7284,95,0,0,0,0,0,1,0
1222,40.7618,95,0,0,0,0,0,1,0
1223,40.7951,95,0,0,0,0,0,1,0
1224,40.8285,95,0,0,0,0,0,1,0
1225,40.8619,95,0,0,0,0,0,1,0
1226,40.8952,95,0,0,0,0,0,1,0
1227,40.9286,95,0,0,0,0,0,1,0
1228,40.9619,95,0,0,0,0,0,1,0
1229,40.9953,95,0,0,0,0,0,1,0
1230,41.0286,95,0,0,0,0,0,1,0
1231,41.062,95,0,0,0,0,0,1,0
1232,41.0953,95,0,0,0,0,0,1,0
1233,41.1287,95,0,0,0,0,0,1,0
1234,41.162,95,0,0,0,0,0,1,0
1235,41.1954,95,0,0,0,0,0,1,0
1236,41.2287,95,0,0,0,0,0,1,0
1237,41.2621,95,0,0,0,0,0,1,0
1238,41.2955,95,0,0,0,0,0,1,0
1239,41.3288,95,0,0,0,0,0,1,0
1240,41.3622,95,0,0,0,0,0,1,0
1241,41.3955,95,0,0,0,0,0,1,0
1242,41.4289,95,0,0,0,0,0,1,0
1243,41.4622,95,0,0,0,0,0,1,0
1244,41.4956,95,0,0,0,0,0,1,0
1245,41.5289,95,0,0,0,0,0,1,0
1246,41.5623,95,0,0,0,0,0,1,0
1247,41.5956,95,0,0,0,0,0,1,0
1248,41.629,95,0,0,0,0,0,1,0
1249,41.6623,95,0,0,0,0,0,1,0
1250,41.6957,95,0,0,0,0,0,1,0
1251,41.729,95,0,0,0,0,0,1,0
1252,41.7624,95,0,0,0,0,0,1,0
1253,41.7958,95,0,0,0,0,0,1,0
1254,41.8291,95,0,0,0,0,0,1,0
1255,41.8625,95,0,0,0,0,0,1,0
1256,41.8958,95,0,0,0,0,0,1,0
1257,41.9292,95,0,0,0,0,0,1,0
1258,41.9625,95,0,0,0,0,0,1,0
1259,41.9959,95,0,0,0,0,0,1,0
1260,42.0292,95,0,0,0,0,0,1,0
1261,42.0626,95,0,0,0,0,0,1,0
1262,42.096,95,0,0,0,0,0,1,0
1263,42.1293,95,0,0,0,0,0,1,0
1264,42.1627,95,0,0,0,0,0,1,0
1265,42.196,95,0,0,0,0,0,1,0
1266,42.2294,95,0,0,0,0,0,1,0
1267,42.2627,95,0,0,0,0,0,1,0
1268,42.2961,95,0,0,0,0,0,1,0
1269,42.3294,95,0,0,0,0,0,1,0
1270,42.3628,95,0,0,0,0,0,1,0
1271,42.3961,95,0,0,0,0,0,1,0
1272,42.4295,95,0,0,0,0,0,1,0
1273,42.4629,95,0,0,0,0,0,1,0
1274,42.4962,95,0,0,0,0,0,1,0
1275,42.5296,95,0,0,0,0,0,1,0
1276,42.5629,95,0,0,0,0,0,1,0
1277,42.5963,95,0,0,0,0,0,1,0
1278,42.6296,95,0,0,0,0,0,1,0
1279,42.663,95,0,0,0,0,0,1,0
1280,42.6963,95,0,0,0,0,0,1,0
1281,42.7297,95,0,0,0,0,0,1,0
1282,42.7631,95,0,0,0,0,0,1,0
1283,42.7964,95,0,0,0,0,0,1,0
1284,42.8298,95,0,0,0,0,0,1,0
1285,42.8632,95,0,0,0,0,0,1,0
1286,42.8966,95,0,0,0,0,0,1,0
1287,42.9299,95,0,0,0,0,0,1,0
1288,42.9633,95,0,0,0,0,0,1,0
1289,42.9967,95,0,0,0,0,0,1,0
1290,43.0301,95,0,0,0,0,0,1,0
1291,43.0634,95,0,0,0,0,0,1,0
1292,43.0968,95,0,0,0,0,0,1,0
1293,43.1302,95,0,0,0,0,0,1,0
1294,43.1635,95,0,0,0,0,0,1,0
1295,43.1969,95,0,0,0,0,0,1,0
1296,43.2303,95,0,0,0,0,0,1,0
1297,43.2637,95,0,0,0,0,0,1,0
1298,43.297,95,0,0,0,0,0,1,0
1299,43.3304,95,0,0,0,0,0,1,0
1300,43.3638,95,0,0,0,0,0,1,0
1301,43.3972,95,0,0,0,0,0,1,0
1302,43.4305,95,0,0,0,0,0,1,0
1303,43.4639,95,0,0,0,0,0,1,0
1304,43.4973,95,0,0,0,0,0,1,0
1305,43.5307,95,0,0,0,0,0,1,0
1306,43.564,95,0,0,0,0,0,1,0
1307,43.5974,95,0,0,0,0,0,1,0
1308,43.6308,95,0,0,0,0,0,1,0
1309,43.6642,95,0,0,0,0,0,1,0
1310,43.6975,95,0,0,0,0,0,1,0
1311,43.7309,95,0,0,0,0,0,1,0
1312,43.7643,95,0,0,0,0,0,1,0
1313,43.7976,95,0,0,0,0,0,1,0
1314,43.831,95,0,0,0,0,0,1,0
1315,43.8643,95,0,0,0,0,0,1,0
1316,43.8977,95,0,0,0,0,0,1,0
1317,43.931,95,0,0,0,0,0,1,0
1318,43.9644,95,0,0,0,0,0,1,0
1319,43.9978,95,0,0,0,0,0,1,0
1320,44.0311,95,0,0,0,0,0,1,0
1321,44.0645,95,0,0,0,0,0,1,0
1322,44.0978,95,0,0,0,0,0,1,0
1323,44.1312,95,0,0,0,0,0,1,0
1324,44.1646,95,0,0,0,0,0,1,0
1325,44.1979,95,0,0,0,0,0,1,0
1326,44.2313,95,0,0,0,0,0,1,0
1327,44.2646,95,0,0,0,0,0,1,0
1328,44.298,95,0,0,0,0,0,1,0
1329,44.3313,95,0,0,0,0,0,1,0
1330,44.3647,95,0,0,0,0,0,1,0
1331,44.3981,95,0,0,0,0,0,1,0
1332,44.4314,95,0,0,0,0,0,1,0
1333,44.4648,95,0,0,0,0,0,1,0
1334,44.4981,95,0,0,0,0,0,1,0
1335,44.5315,95,0,0,0,0,0,1,0
1336,44.5648,95,0,0,0,0,0,1,0
1337,44.5982,95,0,0,0,0,0,1,0
1338,44.6316,95,0,0,0,0,0,1,0
1339,44.6649,95,0,0,0,0,0,1,0
1340,44.6983,95,0,0,0,0,0,1,0
1341,44.7316,95,0,0,0,0,0,1,0
1342,44.765,95,0,0,0,0,0,1,0
1343,44.7983,95,0,0,0,0,0,1,0
1344,44.8317,95,0,0,0,0,0,1,0
1345,44.8651,95,0,0,0,0,0,1,0
1346,44.8984,95,0,0,0,0,0,1,0
1347,44.9318,95,0,0,0,0,0,1,0
1348,44.9651,95,0,0,0,0,0,1,0
1349,44.9985,95,0,0,0,0,0,1,0
1350,45.0318,95,0,0,0,0,0,1,0
1351,45.0652,95,0,0,0,0,0,1,0
1352,45.0986,95,0,0,0,0,0,1,0
1353,45.1319,95,0,0,0,0,0,1,0
1354,45.1653,95,0,0,0,0,0,1,0
1355,45.1986,95,0,0,0,0,0,1,0
1356,45.232,95,0,0,0,0,0,1,0
1357,45.2654,95,0,0,0,0,0,1,0
1358,45.2987,95,0,0,0,0,0,1,0
1359,45.3321,95,0,0,0,0,0,1,0
1360,45.3654,95,0,0,0,0,0,1,0
1361,45.3988,95,0,0,0,0,0,1,0
1362,45.4321,95,0,0,0,0,0,1,0
1363,45.4655,95,0,0,0,0,0,1,0
1364,45.4989,95,0,0,0,0,0,1,0
1365,45.5322,95,0,0,0,0,0,1,0
1366,45.5656,95,0,0,0,0,0,1,0
1367,45.5989,95,0,0,0,0,0,1,0
1368,45.6323,95,0,0,0,0,0,1,0
1369,45.6656,95,0,0,0,0,0,1,0
1370,45.699,95,0,0,0,0,0,1,0
1371,45.7324,95,0,0,0,0,0,1,0
1372,45.7657,95,0,0,0,0,0,1,0
1373,45.7991,95,0,0,0,0,0,1,0
1374,45.8324,95,0,0,0,0,0,1,0
1375,45.8658,95,0,0,0,0,0,1,0
1376,45.8991,95,0,0,0,0,0,1,0
1377,45.9325,95,0,0,0,0,0,1,0
1378,45.9659,95,0,0,0,0,0,1,0
1379,45.9992,95,0,0,0,0,0,1,0
1380,46.0326,95,0,0,0,0,0,1,0
1381,46.0659,95,0,0,0,0,0,1,0
1382,46.0993,95,0,0,0,0,0,1,0
1383,46.1326,95,0,0,0,0,0,1,0
1384,46.166,95,0,0,0,0,0,1,0
1385,46.1994,95,0,0,0,0,0,1,0
1386,46.2327,95,0,0,0,0,0,1,0
1387,46.2661,95,0,0,0,0,0,1,0
1388,46.2994,95,0,0,0,0,0,1,0
1389,46.3328,95,0,0,0,0,0,1,0
1390,46.3661,95,0,0,0,0,0,1,0
1391,46.3995,95,0,0,0,0,0,1,0
1392,46.4329,95,0,0,0,0,0,1,0
1393,46.4662,95,0,0,0,0,0,1,0
1394,46.4996,95,0,0,0,0,0,1,0
1395,46.5329,95,0,0,0,0,0,1,0
1396,46.5663,95,0,0,0,0,0,1,0
1397,46.5997,95,0,0,0,0,0,1,0
1398,46.633,95,0,0,0,0,0,1,0
1399,46.6664,95,0,0,0,0,0,1,0
1400,46.6997,95,0,0,0,0,0,1,0
1401,46.7331,95,0,0,0,0,0,1,0
1402,46.7664,95,0,0,0,0,0,1,0
1403,46.7998,95,0,0,0,0,0,1,0
1404,46.8332,95,0,0,0,0,0,1,0
1405,46.8665,95,0,0,0,0,0,1,0
1406,46.8999,95,0,0,0,0,0,1,0
1407,46.9332,95,0,0,0,0,0,1,0
1408,46.9666,95,0,0,0,0,0,1,0
1409,46.9999,95,0,0,0,0,0,1,0
1410,47.0333,95,0,0,0,0,0,1,0
1411,47.0667,95,0,0,0,0,0,1,0
1412,47.1,95,0,0,0,0,0,1,0
1413,47.1334,95,0,0,0,0,0,1,0
1414,47.1667,95,0,0,0,0,0,1,0
1415,47.2001,95,0,0,0,0,0,1,0
1416,47.2334,95,0,0,0,0,0,1,0
1417,47.2668,95,0,0,0,0,0,1,0
1418,47.3002,95,0,0,0,0,0,1,0
1419,47.3335,95,0,0,0,0,0,1,0
1420,47.3669,95,0,0,0,0,0,1,0
1421,47.4002,95,0,0,0,0,0,1,0
1422,47.4336,95,0,0,0,0,0,1,0
1423,47.4669,95,0,0,0,0,0,1,0
1424,47.5003,95,0,0,0,0,0,1,0
1425,47.5337,95,0,0,0,0,0,1,0
1426,47.567,95,0,0,0,0,0,1,0
1427,47.6004,95,0,0,0,0,0,1,0
1428,47.6337,95,0,0,0,0,0,1,0
1429,47.6671,95,0,0,0,0,0,1,0
1430,47.7004,95,0,0,0,0,0,1,0
1431,47.7338,95,0,0,0,0,0,1,0
1432,47.7672,95,0,0,0,0,0,1,0
1433,47.8005,95,0,0,0,0,0,1,0
1434,47.8339,95,0,0,0,0,0,1,0
1435,47.8672,95,0,0,0,0,0,1,0
1436,47.9006,95,0,0,0,0,0,1,0
1437,47.9339,95,0,0,0,0,0,1,0
1438,47.9673,95,0,0,0,0,0,1,0
1439,48.0007,95,0,0,0,0,0,1,0
1440,48.034,95,0,0,0,0,0,1,0
1441,48.0674,95,0,0,0,0,0,1,0
1442,48.1007,95,0,0,0,0,0,1,0
1443,48.1341,95,0,0,0,0,0,1,0
1444,48.1675,95,0,0,0,0,0,1,0
1445,48.2008,95,0,0,0,0,0,1,0
1446,48.2342,95,0,0,0,0,0,1,0
1447,48.2675,95,0,0,0,0,0,1,0
1448,48.3009,95,0,0,0,0,0,1,0
1449,48.3342,95,0,0,0,0,0,1,0
1450,48.3676,95,0,0,0,0,0,1,0
1451,48.401,95,0,0,0,0,0,1,0
1452,48.4343,95,0,0,0,0,0,1,0
1453,48.4677,95,0,0,0,0,0,1,0
1454,48.501,95,0,0,0,0,0,1,0
1455,48.5344,95,0,0,0,0,0,1,0
1456,48.5677,95,0,0,0,0,0,1,0
1457,48.6011,95,0,0,0,0,0,1,0
1458,48.6345,95,0,0,0,0,0,1,0
1459,48.6678,95,0,0,0,0,0,1,0
1460,48.7012,95,0,0,0,0,0,1,0
1461,48.7345,95,0,0,0,0,0,1,0
1462,48.7679,95,0,0,0,0,0,1,0
1463,48.8012,95,0,0,0,0,0,1,0
1464,48.8346,95,0,0,0,0,0,1,0
1465,48.868,95,0,0,0,0,0,1,0
1466,48.9013,95,0,0,0,0,0,1,0
1467,48.9347,95,0,0,0,0,0,1,0
1468,48.968,95,0,0,0,0,0,1,0
1469,49.0014,95,0,0,0,0,0,1,0
1470,49.0348,95,0,0,0,0,0,1,0
1471,49.0681,95,0,0,0,0,0,1,0
1472,49.1015,95,0,0,0,0,0,1,0
1473,49.1348,95,0,0,0,0,0,1,0
1474,49.1682,95,0,0,0,0,0,1,0
1475,49.2015,95,0,0,0,0,0,1,0
1476,49.2349,95,0,0,0,0,0,1,0
1477,49.2683,95,0,0,0,0,0,1,0
1478,49.3016,95,0,0,0,0,0,1,0
1479,49.335,95,0,0,0,0,0,1,0
1480,49.3683,95,0,0,0,0,0,1,0
1481,49.4017,95,0,0,0,0,0,1,0
1482,49.435,95,0,0,0,0,0,1,0
1483,49.4684,95,0,0,0,0,0,1,0
1484,49.5018,95,0,0,0,0,0,1,0
1485,49.5351,95,0,0,0,0,0,1,0
1486,49.5685,95,0,0,0,0,0,1,0
1487,49.6018,95,0,0,0,0,0,1,0
1488,49.6352,95,0,0,0,0,0,1,0
1489,49.6685,95,0,0,0,0,0,1,0
1490,49.7019,95,0,0,0,0,0,1,0
1491,49.7353,95,0,0,0,0,0,1,0
1492,49.7686,95,0,0,0,0,0,1,0
1493,49.802,95,0,0,0,0,0,1,0
1494,49.8353,95,0,0,0,0,0,1,0
1495,49.8687,95,0,0,0,0,0,1,0
1496,49.902,95,0,0,0,0,0,1,0
1497,49.9354,95,0,0,0,0,0,1,0
